image_id,file,w,h,exif_rotated,exp_score,exp_x1,exp_y1,exp_x2,exp_y2,mfg_score,mfg_x1,mfg_y1,mfg_x2,mfg_y2,t_load,t_yolo
000001,000001.jpg,3024,4032,0,0.5524,1106,2997,1847,3145,0.101,1142,3020,1873,3142,0.1515,0.1227
000002,000002.jpg,3024,4032,0,0.6604,1200,1622,1768,1782,0.0697,1205,1602,1767,1786,0.0943,0.113
000003,000003.jpg,3024,4032,0,0.5637,1217,1629,1688,1744,0.0093,1219,1630,1675,1742,0.0618,0.106
000004,000004.jpg,3024,4032,0,0.7551,867,2546,1663,2779,0.0231,872,2534,1657,2776,0.0498,0.1046
000005,000005.jpg,3024,4032,0,0.6128,1067,1588,1927,1866,0.0287,1070,1591,1917,1863,0.0542,0.1207
000006,000006.jpg,3024,4032,0,0.5784,783,1700,1724,1939,0.0164,778,1700,1718,1950,0.0506,0.105
000007,000007.jpg,4284,5712,1,0.3488,2079,3935,3105,4157,0.6723,2074,3695,3121,3957,0.2657,0.1642
000008,000008.jpg,2285,4723,0,0.6678,661,2552,1605,2871,0.0144,662,2541,1613,2882,0.0626,0.0985
000009,000009.jpg,4284,5712,1,0.7564,1546,2469,2608,2785,0.0233,1539,2460,2592,2794,0.198,0.1458
000010,000010.jpg,3024,4032,0,0.4997,699,2548,1777,2800,0.0124,698,2550,1603,2797,0.0517,0.1054
000011,000011.jpg,3024,4032,0,0.5808,956,2628,1743,2869,0.0175,945,2621,1730,2876,0.056,0.1051
000012,000012.jpg,3024,4032,0,0.7258,1081,2322,1822,2548,0.0135,1091,2319,1819,2553,0.0496,0.1045
000013,000013.jpg,3024,4032,0,0.5349,1188,1826,1966,2054,0.0176,1197,1820,1963,2059,0.0515,0.1054
000014,000014.jpg,3024,4032,0,0.4335,1546,2227,1921,2406,0.0036,1545,2240,1925,2396,0.0753,0.1068
000015,000015.jpg,3024,4032,0,0.7157,1241,2632,1770,2757,0.7324,1247,2509,1757,2639,0.0474,0.1038
000016,000016.jpg,3024,4032,0,0.7734,1347,1787,1992,1961,0.0241,1363,1802,1988,1971,0.0569,0.1046
000017,000017.jpg,3024,4032,0,0.7891,1113,1382,1665,1567,0.0155,1118,1398,1663,1571,0.0557,0.105
000018,000018.jpg,3024,4032,0,0.7754,1074,2050,1771,2234,0.0238,1077,2049,1770,2233,0.0585,0.1043
000019,000019.jpg,3024,4032,0,0.6764,1002,1558,1724,1745,0.2589,1001,1372,1753,1565,0.0503,0.1044
000020,000020.jpg,3024,4032,0,0.7085,1072,1861,1703,2119,0.0106,1104,1870,1698,2138,0.0573,0.1435
000021,000021.jpg,3024,4032,0,0.6564,1070,2337,1615,2558,0.0081,1077,2340,1624,2561,0.0545,0.104
000022,000022.jpg,3024,4032,0,0.4526,1222,1567,1736,1850,0.0094,1222,1567,1736,1850,0.0777,0.105
000023,000023.jpg,3024,4032,0,0.5498,1389,2099,1899,2336,0.0116,0,3357,479,3488,0.0518,0.1048
000024,000024.jpg,3024,4032,0,0.07,588,1707,1699,1968,0.0149,2591,2874,2780,2966,0.049,0.1104
000025,000025.jpg,3024,4032,0,0.6412,746,1453,1873,1777,0.0205,1496,0,2187,94,0.051,0.1045
000026,000026.jpg,3024,4032,0,0.6437,1183,1949,2001,2171,0.0277,1183,1949,2001,2171,0.0632,0.1092
000027,000027.jpg,3024,4032,0,0.1965,1044,1981,2040,2175,0.2199,1027,1865,2033,2041,0.0536,0.1042
000028,000028.jpg,3024,4032,0,0.2926,649,1230,1835,1536,0.0121,649,1230,1835,1536,0.0668,0.1075
000029,000029.jpg,3024,4032,0,0.5539,660,2509,1649,2752,0.0171,663,2508,1657,2760,0.0519,0.1048
000030,000030.jpg,3024,4032,0,0.6033,1002,1634,1744,1859,0.0174,1008,1626,1741,1863,0.0624,0.1078
000031,000031.jpg,3024,4032,0,0.3955,532,1959,1659,2192,0.1482,489,1958,1697,2208,0.0505,0.1049
000032,000032.jpg,3024,4032,0,0.2911,567,1890,1672,2106,0.0815,612,1919,1662,2115,0.0448,0.1132
000033,000033.jpg,3024,4032,0,0.7258,821,2254,1457,2499,0.0152,821,2254,1457,2499,0.0667,0.1051
000034,000034.jpg,3024,4032,0,0.5407,765,2238,1437,2474,0.0249,765,2238,1437,2474,0.0495,0.1092
000035,000035.jpg,3024,4032,0,0.4091,617,1805,1736,2028,0.2062,624,1806,1756,2029,0.0471,0.104
000036,000036.jpg,3024,4032,0,0.5308,823,2105,1562,2291,0.1205,823,2105,1562,2291,0.0526,0.1045
000037,000037.jpg,3024,4032,0,0.617,652,2165,1542,2421,0.0973,647,2168,1548,2423,0.049,0.11
000038,000038.jpg,3024,4032,0,0.45,636,2141,1947,2460,0.0069,636,2141,1947,2460,0.0552,0.1153
000039,000039.jpg,3024,4032,0,0.6441,765,1967,1878,2238,0.0318,764,1995,1862,2241,0.0409,0.1084
000040,000040.jpg,3024,4032,0,0.6733,1039,2046,1956,2279,0.1334,1025,2048,1952,2281,0.0461,0.104
000041,000041.jpg,3024,4032,0,0.724,817,2004,1644,2203,0.0506,841,2015,1645,2204,0.0716,0.1048
000042,000042.jpg,3024,4032,0,0.5454,1150,2342,2140,2682,0.0231,1150,2342,2140,2682,0.0519,0.1123
000043,000043.jpg,3024,4032,0,0.5062,912,1947,1736,2332,0.0154,912,1947,1736,2332,0.0582,0.1102
000044,000044.jpg,3024,4032,0,0.6699,735,1134,1397,1409,0.0092,735,1134,1397,1409,0.0515,0.1196
000045,000045.jpg,3024,4032,0,0.6004,1007,2126,1742,2361,0.0113,1010,2119,1736,2367,0.0767,0.1114
000046,000046.jpg,3024,4032,0,0.6472,1056,2800,1732,3041,0.0105,1047,2802,1729,3044,0.0584,0.111
000047,000047.png,1179,2556,0,0.6372,367,1802,769,1942,0.0167,367,1802,769,1942,0.1943,0.0698
000048,000048.jpg,3024,4032,0,0.6927,516,2697,1198,2934,0.014,516,2697,1198,2934,0.0554,0.1041
000049,000049.jpg,3024,4032,0,0.5245,976,2735,1878,2954,0.7563,988,2547,1733,2744,0.0526,0.1053
000050,000050.jpg,3024,4032,0,0.4045,987,1800,1936,2047,0.0196,956,1776,1949,2060,0.0619,0.1043
000051,000051.jpg,3024,4032,0,0.6721,1476,793,2526,1030,0.0374,1363,2731,2441,2981,0.0474,0.1077
000052,000052.png,1179,2556,0,0.8253,521,1500,996,1624,0.2195,611,1418,822,1515,0.1828,0.0706
000053,000053.png,1179,2556,0,0.6882,249,1353,777,1519,0.0171,257,1339,778,1530,0.1589,0.0704
000054,000054.jpg,3024,4032,1,0.6042,948,2492,1710,2773,0.0124,953,2495,1710,2775,0.0896,0.1083
000055,000055.jpg,4284,5712,1,0.7029,1904,3648,2959,3926,0.0261,1893,3649,2967,3930,0.243,0.1665
000056,000056.jpg,3024,4032,1,0.7499,1295,2474,1996,2652,0.6934,1295,2308,1994,2492,0.0841,0.1056
000057,000057.jpg,4284,5712,1,0.6893,1662,3249,2773,3603,0.0187,1668,3216,2769,3615,0.1881,0.1445
000058,000058.jpg,4284,5712,1,0.6118,1983,4177,2856,4444,0.0469,1952,4164,2855,4446,0.1963,0.1515
000059,000059.jpg,3024,4032,1,0.5184,891,2098,1965,2390,0.0246,898,2102,1970,2393,0.0827,0.1092
000060,000060.jpg,3024,4032,1,0.7358,1119,1477,1835,1620,0.0214,1102,1459,1830,1638,0.0799,0.1055
000061,000061.jpg,3024,4032,1,0.4968,518,2514,1270,2745,0.6929,533,2257,1314,2538,0.0823,0.1052
000062,000062.jpg,3024,4032,1,0.7989,1154,2755,1884,3082,0.0143,1152,2749,1883,3082,0.0779,0.1185
000063,000063.jpg,3024,4032,1,0.5349,1076,2838,2124,3201,0.2917,1319,2488,2078,2865,0.0772,0.1134
000064,000064.jpg,3024,4032,1,0.4211,1008,2199,2093,2474,0.0141,1015,2200,1952,2474,0.0847,0.1061
000065,000065.jpg,4284,5712,1,0.7735,1945,2995,2808,3304,0.0191,1940,3003,2804,3284,0.2258,0.1451
000066,000066.jpg,4284,5712,1,0.6887,1418,2123,2098,2433,0.0081,1414,2106,2101,2433,0.17,0.1484
000067,000067.jpg,4284,5712,1,0.74,1372,2330,2648,2668,0.2849,1790,1983,2700,2359,0.1782,0.1477
000068,000068.jpg,4284,5712,1,0.7061,1298,2932,2593,3257,0.5606,1694,2556,2635,2930,0.1803,0.1462
000069,000069.jpg,4284,5712,1,0.5927,1363,2728,2428,3052,0.361,1709,2408,2474,2728,0.1729,0.1474
000070,000070.jpg,3024,4032,0,0.7291,1109,2579,1750,2829,0.0089,1107,2586,1759,2826,0.0513,0.1358
000071,000071.jpg,3024,4032,0,0.6741,1144,2611,1909,2798,0.6496,1156,2453,1906,2633,0.0624,0.1545
000072,000072.jpg,3024,4032,0,0.5976,1021,3249,2025,3461,0.0361,1028,3241,2019,3476,0.0519,0.1558
000073,000073.jpg,3024,4032,0,0.4553,802,1938,1645,2266,0.0166,802,1938,1645,2266,0.0578,0.1602
000074,000074.jpg,3024,4032,0,0.145,1087,2369,1814,2646,0.0035,1097,2375,1835,2653,0.0563,0.1447
000075,000075.jpg,3024,4032,0,0.5317,1241,2480,2331,2751,0.0555,1244,2495,2354,2758,0.0671,0.1045
000076,000076.jpg,3024,4032,0,0.5283,849,2064,1606,2360,0.0197,847,2061,1592,2372,0.0597,0.1057
000077,000077.jpg,3024,4032,0,0.5,800,2730,1690,2976,0.0181,801,2726,1695,2978,0.0499,0.1051
000078,000078.jpg,3024,4032,0,0.6493,847,2753,1711,2998,0.0263,852,2714,1721,3013,0.0655,0.1144
000079,000079.jpg,3024,4032,0,0.7119,821,2254,1983,2564,0.0132,814,2247,1976,2544,0.0625,0.1058
000080,000080.jpg,3024,4032,0,0.6078,993,2998,2132,3244,0.6776,996,2795,2115,3013,0.0651,0.1043
000081,000081.jpg,3024,4032,0,0.684,886,2450,1714,2681,0.7624,884,2240,1684,2463,0.0494,0.1048
000082,000082.jpg,3024,4032,0,0.5772,726,2958,1881,3268,0.5411,721,2666,1867,2986,0.0522,0.1041
000083,000083.jpg,3024,4032,0,0.4268,675,2561,1641,2820,0.0547,676,2560,1660,2822,0.0491,0.1043
000084,000084.jpg,3024,4032,0,0.3344,884,2481,1823,2744,0.5692,858,2252,1792,2496,0.0518,0.1046
000085,000085.jpg,3024,4032,0,0.3898,1046,2162,1613,2457,0.0081,1058,2159,1595,2442,0.072,0.107
000086,000086.jpg,3024,4032,0,0.3841,847,2639,1870,2909,0.5849,851,2410,1867,2657,0.0561,0.1051
000087,000087.jpg,3024,4032,0,0.5266,449,2651,1708,2920,0.0111,421,2163,1469,2465,0.0493,0.1047
000088,000088.jpg,3024,4032,0,0.7474,744,2279,1662,2523,0.8535,750,2067,1671,2297,0.0589,0.1071
000089,000089.jpg,3024,4032,0,0.4972,877,1929,1793,2089,0.0885,1179,663,1537,805,0.0455,0.1133
000090,000090.jpg,3024,4032,0,0.3516,795,2048,1687,2315,0.3291,773,2043,1650,2302,0.0537,0.1148
000091,000091.jpg,3024,4032,0,0.4577,253,2807,1503,3138,0.0116,245,2790,1499,3176,0.0619,0.1124
000092,000092.jpg,3024,4032,0,0.7293,439,2650,1665,2975,0.0149,427,2647,1672,2978,0.0553,0.1305
000093,000093.jpg,3024,4032,0,0.7212,946,1424,1743,1688,0.0528,946,1398,1740,1693,0.1074,0.1244
000094,000094.jpg,3024,4032,0,0.5535,1079,2062,1706,2351,0.544,1047,1530,1977,1788,0.0555,0.1113
000095,000095.jpg,3024,4032,0,0.6069,1144,2154,1856,2443,0.0163,1144,2154,1856,2443,0.0512,0.1051
000096,000096.jpg,3024,4032,0,0.7184,958,1798,1606,2047,0.0117,958,1798,1606,2047,0.0512,0.1044
000097,000097.jpg,3024,4032,0,0.6064,701,2850,1564,3154,0.0091,701,2850,1564,3154,0.0661,0.1147
000098,000098.jpg,3024,4032,0,0.5858,1151,2638,1900,2886,0.0193,1151,2638,1900,2886,0.054,0.1042
000099,000099.jpg,3024,4032,0,0.5376,1151,2538,2115,2883,0.0081,1154,2540,2117,2885,0.0627,0.1051
000100,000100.jpg,3024,4032,0,0.6302,910,2750,1822,2991,0.0742,923,2748,1847,2992,0.0569,0.1062
000101,000101.jpg,3024,4032,1,0.6054,190,2021,914,2206,0.0115,204,2028,950,2217,0.1283,0.1048
000102,000102.jpg,3024,4032,1,0.7719,1097,1794,1650,1999,0.009,1097,1798,1659,2011,0.097,0.1047
000103,000103.jpg,3024,4032,1,0.1658,866,1846,1661,2093,0.005,866,1846,1661,2093,0.0981,0.1051
000104,000104.jpg,3024,4032,1,0.4387,1060,2511,1932,2700,0.0291,1060,2511,1932,2700,0.1241,0.1064
000105,000105.jpg,3024,4032,0,0.8306,984,725,1417,864,0.0181,982,713,1427,887,0.0827,0.1086
000106,000106.jpg,3024,4032,1,0.5294,1121,2233,2027,2571,0.0071,1121,2233,2027,2571,0.0935,0.1051
000107,000107.jpg,3024,4032,1,0.5286,976,1921,1844,2188,0.0209,976,1921,1844,2188,0.0997,0.1082
000108,000108.jpg,3024,4032,1,0.5671,1165,1430,1856,1648,0.0124,1165,1430,1856,1648,0.1141,0.1049
000109,000109.jpg,3024,4032,1,0.6552,1111,2020,1720,2177,0.0168,1103,2021,1712,2194,0.0977,0.1072
000110,000110.jpg,3024,4032,1,0.6523,972,1442,1698,1757,0.0093,979,1441,1695,1762,0.0989,0.1053
000111,000111.jpg,3024,4032,1,0.3375,948,1534,1876,1808,0.0161,946,1533,1838,1794,0.1123,0.1051
000112,000112.jpg,3024,4032,1,0.6935,1159,1414,1817,1744,0.0083,1159,1414,1817,1744,0.0996,0.111
000113,000113.jpg,3024,4032,1,0.6843,941,1214,1668,1468,0.0243,935,1207,1667,1468,0.1193,0.1051
000114,000114.jpg,4032,3024,0,0.5569,1222,1229,1734,1421,0.0113,1228,1234,1732,1398,0.0948,0.1057
000115,000115.jpg,3024,4032,1,0.5001,1117,1812,1881,2173,0.0091,1123,1798,1875,2165,0.0953,0.1046
000116,000116.jpg,3024,4032,1,0.6767,1081,1739,1882,1992,0.0151,1081,1739,1882,1992,0.1031,0.1052
000117,000117.jpg,3024,4032,1,0.8492,1249,1457,1778,1648,0.0229,1236,1441,1763,1655,0.0914,0.1058
000118,000118.jpg,3024,4032,1,0.5374,302,719,695,831,0.0256,1229,1709,1854,1924,0.0857,0.105
000119,000119.jpg,3024,4032,1,0.7452,1233,1634,1836,1815,0.022,1236,1652,1825,1809,0.1143,0.1054
000120,000120.jpg,3024,4032,1,0.6671,1136,1675,1724,1858,0.0154,1134,1684,1745,1860,0.0968,0.105
000121,000121.jpg,3024,4032,1,0.607,952,2344,2034,2591,0.0455,954,2331,2029,2590,0.1036,0.1053
000122,000122.jpg,4032,3024,0,0.4853,1703,2107,2829,2338,0.0173,1699,2111,2817,2346,0.1059,0.1048
000123,000123.jpg,3024,4032,1,0.5767,662,2763,1493,3039,0.011,662,2763,1493,3039,0.1043,0.105
000124,000124.jpg,3024,4032,1,0.8033,984,2151,1669,2342,0.0148,985,2149,1672,2343,0.0962,0.1052
000125,000125.jpg,3024,4032,1,0.4436,917,1839,1653,2098,0.0064,917,1839,1653,2098,0.1125,0.1052
000126,000126.jpg,3024,4032,1,0.6402,740,1440,1482,1682,0.0202,731,1437,1482,1680,0.0873,0.1105
000127,000127.jpg,3024,4032,1,0.0955,1693,3340,2331,3643,0.0047,1768,3119,2359,3359,0.0913,0.1177
000128,000128.jpg,3024,4032,1,0.6222,1206,1797,1722,2001,0.0088,1202,1804,1730,2002,0.1087,0.1048
000129,000129.jpg,3024,4032,1,0.0169,1215,2213,1762,2379,0.0347,1224,2211,1768,2330,0.0885,0.1066
000130,000130.jpg,3024,4032,1,0.6492,1145,2225,1806,2387,0.1051,1131,2229,1850,2405,0.1087,0.108
000131,000131.jpg,3024,4032,1,0.7938,1331,1998,1775,2117,0.018,1334,1998,1774,2111,0.0927,0.1047
000132,000132.jpg,3024,4032,1,0.7009,777,1943,1559,2149,0.0201,787,1933,1558,2153,0.1023,0.1044
000133,000133.jpg,3024,4032,1,0.2796,1164,2108,1781,2332,0.0067,1164,2108,1781,2332,0.1011,0.1052
000134,000134.jpg,3024,4032,1,0.6963,845,1843,1740,2047,0.0277,846,1834,1756,2050,0.0932,0.1044
000135,000135.jpg,3024,4032,1,0.471,1491,1818,1971,1950,0.0086,1491,1818,1971,1950,0.1223,0.105
000136,000136.jpg,3024,4032,1,0.6966,1204,2049,2144,2295,0.015,1205,2044,2142,2294,0.1033,0.1168
000137,000137.jpg,3024,4032,1,0.6287,1228,2029,1933,2295,0.0766,1222,2033,1941,2282,0.0991,0.1095
000138,000138.jpg,3024,4032,1,0.651,1035,2099,1670,2335,0.0158,1036,2099,1672,2349,0.1021,0.1053
000139,000139.jpg,3024,4032,1,0.6224,1148,1955,1742,2105,0.0576,1148,1943,1717,2118,0.0884,0.1063
000140,000140.jpg,3024,4032,1,0.617,1221,2368,1833,2577,0.0211,1227,2360,1841,2582,0.1103,0.1059
000141,000141.jpg,3024,4032,1,0.6823,552,2108,1296,2355,0.0111,571,2108,1311,2350,0.1049,0.1051
000142,000142.jpg,3024,4032,1,0.4697,1012,1615,1873,1838,0.014,1006,1613,1871,1847,0.1019,0.1073
000143,000143.jpg,3024,4032,1,0.4392,990,2254,1433,2447,0.0098,977,2237,1449,2461,0.1026,0.1166
000144,000144.jpg,3024,4032,1,0.5315,912,2010,1615,2190,0.0129,916,2006,1591,2208,0.1331,0.1166
000145,000145.jpg,3024,4032,1,0.65,943,2018,1682,2245,0.0113,937,2015,1677,2253,0.0978,0.1052
000146,000146.jpg,3024,4032,1,0.5922,1111,1794,1739,1997,0.0155,1111,1794,1739,1997,0.1039,0.1042
000147,000147.jpg,3024,4032,1,0.7796,1025,2188,1599,2404,0.0071,1015,2199,1594,2412,0.1044,0.1566
000148,000148.jpg,3024,4032,1,0.8435,1414,1939,1895,2093,0.1699,1417,1940,1887,2093,0.118,0.1664
000149,000149.jpg,3024,4032,1,0.6833,1070,2265,1685,2483,0.0135,1067,2261,1680,2484,0.1407,0.1743
000150,000150.jpg,3024,4032,1,0.732,1066,2039,1853,2274,0.0317,1057,2031,1843,2280,0.1635,0.1214
000151,000151.jpg,3024,4032,1,0.6416,770,1576,1656,1807,0.0179,770,1576,1656,1807,0.1218,0.1058
000152,000152.jpg,3024,4032,1,0.5648,959,1350,1937,1679,0.0158,963,1342,1871,1674,0.0929,0.1074
000153,000153.jpg,3024,4032,1,0.6369,1086,2235,1706,2390,0.015,671,1778,1752,2196,0.0966,0.1072
000154,000154.jpg,3024,4032,1,0.6409,942,1796,1770,2032,0.0179,942,1796,1770,2032,0.0985,0.1128
000155,000155.jpg,3024,4032,1,0.7601,992,1991,1447,2152,0.01,985,1983,1459,2178,0.0888,0.1374
000156,000156.jpg,3024,4032,1,0.5554,897,1809,1649,1992,0.0234,897,1809,1649,1992,0.1229,0.1085
000157,000157.jpg,3024,4032,1,0.2117,1168,1562,1737,1729,0.0108,1192,1532,1667,1626,0.1047,0.1052
000158,000158.jpg,3024,4032,1,0.5826,1224,1834,1965,2043,0.0113,1184,1815,1963,2059,0.1014,0.1163
000159,000159.jpg,3024,4032,1,0.5015,1143,2531,1697,2688,0.0073,1112,2536,1684,2684,0.1044,0.105
000160,000160.jpg,3024,4032,1,0.5251,1290,2221,1753,2379,0.1335,1294,2105,1762,2236,0.1,0.1084
000161,000161.jpg,3024,4032,1,0.4151,1190,2041,1815,2267,0.0112,1190,2041,1816,2262,0.1177,0.1049
000162,000162.jpg,3024,4032,1,0.7458,968,2299,1721,2544,0.0142,972,2298,1720,2549,0.089,0.105
000163,000163.jpg,3024,4032,1,0.6467,1055,1618,2084,1846,0.0178,1046,1615,2131,1851,0.108,0.108
000164,000164.jpg,3024,4032,1,0.7182,1034,1850,1855,2119,0.0164,1024,1850,1859,2116,0.0987,0.107
000165,000165.jpg,3024,4032,1,0.4857,1137,2175,1779,2506,0.0071,1133,2163,1802,2526,0.0933,0.1047
000166,000166.jpg,3024,4032,1,0.3625,1203,1898,1827,2332,0.0148,1069,1904,1818,2370,0.1225,0.1061
000167,000167.jpg,3024,4032,1,0.6801,1185,1922,1893,2171,0.0166,1168,1936,1894,2178,0.1023,0.1077
000168,000168.jpg,3024,4032,1,0.6768,764,1865,1382,2074,0.0122,751,1869,1374,2083,0.0933,0.105
000169,000169.jpg,3024,4032,1,0.7013,992,1731,1758,1981,0.0254,993,1708,1756,1979,0.101,0.1041
000170,000170.jpg,3024,4032,1,0.6894,847,2007,1765,2365,0.0285,854,1955,1779,2385,0.099,0.1049
000171,000171.jpg,3024,4032,1,0.782,1001,2370,1700,2547,0.6833,1022,2222,1699,2371,0.091,0.105
000172,000172.jpg,3024,4032,1,0.7724,1216,1883,1784,2043,0.8273,1220,1755,1778,1893,0.0954,0.1045
000173,000173.jpg,3024,4032,1,0.372,1202,2391,1882,2655,0.0068,1174,2397,1879,2660,0.0935,0.1061
000174,000174.jpg,3024,4032,1,0.5109,1045,1932,1874,2168,0.7674,1043,1721,1771,1934,0.0912,0.1052
000175,000175.jpg,3024,4032,1,0.7103,898,2253,1645,2466,0.8461,871,2048,1595,2258,0.1135,0.105
000176,000176.jpg,3024,4032,1,0.6695,800,2203,1623,2413,0.308,799,1974,1592,2192,0.0892,0.1052
000177,000177.jpg,3024,4032,1,0.5297,933,2447,1843,2658,0.799,948,2248,1824,2467,0.0953,0.1054
000178,000178.jpg,3024,4032,1,0.6479,1027,2011,1827,2268,0.0332,1004,1849,1816,2056,0.0953,0.1048
000179,000179.jpg,3024,4032,1,0.3492,1100,2175,1781,2484,0.5083,1059,1961,1730,2272,0.0983,0.1064
000180,000180.jpg,3024,4032,1,0.7376,1076,2156,1842,2362,0.146,1083,1977,1792,2174,0.0871,0.1045
000181,000181.jpg,3024,4032,1,0.3334,1011,2422,1924,2740,0.6077,958,2142,1851,2464,0.1049,0.1049
000182,000182.jpg,3024,4032,1,0.5896,745,2120,1597,2367,0.0269,750,2109,1587,2366,0.1042,0.1131
000183,000183.jpg,3024,4032,1,0.3891,1406,2188,1910,2350,0.5525,1403,2018,1896,2202,0.0993,0.112
000184,000184.jpg,3024,4032,1,0.6201,1130,2075,1829,2315,0.0134,1130,2075,1829,2315,0.0933,0.106
000185,000185.jpg,3024,4032,1,0.2987,1333,2082,1878,2301,0.0077,1333,2082,1878,2301,0.1531,0.1103
000186,000186.jpg,3024,4032,1,0.2918,1070,1757,1813,1978,0.4183,1077,1743,1851,1973,0.1205,0.1049
000187,000187.jpg,3024,4032,1,0.3439,1184,1689,1553,1846,0.1481,1170,1682,1734,1863,0.1067,0.1117
000188,000188.jpg,3024,4032,0,0.4452,1242,1943,1975,2218,0.0696,1242,1943,1975,2218,0.0937,0.1052
000189,000189.jpg,3024,4032,1,0.6967,1120,2022,1756,2197,0.0107,1121,2025,1765,2216,0.0984,0.1045
000190,000190.jpg,3024,4032,1,0.3333,1099,1696,1757,1904,0.0147,996,3848,2090,4029,0.1055,0.1051
000191,000191.jpg,3024,4032,1,0.5395,1004,2140,1952,2357,0.0284,1011,2123,1958,2366,0.1051,0.1068
000192,000192.jpg,3024,4032,1,0.5565,921,1746,1697,1907,0.0286,926,1735,1868,1917,0.1148,0.1069
000193,000193.jpg,3024,4032,1,0.083,973,2140,1621,2674,0.0043,1111,2076,1699,2591,0.0979,0.1052
000194,000194.jpg,3024,4032,1,0.7199,1261,1775,1902,2017,0.0129,1261,1775,1902,2017,0.098,0.1056
000195,000195.jpg,3024,4032,1,0.7398,1029,2042,1705,2260,0.0167,1015,2030,1711,2271,0.0975,0.1047
000196,000196.jpg,3024,4032,1,0.6956,960,2308,1732,2503,0.0175,947,2273,1736,2508,0.0923,0.1067
000197,000197.jpg,3024,4032,1,0.5304,704,2126,1707,2347,0.0194,705,2122,1696,2360,0.0819,0.1081
000198,000198.jpg,3024,4032,1,0.5576,876,2065,1879,2342,0.0138,876,2056,1898,2328,0.1076,0.1054
000199,000199.jpg,3024,4032,1,0.6216,1106,2166,1938,2510,0.0211,1104,2152,1940,2533,0.0982,0.1056
000200,000200.jpg,3024,4032,1,0.1868,930,2030,2007,2202,0.0733,930,2030,2007,2202,0.0885,0.105
000201,000201.jpg,3024,4032,1,0.4483,860,1942,1925,2136,0.1247,859,1936,1916,2139,0.1115,0.1055
000202,000202.jpg,3024,4032,1,0.6109,1176,2049,1923,2211,0.1162,1184,2038,1919,2222,0.0911,0.1053
000203,000203.jpg,3024,4032,1,0.4236,863,2239,1964,2451,0.1016,881,2233,1925,2449,0.0902,0.1047
000204,000204.jpg,3024,4032,1,0.3613,1148,1931,1802,2175,0.0272,1148,1931,1802,2175,0.1021,0.1049
000205,000205.jpg,3024,4032,1,0.6213,1024,1747,1661,1985,0.011,1024,1747,1661,1985,0.0996,0.1062
000206,000206.jpg,3024,4032,1,0.7184,730,2320,1422,2550,0.0243,732,2336,1417,2527,0.0943,0.1048
000207,000207.jpg,3024,4032,1,0.3445,775,2120,1958,2351,0.0172,786,2123,1762,2351,0.1069,0.105
000208,000208.jpg,3024,4032,1,0.4622,1095,2342,1843,2569,0.0153,1095,2342,1843,2569,0.1021,0.105
000209,000209.jpg,3024,4032,1,0.5462,850,2201,1868,2414,0.0664,851,2212,1860,2425,0.0956,0.1052
000210,000210.jpg,3024,4032,1,0.051,2144,3958,2645,4031,0.0079,818,1676,1753,1861,0.1057,0.1051
000211,000211.jpg,3024,4032,1,0.3121,749,1807,1615,2218,0.0284,774,1828,1728,2221,0.0924,0.1049
000212,000212.jpg,3024,4032,1,0.2133,987,2112,1838,2287,0.0227,1071,2127,1996,2303,0.099,0.1044
000213,000213.jpg,3024,4032,1,0.5061,834,2325,1941,2600,0.0216,830,2315,1962,2608,0.1097,0.1049
000214,000214.jpg,3024,4032,1,0.013,1114,2037,1975,2361,0.0016,1047,613,2068,805,0.0981,0.1049
000215,000215.jpg,3024,4032,1,0.0134,2585,3325,3024,3587,0.0007,873,0,2115,263,0.0976,0.1049
000216,000216.jpg,3024,4032,1,0.7635,906,2348,1532,2590,0.0119,901,2350,1555,2584,0.1064,0.1126
000217,000217.jpg,3024,4032,1,0.6516,751,2297,1423,2551,0.0157,739,2299,1415,2563,0.1031,0.1264
000218,000218.jpg,3024,4032,1,0.6538,1031,2018,1847,2295,0.0414,1033,2005,1845,2307,0.117,0.1067
000219,000219.jpg,3024,4032,1,0.7614,1138,1903,1731,2061,0.027,1137,1911,1735,2064,0.0978,0.1077
000220,000220.jpg,3024,4032,1,0.7289,1147,1950,1865,2136,0.0163,1155,1956,1859,2130,0.1065,0.1057
000221,000221.jpg,3024,4032,1,0.574,1223,2113,1959,2377,0.0148,1223,2113,1959,2377,0.1032,0.1123
000222,000222.jpg,3024,4032,1,0.5079,1116,2152,2041,2395,0.0083,1116,2152,2041,2395,0.0924,0.1049
000223,000223.jpg,3024,4032,1,0.6272,996,2056,1853,2331,0.0121,996,2056,1853,2331,0.108,0.1049
000224,000224.jpg,3024,4032,1,0.5597,1259,2180,1741,2322,0.0093,1251,2166,1773,2334,0.0998,0.1045
000225,000225.jpg,3024,4032,1,0.5766,1362,1917,1860,2101,0.0092,1361,1908,1877,2110,0.0998,0.105
000226,000226.jpg,3024,4032,1,0.5835,1167,2143,1963,2401,0.0299,1407,3923,2102,4024,0.0954,0.105
000227,000227.jpg,3024,4032,1,0.3604,981,1977,1913,2187,0.0157,981,1977,1913,2187,0.1029,0.1575
000228,000228.jpg,3024,4032,1,0.7655,1149,1828,1940,2055,0.0177,1142,1820,1937,2060,0.0948,0.152
000229,000229.jpg,3024,4032,1,0.0171,1901,3744,2217,3959,0.0006,1901,3744,2217,3959,0.0923,0.1529
000230,000230.jpg,3024,4032,1,0.348,1220,2432,1819,2592,0.0059,1220,2421,1825,2613,0.1004,0.1544
000231,000231.jpg,3024,4032,1,0.1838,1164,2513,1936,2689,0.0106,1184,2334,1936,2507,0.092,0.1082
000232,000232.jpg,3024,4032,1,0.0018,1169,2021,2055,2241,0.0007,1101,2074,1920,2242,0.1229,0.1055
000233,000233.jpg,3024,4032,1,0.0799,1215,2166,1538,2245,0.0254,1210,2094,1551,2176,0.0936,0.1053
000234,000234.jpg,3024,4032,1,0.0219,1426,2095,1937,2272,0.0017,1426,2095,1937,2272,0.0924,0.1048
000235,000235.jpg,3024,4032,0,0.5763,638,1337,1871,1763,0.0199,635,1319,1874,1775,0.0525,0.105
000236,000236.jpg,3024,4032,0,0.3043,742,1946,1641,2169,0.0293,738,1943,1658,2160,0.0558,0.1041
000237,000237.jpg,3024,4032,0,0.4648,341,2232,1403,2424,0.1173,356,2232,1445,2433,0.0585,0.1051
000238,000238.jpg,3024,4032,0,0.0489,1099,1617,2157,2108,0.0031,1127,1603,2259,2162,0.054,0.1038
000239,000239.jpg,3024,4032,0,0.6505,1187,2250,2163,2489,0.0259,1187,2230,2165,2499,0.051,0.1046
000240,000240.jpg,3024,4032,0,0.6794,1206,2410,2144,2644,0.0232,1205,2399,2151,2654,0.0502,0.1144
000241,000241.jpg,3024,4032,0,0.5678,1114,2326,2208,2603,0.0319,1115,2301,2108,2609,0.0736,0.1211
000242,000242.jpg,3024,4032,0,0.5779,1142,2252,1709,2487,0.3879,1150,2065,1718,2289,0.0515,0.1145
000243,000243.jpg,3024,4032,0,0.3676,950,2083,2135,2512,0.0154,937,2060,2135,2506,0.0443,0.1043
000244,000244.jpg,3024,4032,0,0.5463,1158,2270,1930,2536,0.5628,1181,2031,1936,2302,0.0418,0.1063
000245,000245.jpg,3024,4032,0,0.5182,1041,2408,2051,2653,0.5366,1047,2176,2025,2414,0.0551,0.1043
000246,000246.jpg,3024,4032,0,0.5064,1217,2461,1913,2661,0.525,1220,2253,1917,2502,0.0601,0.1048
000247,000247.jpg,3024,4032,0,0.275,1188,1981,1955,2193,0.3193,1188,1981,1955,2193,0.0581,0.1179
000248,000248.jpg,3024,4032,0,0.48,1129,1934,2154,2184,0.0245,1138,1957,2125,2188,0.0559,0.1046
000249,000249.jpg,3024,4032,0,0.4885,933,2639,2097,2875,0.5951,932,2384,2092,2692,0.0495,0.1054
000250,000250.jpg,3024,4032,0,0.8316,1345,2976,2059,3217,0.8937,1333,2747,2060,2987,0.056,0.1121
000251,000251.jpg,3024,4032,0,0.6304,964,2742,1847,3019,0.7586,946,2468,1818,2772,0.0582,0.1203
000252,000252.jpg,3024,4032,0,0.3636,1199,2025,2245,2436,0.0143,1199,2025,2245,2436,0.0641,0.1191
000253,000253.jpg,3024,4032,0,0.5589,1191,2010,2232,2336,0.0784,1187,2088,2175,2330,0.0545,0.119
000254,000254.jpg,3024,4032,0,0.6845,652,2365,1714,2630,0.6023,679,2083,1695,2398,0.0673,0.1296
000255,000255.jpg,3024,4032,0,0.276,1114,1758,2239,2179,0.1657,1082,1764,1677,2004,0.0718,0.1201
000256,000256.jpg,3024,4032,0,0.7258,1000,2447,1730,2682,0.0227,997,2441,1720,2685,0.0527,0.109
000257,000257.jpg,3024,4032,0,0.0146,830,1521,2196,1993,0.0011,914,1507,2193,1996,0.0708,0.1046
000258,000258.jpg,3024,4032,0,0.7465,1339,1837,2148,2042,0.0246,1333,1830,2143,2052,0.0484,0.1046
000259,000259.jpg,3024,4032,0,0.0211,901,1975,1981,2404,0.0011,838,1912,1986,2399,0.0497,0.1047
000260,000260.jpg,4284,5712,0,0.1223,1279,2817,3206,3518,0.0038,1551,2809,3238,3517,0.1322,0.1606
000261,000261.png,1179,2556,0,0.7327,524,1362,780,1443,0.8195,520,1288,770,1362,0.1618,0.0764
000262,000262.jpg,3024,4032,0,0.2337,1744,2143,2140,2271,0.0027,1749,2145,2148,2268,0.0682,0.1048
000263,000263.jpg,3024,4032,0,0.0486,1688,1977,2053,2061,0.0225,1705,1978,2058,2059,0.0613,0.1224
000264,000264.jpg,3024,4032,0,0.5149,803,2749,1320,2934,0.0072,799,2745,1343,2954,0.0539,0.1052
000265,000265.jpg,3024,4032,0,0.6556,1060,2243,1829,2471,0.0201,1051,2240,1825,2477,0.0587,0.1043
000266,000266.jpg,3024,4032,0,0.5855,1530,3150,1974,3371,0.0056,1522,3146,1990,3388,0.0578,0.1045
000267,000267.jpg,3024,4032,0,0.2818,1004,1578,1659,1832,0.0063,1004,1578,1659,1832,0.0584,0.1058
000268,000268.jpg,3024,4032,0,0.6043,1022,2246,1933,2495,0.0179,1031,2243,1918,2498,0.0582,0.1047
000269,000269.jpg,3024,4032,0,0.6741,1676,2210,2443,2397,0.0921,1667,2225,2447,2404,0.062,0.1049
000270,000270.jpg,3024,4032,0,0.7843,1087,3353,1678,3621,0.0083,1087,3353,1678,3621,0.0586,0.1045
000271,000271.jpg,3024,4032,0,0.6942,805,2885,1364,3119,0.0074,801,2883,1369,3130,0.0598,0.1047
000272,000272.jpg,3024,4032,0,0.6297,457,2706,1247,2952,0.015,465,2714,1251,2959,0.0562,0.107
000273,000273.jpg,3024,4032,0,0.7019,1251,2160,1938,2336,0.0137,1259,2156,1952,2338,0.0781,0.1042
000274,000274.jpg,3024,4032,0,0.6298,1400,2851,2072,3067,0.8209,1411,2650,2069,2859,0.0612,0.1047
000275,000275.jpg,3024,4032,0,0.5537,1542,2425,2358,2605,0.0485,1528,2419,2364,2610,0.0578,0.1174
000276,000276.jpg,3024,4032,0,0.4316,1274,2638,1984,2786,0.4423,1264,2480,1964,2655,0.0504,0.1043
000277,000277.jpg,3024,4032,0,0.4444,758,2257,1777,2466,0.3196,752,2077,1885,2284,0.0616,0.1146
000278,000278.jpg,3024,4032,0,0.7298,1148,2060,1780,2253,0.7442,1147,1850,1775,2065,0.0758,0.1214
000279,000279.jpg,3024,4032,0,0.664,1107,2275,1679,2442,0.5909,1127,2096,1688,2286,0.0588,0.12
000280,000280.jpg,3024,4032,0,0.7656,1139,1696,1703,1883,0.0198,1339,1503,1689,1676,0.081,0.1182
000281,000281.jpg,3024,4032,0,0.6023,1151,2322,1819,2543,0.0178,1140,2322,1828,2544,0.0624,0.1116
000282,000282.jpg,3024,4032,0,0.7784,1669,1195,2272,1322,0.0223,1669,1212,2303,1314,0.0608,0.114
000283,000283.jpg,3024,4032,0,0.2791,1326,2130,1731,2383,0.0077,1326,2130,1731,2383,0.0799,0.1048
000284,000284.jpg,3024,4032,0,0.5948,1081,2947,2141,3183,0.0223,1076,2950,2148,3186,0.0631,0.106
000285,000285.jpg,3024,4032,0,0.7258,1136,2540,1803,2755,0.0139,1120,2524,1811,2767,0.0541,0.1045
000286,000286.jpg,3024,4032,0,0.7327,1162,2291,1828,2536,0.0143,1154,2294,1826,2540,0.0571,0.1044
000287,000287.jpg,3024,4032,0,0.6664,935,2952,1843,3194,0.0415,943,2933,1856,3197,0.0577,0.1042
000288,000288.jpg,3024,4032,0,0.231,953,1854,1924,2024,0.0673,952,1892,1377,2015,0.0568,0.1055
000289,000289.jpg,3024,4032,0,0.3245,862,1966,1863,2173,0.1368,839,1986,1804,2183,0.0582,0.1049
000290,000290.jpg,3024,4032,0,0.5182,1125,2342,1892,2607,0.008,1126,2324,1896,2629,0.0634,0.1081
000291,000291.jpg,3024,4032,0,0.7795,1035,2349,1750,2609,0.0137,1035,2349,1750,2609,0.0844,0.1053
000292,000292.jpg,3024,4032,0,0.2575,1149,1736,1740,1897,0.0417,1147,1729,1736,1915,0.0474,0.1143
000293,000293.jpg,3024,4032,0,0.6247,1192,1907,1865,2100,0.0139,1189,1903,1865,2096,0.0544,0.1118
000294,000294.jpg,3024,4032,0,0.6122,841,1927,1644,2131,0.7313,831,1769,1632,1969,0.0602,0.1118
000295,000295.jpg,3024,4032,0,0.4574,1211,1186,2015,1437,0.0177,1211,1186,2015,1437,0.0698,0.1103
000296,000296.jpg,3024,4032,0,0.4701,847,281,1767,612,0.0128,852,252,1785,633,0.0573,0.1166
000297,000297.jpg,3024,4032,0,0.7291,1330,315,2117,617,0.0127,1328,314,2120,613,0.0693,0.1137
000298,000298.jpg,3024,4032,0,0.4165,1364,1148,2305,1475,0.0278,1364,1148,2305,1475,0.0617,0.1183
000299,000299.jpg,3024,4032,0,0.6765,1081,1127,1843,1363,0.0205,1088,1116,1839,1363,0.0768,0.1149
000300,000300.jpg,3024,4032,0,0.6638,959,2330,1889,2579,0.0409,970,2323,1876,2573,0.0614,0.111
000301,000301.jpg,3024,4032,0,0.6523,752,2295,1471,2576,0.0124,756,2298,1471,2577,0.0525,0.1061
000302,000302.jpg,3024,4032,0,0.7199,667,1440,1448,1667,0.0282,660,1437,1435,1673,0.0776,0.1048
000303,000303.jpg,3024,4032,0,0.532,1166,2725,1960,3047,0.0197,1166,2725,1960,3047,0.0607,0.1067
000304,000304.jpg,3024,4032,0,0.7559,845,1653,1609,1882,0.0738,839,1654,1608,1882,0.0573,0.1046
000305,000305.jpg,3024,4032,0,0.4161,1131,1439,2061,1765,0.0124,831,1435,2066,1767,0.0556,0.105
000306,000306.jpg,3024,4032,0,0.7024,1016,1702,1796,1882,0.038,1012,1697,1809,1884,0.0573,0.1156
000307,000307.jpg,3024,4032,0,0.7033,1230,1364,1872,1576,0.012,1219,1362,1885,1578,0.0593,0.12
000308,000308.jpg,3024,4032,0,0.5828,656,1137,1557,1373,0.0273,655,1145,1548,1376,0.0559,0.1239
000309,000309.jpg,3024,4032,0,0.7078,640,2762,1662,2998,0.0604,628,2771,1664,2992,0.0677,0.1269
000310,000310.jpg,3024,4032,0,0.6363,1387,2295,2179,2499,0.0228,1387,2295,2179,2499,0.1099,0.171
000311,000311.jpg,3024,4032,0,0.3636,1334,2668,2229,2897,0.0083,1336,2663,2250,2898,0.0858,0.1678
000312,000312.jpg,3024,4032,0,0.6875,1022,2771,1764,3019,0.0152,1022,2771,1764,3019,0.0808,0.1701
000313,000313.jpg,3024,4032,0,0.3889,753,1341,2079,1576,0.0217,1945,2933,2968,3143,0.0659,0.1688
000314,000314.jpg,3024,4032,0,0.6905,1437,1736,2093,2011,0.0095,1437,1736,2093,2011,0.0984,0.1794
000315,000315.jpg,3024,4032,0,0.5367,1025,2050,1728,2441,0.035,1025,2050,1728,2441,0.0923,0.1182
000316,000316.jpg,3024,4032,0,0.7717,1584,1948,2345,2135,0.0422,1946,3877,2433,3965,0.0633,0.1052
000317,000317.jpg,3024,4032,0,0.3288,1031,2226,1748,2458,0.0223,1040,2231,1741,2452,0.0567,0.105
000318,000318.jpg,3024,4032,0,0.2127,1239,1501,1793,1778,0.0049,1239,1499,1796,1768,0.0637,0.122
000319,000319.jpg,3024,4032,0,0.3935,1266,2038,2137,2257,0.6638,1264,1841,2007,2049,0.0575,0.1046
000320,000320.jpg,3024,4032,0,0.6892,1295,2834,2012,3063,0.8242,1333,2657,1982,2859,0.0516,0.1049
000321,000321.jpg,3024,4032,0,0.6521,540,1616,1458,1894,0.0552,544,1612,1456,1895,0.0671,0.1065
000322,000322.jpg,3024,4032,0,0.6649,636,1604,1468,1870,0.0204,637,1599,1463,1866,0.0561,0.1086
000323,000323.jpg,3024,4032,0,0.754,1272,2954,2056,3183,0.9355,1270,2740,2042,2960,0.0626,0.119
000324,000324.jpg,3024,4032,0,0.6036,1023,2278,1970,2571,0.03,1027,2286,1964,2572,0.0736,0.1246
000325,000325.jpg,3024,4032,0,0.707,903,3154,1656,3458,0.0159,903,3154,1656,3458,0.0674,0.1185
000326,000326.jpg,3024,4032,0,0.6062,810,3124,1602,3364,0.0206,808,3121,1597,3370,0.0687,0.1168
000327,000327.jpg,3024,4032,0,0.2779,1528,1855,2497,2143,0.0078,1517,1849,2299,2149,0.064,0.1058
000328,000328.jpg,3024,4032,0,0.487,952,2142,1503,2358,0.0069,952,2142,1503,2358,0.0511,0.1044
000329,000329.jpg,3024,4032,0,0.4988,855,2223,1558,2484,0.0268,855,2223,1558,2484,0.0766,0.1129
000330,000330.jpg,3024,4032,0,0.6562,1387,1964,2153,2156,0.8462,1380,1796,2153,1985,0.0581,0.106
000331,000331.jpg,3024,4032,0,0.6997,1108,1187,1856,1441,0.0169,1108,1187,1856,1441,0.0653,0.1177
000332,000332.jpg,3024,4032,0,0.6699,1304,1782,2052,2003,0.0169,1304,1782,2052,2003,0.0517,0.1212
000333,000333.jpg,3024,4032,0,0.6382,1620,2111,2336,2370,0.0146,1621,2103,2337,2372,0.0782,0.1266
000334,000334.jpg,3024,4032,0,0.3459,1196,1680,1862,1896,0.046,1192,1688,1860,1906,0.0683,0.1188
000335,000335.jpg,3024,4032,0,0.6773,1219,3108,2071,3376,0.0181,1219,3108,2065,3375,0.0698,0.1129
000336,000336.jpg,3024,4032,0,0.6383,1229,1115,1984,1324,0.0347,1223,1105,1974,1328,0.0574,0.1064
000337,000337.jpg,3024,4032,0,0.6751,892,2738,1816,3024,0.0152,892,2738,1816,3024,0.0636,0.1045
000338,000338.jpg,3024,4032,0,0.6823,826,1714,1668,2001,0.0092,818,1720,1674,2000,0.0524,0.1042
000339,000339.jpg,3024,4032,0,0.7622,986,1598,1715,1791,0.0128,990,1597,1716,1797,0.0488,0.1047
000340,000340.jpg,3024,4032,0,0.7295,1029,1635,1631,1836,0.0187,1017,1627,1621,1827,0.0796,0.1056
000341,000341.jpg,3024,4032,0,0.5971,1113,3167,1870,3481,0.0153,1113,3167,1870,3481,0.051,0.1059
000342,000342.jpg,3024,4032,0,0.563,1211,1918,2106,2184,0.0322,1215,1904,2100,2187,0.0515,0.1047
000343,000343.jpg,3024,4032,0,0.7554,836,2103,1603,2343,0.0164,836,2103,1603,2343,0.0572,0.1045
000344,000344.jpg,3024,4032,0,0.4568,677,1532,1518,1837,0.0113,677,1532,1532,1823,0.0529,0.1042
000345,000345.jpg,3024,4032,0,0.6682,950,1894,1685,2141,0.0202,944,1890,1683,2148,0.0528,0.1049
000346,000346.jpg,3024,4032,0,0.6481,466,2854,1190,3107,0.0111,466,2854,1190,3107,0.0509,0.1052
000347,000347.jpg,3024,4032,0,0.6886,1072,2699,1792,2950,0.0145,1072,2699,1792,2950,0.06,0.1309
000348,000348.jpg,3024,4032,0,0.6774,1226,2413,1870,2628,0.0133,1226,2413,1870,2628,0.1057,0.1181
000349,000349.jpg,3024,4032,0,0.6688,1525,2612,2236,2811,0.0126,1522,2614,2242,2823,0.0589,0.1063
000350,000350.jpg,3024,4032,0,0.4433,1206,2291,1915,2467,0.0325,1207,2283,1906,2466,0.0585,0.1065
000351,000351.jpg,3024,4032,0,0.6191,1464,2547,2005,2679,0.1526,1475,2541,2028,2681,0.0572,0.1051
000352,000352.jpg,3024,4032,0,0.7499,1069,2150,1867,2281,0.041,1120,2130,1896,2298,0.0759,0.1091
000353,000353.jpg,3024,4032,0,0.3715,1073,1790,1869,2092,0.0206,1083,1795,1880,2091,0.0603,0.104
000354,000354.jpg,3024,4032,0,0.7425,1239,2734,2004,2972,0.022,1234,2728,2000,2974,0.0668,0.105
000355,000355.jpg,3024,4032,0,0.412,820,2042,1749,2219,0.0661,848,2035,1755,2219,0.0612,0.1051
000356,000356.jpg,3024,4032,0,0.6581,938,2745,1654,2997,0.0124,938,2745,1654,2997,0.0655,0.1101
000357,000357.jpg,3024,4032,0,0.6723,1023,3050,1769,3304,0.0148,1017,3043,1766,3302,0.0589,0.1053
000358,000358.jpg,3024,4032,0,0.6883,973,2345,1654,2561,0.0148,975,2341,1655,2568,0.0497,0.1043
000359,000359.jpg,3024,4032,0,0.7391,941,1999,1854,2138,0.027,961,1982,1848,2149,0.0668,0.104
000360,000360.jpg,3024,4032,0,0.5119,1496,1497,2277,1672,0.2523,1498,1338,2270,1510,0.0551,0.106
000361,000361.jpg,3024,4032,0,0.6325,1149,1747,2088,1965,0.0483,1143,1770,2110,1943,0.0573,0.1047
000362,000362.jpg,3024,4032,0,0.5772,739,2412,1656,2685,0.0487,742,2412,1656,2683,0.0722,0.1176
000363,000363.jpg,3024,4032,0,0.6068,831,1747,1748,2050,0.016,834,1740,1765,2038,0.0636,0.1233
000364,000364.jpg,3024,4032,0,0.4955,724,2325,1668,2536,0.3906,721,2158,1414,2354,0.0748,0.133
000365,000365.jpg,3024,4032,0,0.609,1272,1561,2080,1758,0.0383,1293,1557,2077,1760,0.0685,0.1186
000366,000366.jpg,3024,4032,0,0.559,1232,1170,2335,1456,0.0157,1241,1161,2274,1449,0.0596,0.1054
000367,000367.jpg,3024,4032,0,0.6202,1267,1471,2149,1682,0.1882,1267,1477,2137,1680,0.0859,0.1102
000368,000368.jpg,3024,4032,0,0.5803,930,1778,1996,2064,0.0213,930,1778,1996,2064,0.0616,0.1076
000369,000369.jpg,3024,4032,0,0.5422,1164,1710,2076,1899,0.2012,1165,1702,2086,1916,0.0601,0.1068
000370,000370.jpg,3024,4032,0,0.1475,803,2780,1265,2904,0.0595,1025,2732,1915,2899,0.0618,0.1042
000371,000371.jpg,3024,4032,0,0.7308,808,1809,1371,2013,0.0084,808,1829,1375,2006,0.0642,0.1067
000372,000372.jpg,3024,4032,0,0.6706,908,2054,1693,2286,0.0137,904,2046,1706,2288,0.0639,0.1077
000373,000373.jpg,3024,4032,0,0.2028,1052,2361,2007,2533,0.0545,1052,2361,2007,2533,0.0694,0.1175
000374,000374.jpg,3024,4032,0,0.5538,1226,1618,2202,1881,0.051,1234,1548,2197,1893,0.0678,0.1177
000375,000375.jpg,3024,4032,0,0.6153,835,1542,1581,1772,0.03,835,1542,1581,1772,0.0687,0.1318
000376,000376.jpg,3024,4032,0,0.5904,950,2041,1965,2310,0.0167,950,2041,1965,2310,0.0622,0.1205
000377,000377.jpg,3024,4032,0,0.5275,1875,2549,2280,2641,0.111,1886,2545,2284,2639,0.0571,0.1165
000378,000378.jpg,3024,4032,0,0.1306,1491,1459,2256,1678,0.1809,1476,1234,2256,1439,0.0717,0.1063
000379,000379.jpg,3024,4032,0,0.6159,421,1734,1196,1943,0.0274,419,1728,1192,1951,0.0551,0.105
000380,000380.jpg,3024,4032,0,0.6186,753,2703,1733,2971,0.0213,757,2701,1745,2975,0.0461,0.1051
000381,000381.jpg,3024,4032,0,0.5917,1194,2243,2025,2476,0.6242,1200,2038,2076,2257,0.0492,0.108
000382,000382.jpg,3060,4080,0,0.5399,1419,1816,2026,1944,0.0242,1399,1806,2027,1947,0.0812,0.1066
000383,000383.jpg,3060,4080,0,0.516,1499,2865,2049,3042,0.0071,1495,2880,2047,3035,0.0869,0.1038
000384,000384.jpg,3060,4080,0,0.3771,1984,2367,2339,2433,0.1858,2187,2303,2398,2372,0.0815,0.1056
000385,000385.jpg,3060,4080,0,0.4228,1267,2300,1798,2442,0.1487,1272,2151,1784,2294,0.0696,0.1037
000386,000386.jpg,3060,4080,0,0.4569,1716,3498,2090,3589,0.2582,1720,3481,2098,3572,0.0972,0.1108
000387,000387.jpg,3060,4080,0,0.565,806,3575,1552,3726,0.0247,817,3569,1564,3747,0.0758,0.1082
000388,000388.jpg,3060,4080,0,0.7454,1104,2749,1583,2870,0.0087,1106,2751,1578,2870,0.0934,0.1054
000389,000389.jpg,3060,4080,0,0.6142,1594,1956,2095,2156,0.006,1580,1947,2097,2168,0.0702,0.1035
000390,000390.jpg,3060,4080,0,0.4286,1084,2520,1626,2719,0.0099,1081,2517,1639,2690,0.0826,0.1036
000391,000391.jpg,3060,4080,0,0.5558,1689,408,2399,628,0.0084,1691,406,2393,640,0.0786,0.1043
000392,000392.jpg,3060,4080,0,0.3632,1636,1962,2090,2048,0.2404,1632,1868,2093,1968,0.0831,0.1033
000393,000393.jpg,3060,4080,0,0.8688,653,1526,1173,1721,0.0036,649,1514,1171,1735,0.0878,0.1609
000394,000394.jpg,3060,4080,0,0.6659,506,3448,1268,3704,0.0103,509,3447,1265,3710,0.0915,0.1675
000395,000395.jpg,3060,4080,0,0.5928,645,1518,1250,1748,0.0113,643,1516,1251,1765,0.1363,0.1678
000396,000396.jpg,3060,4080,0,0.7156,549,3133,1130,3246,0.0228,559,3125,1119,3244,0.1066,0.163
000397,000397.jpg,3060,4080,0,0.6685,1210,2993,1683,3170,0.0071,1207,2993,1685,3185,0.0924,0.1177
000398,000398.jpg,3060,4080,0,0.6039,1811,849,2254,996,0.0043,1814,857,2257,996,0.0747,0.1052
000399,000399.jpg,3060,4080,0,0.8104,1055,2520,1580,2684,0.0116,1053,2523,1579,2697,0.0735,0.104
000400,000400.jpg,3060,4080,0,0.6918,1298,2625,1799,2762,0.2354,1313,2477,1817,2659,0.0736,0.1038
000401,000401.jpg,3060,4080,0,0.5212,929,2466,1498,2666,0.0216,931,2475,1506,2629,0.082,0.1073
000402,000402.jpg,3060,4080,0,0.6181,1445,987,1924,1136,0.0094,1449,990,1925,1129,0.0818,0.1101
000403,000403.jpg,3060,4080,0,0.6333,926,1958,1731,2174,0.0147,927,1952,1734,2183,0.0905,0.1083
000404,000404.jpg,3060,4080,0,0.2966,1034,1941,2016,2130,0.0158,1027,1941,2025,2132,0.0815,0.1088
000405,000405.jpg,3060,4080,0,0.2148,1792,2382,2354,2492,0.0295,1795,2385,2359,2490,0.0735,0.12
000406,000406.jpg,3060,4080,0,0.3196,1263,1958,2146,2197,0.0164,1262,1954,2168,2202,0.098,0.104
000407,000407.jpg,3060,4080,0,0.2321,1310,2576,2152,2778,0.022,934,3199,1275,3302,0.0905,0.1105
000408,000408.jpg,4080,3060,0,0.1319,2748,1666,3346,1850,0.1226,2793,1595,3375,1717,0.1014,0.1042
000409,000409.jpg,3060,4080,0,0.6061,1338,3510,1847,3686,0.0164,962,2140,1226,2221,0.0723,0.1048
000410,000410.jpg,3060,4080,0,0.8116,1563,2625,2093,2782,0.0105,1563,2625,2100,2793,0.0771,0.1041
000411,000411.jpg,3060,4080,0,0.4588,2091,2025,2417,2125,0.3886,2090,2017,2425,2121,0.078,0.1045
000412,000412.jpg,3060,4080,0,0.6252,1114,2978,1764,3195,0.0135,819,1367,1699,1552,0.0734,0.108
000413,000413.jpg,3060,4080,0,0.8123,1809,1820,2346,1964,0.0115,1810,1826,2352,1970,0.0753,0.1037
000414,000414.jpg,3060,4080,0,0.6129,1104,2246,1770,2462,0.0133,1104,2262,1754,2441,0.0887,0.1064
000415,000415.jpg,3060,4080,0,0.0286,1023,2160,2302,2536,0.0029,1006,2089,2367,2566,0.0755,0.1186
000416,000416.jpg,3060,4080,0,0.6265,1564,2334,2263,2478,0.0225,1562,2333,2280,2486,0.0835,0.1124
000417,000417.jpg,3060,4080,0,0.6557,1549,2362,2318,2544,0.0211,1550,2364,2307,2553,0.0868,0.1119
000418,000418.jpg,3060,4080,0,0.6581,840,2126,1809,2328,0.1208,840,2126,1809,2328,0.0797,0.107
000419,000419.jpg,3060,4080,0,0.477,1304,2041,1749,2183,0.008,1313,2062,1728,2180,0.0979,0.1089
000420,000420.jpg,3060,4080,0,0.6927,577,3050,1178,3233,0.0124,574,3063,1184,3254,0.0857,0.1045
000421,000421.jpg,3060,4080,0,0.713,423,2416,816,2569,0.0054,406,2405,824,2591,0.0735,0.1118
000422,000422.jpg,3060,4080,0,0.4727,1937,2307,2284,2391,0.1874,1933,2214,2313,2312,0.0762,0.1084
000423,000423.jpg,3060,4080,0,0.4675,1451,2052,1899,2179,0.1079,1457,1856,1930,2005,0.0717,0.104
000424,000424.jpg,3060,4080,0,0.5461,2087,2901,2448,2995,0.0897,2074,2898,2485,2988,0.0746,0.1039
000425,000425.jpg,3060,4080,0,0.3913,593,2280,1356,2448,0.0193,596,2323,1079,2411,0.0732,0.1082
000426,000426.jpg,3060,4080,0,0.3691,1375,3609,1674,3710,0.0049,1375,3617,1676,3706,0.0848,0.1046
000427,000427.jpg,3060,4080,0,0.4774,1309,3363,1813,3535,0.0056,1316,3370,1811,3574,0.0902,0.1162
000428,000428.jpg,3060,4080,0,0.5878,946,2164,1700,2319,0.1067,953,2158,1703,2332,0.0738,0.1093
000429,000429.jpg,3060,4080,0,0.268,997,3027,1795,3174,0.3597,995,2875,1927,3056,0.1099,0.1229
000430,000430.jpg,3060,4080,0,0.7094,1363,2893,1859,3028,0.0103,1365,2905,1859,3022,0.0981,0.112
000431,000431.jpg,3060,4080,0,0.6735,1162,3305,1790,3487,0.0163,1162,3305,1790,3487,0.0792,0.1043
000432,000432.jpg,3060,4080,0,0.4539,1189,3396,1896,3581,0.0234,755,875,1093,949,0.0948,0.1053
000433,000433.jpg,3060,4080,0,0.7903,1351,2370,1902,2548,0.0143,1345,2381,1911,2545,0.0758,0.1045
000434,000434.jpg,3060,4080,0,0.8764,1345,3041,1911,3193,0.016,1350,3043,1905,3203,0.071,0.1034
000435,000435.jpg,3060,4080,0,0.6838,1132,3094,1894,3342,0.0193,1132,3094,1894,3342,0.0909,0.1038
000436,000436.jpg,3060,4080,0,0.7365,1053,1757,1640,1961,0.0131,1058,1761,1661,1968,0.0743,0.1038
000437,000437.jpg,3060,4080,0,0.3685,1169,1823,1729,1952,0.0148,1175,1765,1658,1850,0.0728,0.1086
000438,000438.jpg,3060,4080,0,0.0505,1306,2132,1838,2232,0.0406,1645,2071,1911,2154,0.0785,0.1037
000439,000439.jpg,3060,4080,0,0.8074,914,1952,1409,2112,0.4674,917,1830,1409,1969,0.0713,0.1085
000440,000440.jpg,3060,4080,0,0.1168,1457,2156,1759,2295,0.0188,1332,2157,1660,2224,0.0863,0.1052
000441,000441.jpg,3060,4080,0,0.4669,1059,3122,1813,3279,0.0162,1059,3122,1813,3279,0.0695,0.1072
000442,000442.jpg,3060,4080,0,0.7024,1425,3470,1947,3590,0.0174,1425,3475,1931,3589,0.083,0.1053
000443,000443.jpg,3060,4080,0,0.804,1573,1396,2036,1543,0.009,1575,1400,2048,1538,0.0818,0.1086
000444,000444.jpg,3060,4080,0,0.4823,1974,2513,2388,2642,0.0085,1984,2527,2344,2648,0.0712,0.1037
000445,000445.jpg,3060,4080,0,0.5034,1308,3024,1831,3182,0.0136,1300,3025,2077,3200,0.1067,0.1039
000446,000446.jpg,3060,4080,0,0.2592,1672,1463,2344,1698,0.0196,727,3951,1168,4077,0.0963,0.1039
000447,000447.jpg,3060,4080,0,0.6451,1154,1416,1975,1664,0.0191,1149,1413,1972,1670,0.0704,0.1039
000448,000448.jpg,3060,4080,0,0.679,1301,2437,1910,2624,0.0162,1300,2434,1900,2632,0.0737,0.1036
000449,000449.jpg,3060,4080,0,0.1972,1057,1898,1593,2023,0.0099,1204,3937,1733,4067,0.0681,0.1036
000450,000450.jpg,3060,4080,0,0.4098,1768,2295,2079,2381,0.4355,1766,2177,2128,2291,0.077,0.1043
000451,000451.jpg,3060,4080,0,0.4128,1845,3131,2180,3230,0.2529,1847,3123,2190,3224,0.0747,0.1056
000452,000452.jpg,3060,4080,0,0.6812,1735,2630,2122,2759,0.2403,1746,2600,2117,2686,0.0754,0.1036
000453,000453.jpg,3060,4080,0,0.219,987,3328,1322,3414,0.3968,982,3245,1329,3352,0.0985,0.1104
000454,000454.jpg,3060,4080,0,0.1979,1828,971,2379,1108,0.2201,1843,844,2165,973,0.0849,0.1033
000455,000455.jpg,3060,4080,0,0.3387,1989,1850,2266,1950,0.3754,1986,1744,2284,1847,0.0916,0.1065
000456,000456.jpg,3060,4080,0,0.3762,2227,986,2748,1118,0.1523,2238,852,2760,988,0.0908,0.1085
000457,000457.jpg,3060,4080,0,0.1291,362,1283,613,1364,0.0239,361,1289,611,1361,0.0734,0.1038
000458,000458.jpg,3060,4080,0,0.6354,293,2620,663,2701,0.8245,289,2532,661,2628,0.1038,0.1151
000459,000459.jpg,3060,4080,0,0.0291,2147,1877,2542,1985,0.0222,2150,1878,2572,1984,0.0847,0.111
000460,000460.jpg,3060,4080,0,0.5007,1424,1922,1795,2040,0.0186,1449,1923,1800,2033,0.0756,0.1042
000461,000461.jpg,3060,4080,0,0.6682,998,2837,1598,3055,0.0098,998,2837,1598,3055,0.0785,0.1045
000462,000462.jpg,3060,4080,0,0.2896,1533,2560,2027,2737,0.0043,1531,2553,2017,2774,0.0766,0.1045
000463,000463.jpg,3060,4080,0,0.6774,1207,2693,1745,2803,0.0173,1228,2692,1735,2802,0.0791,0.1043
000464,000464.jpg,3060,4080,0,0.5889,1413,1836,1835,2066,0.0043,1411,1820,1836,2079,0.0815,0.1036
000465,000465.jpg,3060,4080,0,0.4492,1446,2297,1760,2387,0.0692,1445,2294,1762,2390,0.0716,0.106
000466,000466.jpg,3060,4080,0,0.3698,1527,3358,1853,3501,0.01,1356,3058,2027,3274,0.0906,0.1044
000467,000467.jpg,3060,4080,0,0.6316,1161,1521,1715,1748,0.011,1151,1520,1707,1765,0.0797,0.1078
000468,000468.jpg,3060,4080,0,0.0757,1601,2782,2112,2910,0.0196,1642,3132,2038,3225,0.0819,0.1051
000469,000469.jpg,3060,4080,0,0.6293,1984,3037,2401,3198,0.0194,2001,3051,2397,3188,0.0857,0.1072
000470,000470.jpg,3060,4080,0,0.7483,1583,2859,2006,2978,0.0093,1586,2861,2015,2975,0.0711,0.1312
000471,000471.jpg,3060,4080,0,0.0836,1232,3295,1953,3469,0.0142,1185,3307,1932,3474,0.0952,0.1036
000472,000472.jpg,3060,4080,0,0.0897,1983,2951,2299,3049,0.0149,1611,2539,1837,2604,0.0729,0.1058
000473,000473.jpg,3060,4080,0,0.5395,1324,3332,1804,3440,0.0128,1324,3332,1804,3440,0.0788,0.1045
000474,000474.jpg,3060,4080,0,0.5743,1239,3005,1678,3176,0.0068,1237,2995,1683,3174,0.0749,0.1144
000475,000475.jpg,3060,4080,0,0.2762,1618,2563,1914,2670,0.0253,1625,2561,1914,2659,0.0698,0.1038
000476,000476.jpg,3060,4080,0,0.4468,1349,3492,1698,3600,0.0138,1358,3494,1707,3601,0.0818,0.1054
000477,000477.jpg,3060,4080,0,0.7912,1670,3164,2248,3406,0.0095,1677,3177,2245,3408,0.0747,0.108
000478,000478.jpg,3060,4080,0,0.3744,1107,2039,1625,2317,0.0079,1107,2039,1625,2317,0.0694,0.1038
000479,000479.jpg,3060,4080,0,0.6915,1836,2664,2467,2836,0.0094,1833,2663,2488,2859,0.1436,0.1213
000480,000480.jpg,3060,4080,0,0.6606,1718,3242,2200,3424,0.0105,1733,3255,2186,3407,0.1512,0.1107
000481,000481.jpg,3060,4080,0,0.5408,1236,2057,1908,2438,0.0118,1034,2052,1902,2446,0.1489,0.1068
000482,000482.jpg,3060,4080,0,0.0158,119,1004,613,1334,0.0005,119,1004,613,1334,0.1395,0.1067
000483,000483.jpg,3060,4080,0,0.0114,697,2038,1416,2280,0.0012,697,2038,1416,2280,0.125,0.1154
000484,000484.jpg,3060,4080,0,0.029,1656,2349,2040,2456,0.0022,1660,2352,2039,2453,0.1686,0.1037
000485,000485.jpg,3060,4080,0,0.7026,1381,2168,2123,2372,0.0167,1386,2160,2117,2379,0.1374,0.1066
000486,000486.jpg,3060,4080,0,0.0055,617,1653,1734,1885,0.0007,613,1611,1712,1833,0.1565,0.1065
000487,000487.jpg,3060,4080,0,0.0723,1148,2410,1802,2569,0.0078,1148,2410,1802,2569,0.1226,0.1153
000488,000488.jpg,3060,4080,0,0.6274,1149,3509,1707,3643,0.0064,1150,3515,1705,3632,0.0818,0.1101
000489,000489.jpg,3060,4080,0,0.3665,1352,1758,1925,1934,0.0108,1352,1758,1925,1934,0.1545,0.1092
000490,000490.jpg,3060,4080,0,0.4542,1239,1873,1593,2037,0.0087,1249,1878,1590,2029,0.0793,0.1037
000491,000491.jpg,3060,4080,0,0.5908,1057,2454,1441,2547,0.0249,1061,2453,1435,2545,0.0689,0.1038
000492,000492.jpg,3060,4080,0,0.6598,1572,2164,2119,2350,0.0066,1574,2166,2114,2342,0.0842,0.105
000493,000493.jpg,3060,4080,0,0.4531,1027,2755,1614,2921,0.0085,1026,2782,1648,2902,0.0796,0.1074
000494,000494.jpg,3060,4080,0,0.3456,1943,2289,2272,2382,0.0386,1942,2192,2272,2293,0.0814,0.1068
000495,000495.jpg,3060,4080,0,0.4769,2133,2262,2430,2336,0.5805,2133,2190,2446,2270,0.092,0.1076
000496,000496.jpg,3060,4080,0,0.6724,1165,2442,1897,2628,0.0154,1164,2431,1905,2631,0.0716,0.1038
000497,000497.jpg,3060,4080,0,0.6958,1052,1862,1786,2085,0.0223,1052,1862,1786,2085,0.0867,0.1088
000498,000498.jpg,3060,4080,0,0.7314,1053,2140,1842,2342,0.0291,1061,2154,1828,2346,0.0722,0.1058
000499,000499.jpg,3060,4080,0,0.5939,1192,1612,1724,1777,0.0226,1181,1624,1729,1777,0.0709,0.1033
000500,000500.jpg,3060,4080,0,0.6761,1266,1915,1840,2039,0.8089,1268,1795,1838,1921,0.0747,0.1038
000501,000501.jpg,3060,4080,0,0.7239,389,2187,911,2353,0.0109,397,2195,908,2335,0.0757,0.1039
000502,000502.jpg,3060,4080,0,0.6079,983,1491,1520,1665,0.0068,974,1491,1518,1679,0.0761,0.1098
000503,000503.jpg,3060,4080,0,0.7199,1611,3033,1998,3190,0.0064,1597,3021,1997,3212,0.0854,0.104
000504,000504.jpg,3060,4080,0,0.6904,1720,2958,2365,3208,0.0145,1665,2947,2385,3224,0.079,0.1046
000505,000505.jpg,3060,4080,0,0.6432,1799,3043,2150,3189,0.0054,1799,3050,2151,3188,0.0928,0.1073
000506,000506.jpg,3060,4080,0,0.6408,1006,3304,1554,3413,0.4887,1005,3244,1478,3324,0.0928,0.1365
000507,000507.jpg,3060,4080,0,0.185,2192,2479,2533,2598,0.1647,2184,2483,2532,2597,0.0956,0.1059
000508,000508.jpg,1050,1400,0,0.4655,234,1057,540,1172,0.0184,235,1056,541,1173,0.0192,0.07
000509,000509.jpg,1050,1400,0,0.482,235,912,438,969,0.4456,232,864,443,919,0.0138,0.0733
000510,000510.jpg,1050,1400,0,0.3805,200,953,640,1066,0.0115,431,882,675,969,0.0117,0.0882
000511,000511.jpg,1050,1400,0,0.6379,232,479,520,575,0.0285,232,474,514,576,0.0194,0.1328
000512,000512.jpg,1050,1400,0,0.3275,165,728,608,832,0.0232,172,730,591,831,0.0259,0.1015
000513,000513.jpg,1050,1400,0,0.311,179,740,556,816,0.1207,184,738,572,815,0.0141,0.0954
000514,000514.jpg,1050,1400,0,0.5901,391,804,757,874,0.0808,399,808,758,875,0.0135,0.0927
000515,000515.jpg,1050,1400,0,0.3672,640,696,939,776,0.0117,644,694,940,776,0.016,0.0924
000516,000516.jpg,1050,1400,0,0.3893,373,1026,622,1099,0.0062,353,1025,625,1101,0.0199,0.0958
000517,000517.jpg,1050,1400,0,0.636,305,735,610,834,0.0372,307,724,610,840,0.0191,0.1176
000518,000518.jpg,1050,1400,0,0.641,143,726,549,861,0.0075,143,726,549,861,0.0173,0.1093
000519,000519.jpg,1050,1400,0,0.6314,262,710,500,776,0.639,266,655,491,716,0.0175,0.1011
000520,000520.jpg,1050,1400,0,0.6086,273,792,523,889,0.0101,275,790,521,891,0.0167,0.0986
000521,000521.jpg,1050,1400,0,0.5142,366,1008,722,1100,0.6892,364,921,723,1015,0.017,0.098
000522,000522.jpg,1050,1400,0,0.4845,204,770,545,849,0.7781,200,705,541,777,0.0168,0.1078
000523,000523.jpg,1050,1400,0,0.6722,292,780,648,863,0.8344,290,708,649,791,0.0188,0.1
000524,000524.jpg,1050,1400,0,0.6044,254,952,577,1036,0.6226,254,864,650,959,0.0166,0.0974
000525,000525.jpg,1050,1400,0,0.7962,433,771,698,852,0.0237,435,777,695,853,0.0156,0.1111
000526,000526.jpg,1050,1400,0,0.4708,77,517,489,610,0.0137,77,517,489,610,0.0171,0.1084
000527,000527.jpg,1050,1400,0,0.5687,103,464,471,577,0.0095,103,464,471,577,0.0183,0.1001
000528,000528.jpg,1050,1400,0,0.7167,324,427,512,500,0.0084,321,426,515,505,0.0167,0.0948
000529,000529.jpg,1050,1400,0,0.5058,186,695,628,770,0.0379,192,697,626,769,0.0147,0.0888
000530,000530.jpg,1050,686,0,0.5779,292,146,601,257,0.0163,284,138,594,261,0.0089,0.0891
000531,000531.jpg,1050,1400,0,0.4991,476,994,723,1096,0.0078,476,994,723,1096,0.0153,0.0979
000532,000532.jpg,1050,1400,0,0.2272,155,750,383,881,0.009,82,744,384,894,0.0147,0.0945
000533,000533.jpg,1050,1400,0,0.3777,400,939,796,1024,0.5395,327,830,718,936,0.0157,0.0931
000534,000534.jpg,1400,1050,0,0.2055,707,494,1198,637,0.0065,721,494,1201,635,0.0158,0.1014
000535,000535.jpg,1400,1050,0,0.2484,556,444,928,585,0.0076,555,438,931,583,0.0181,0.1049
000536,000536.jpg,1050,1400,0,0.6284,199,694,463,783,0.0142,209,695,469,779,0.018,0.099
000537,000537.jpg,1050,1400,0,0.3925,225,701,571,782,0.0205,222,701,575,783,0.0186,0.0866
000538,000538.jpg,1050,1400,0,0.8155,327,746,583,795,0.0195,327,741,578,802,0.0144,0.0908
000539,000539.jpg,1050,1400,0,0.1397,149,703,599,767,0.0483,147,706,553,768,0.0169,0.0925
000540,000540.jpg,1050,1400,0,0.3794,160,696,599,777,0.0541,160,699,612,776,0.0148,0.0944
000541,000541.jpg,1050,1400,0,0.5941,317,667,702,765,0.0275,315,663,698,768,0.0137,0.0969
000542,000542.jpg,1050,1400,0,0.7422,287,1006,573,1078,0.0211,284,1005,573,1079,0.016,0.0928
000543,000543.jpg,1050,1400,0,0.5313,209,1068,642,1159,0.0267,209,1068,642,1159,0.0177,0.1104
000544,000544.jpg,1050,1400,0,0.2197,320,843,591,903,0.0436,315,777,594,854,0.0187,0.1216
000545,000545.jpg,1050,1400,0,0.6619,433,874,710,961,0.0207,433,872,709,962,0.0209,0.0993
000546,000546.jpg,1050,1400,0,0.779,422,1043,677,1111,0.8462,423,973,676,1042,0.0164,0.0921
000547,000547.jpg,1050,1400,0,0.4027,89,509,532,650,0.0068,79,503,535,651,0.0154,0.0951
000548,000548.jpg,1050,1400,0,0.6485,287,598,630,690,0.0336,286,591,630,697,0.016,0.0921
000549,000549.jpg,1050,1400,0,0.4904,218,674,525,752,0.015,220,671,520,753,0.0172,0.0942
000550,000550.jpg,1050,1400,0,0.5795,292,886,626,983,0.0123,292,886,626,983,0.0149,0.0967
000551,000551.jpg,1050,1400,0,0.5197,264,989,561,1072,0.0223,264,989,561,1072,0.0163,0.0868
000552,000552.jpg,1050,1400,0,0.5376,230,887,502,971,0.2765,241,890,505,967,0.0155,0.1074
000553,000553.jpg,1050,1400,0,0.6576,278,915,539,1005,0.0293,279,909,539,1003,0.0187,0.1226
000554,000554.jpg,1050,1400,0,0.7296,224,576,544,676,0.0255,224,576,542,679,0.0177,0.1011
000555,000555.jpg,1050,1400,0,0.7159,354,874,563,941,0.0088,354,871,568,949,0.016,0.0848
000556,000556.jpg,1050,1400,0,0.4498,258,566,587,642,0.1363,264,534,591,581,0.0158,0.0849
000557,000557.jpg,1050,1400,0,0.6378,341,656,616,725,0.0477,340,652,621,727,0.0135,0.0881
000558,000558.jpg,1050,1400,0,0.5568,154,711,623,822,0.0116,200,710,621,824,0.0196,0.0869
000559,000559.jpg,1050,1400,0,0.3207,453,632,784,718,0.0128,457,626,785,718,0.0145,0.0889
000560,000560.jpg,1050,1400,0,0.5502,193,692,506,772,0.0309,193,695,502,773,0.0164,0.0889
000561,000561.jpg,1050,1400,0,0.3696,283,801,662,877,0.2197,274,801,728,870,0.0184,0.1098
000562,000562.jpg,1050,1400,0,0.7082,454,874,734,938,0.0352,459,878,737,940,0.0201,0.101
000563,000563.jpg,1050,1400,0,0.6366,340,613,601,711,0.017,340,613,601,711,0.0182,0.0954
000564,000564.jpg,1050,1400,0,0.6397,358,630,610,711,0.0168,359,629,609,713,0.0173,0.0847
000565,000565.jpg,1050,1400,0,0.5065,369,360,638,458,0.0859,323,586,752,693,0.0135,0.0881
000566,000566.jpg,894,1233,0,0.4788,116,502,396,603,0.0075,114,500,394,603,0.0112,0.1043
000567,000567.jpg,1050,1400,0,0.7655,381,296,554,341,0.0056,380,298,559,341,0.0191,0.1074
000568,000568.jpg,914,1399,0,0.7828,195,986,449,1043,0.0226,201,985,443,1049,0.0162,0.097
000569,000569.jpg,1050,1400,0,0.5959,165,664,566,728,0.0328,161,666,566,726,0.018,0.1102
000570,000570.jpg,1050,1400,0,0.5308,304,337,543,443,0.0325,307,342,543,444,0.0196,0.1003
000571,000571.jpg,1050,1400,0,0.2297,298,333,533,414,0.1518,285,326,785,421,0.0183,0.1222
000572,000572.jpg,1050,1400,0,0.1371,73,863,391,998,0.0041,73,863,391,998,0.0163,0.1328
000573,000573.jpg,1050,1400,0,0.2833,458,326,756,429,0.0225,343,373,545,431,0.0209,0.1296
000574,000574.jpg,1050,1400,0,0.2212,231,428,509,535,0.0223,195,309,512,442,0.0175,0.1257
000575,000575.jpg,1050,1400,0,0.362,326,494,701,559,0.0578,329,493,700,557,0.0148,0.1255
000576,000576.jpg,1050,1400,0,0.3695,335,699,808,784,0.4963,332,624,823,708,0.021,0.1313
000577,000577.jpg,1050,1400,0,0.533,843,241,1050,322,0.0156,68,1368,336,1399,0.0198,0.1284
000578,000578.jpg,1050,1400,0,0.5475,253,943,545,1008,0.0728,263,946,544,1008,0.0189,0.1265
000579,000579.jpg,1050,1400,0,0.3555,368,666,756,788,0.0288,383,667,755,786,0.0167,0.1252
000580,000580.jpg,1050,1400,0,0.4119,76,654,496,790,0.0075,78,638,494,796,0.0166,0.1142
000581,000581.jpg,1050,1162,0,0.4913,165,581,493,690,0.0211,162,586,494,688,0.0152,0.0994
000582,000582.jpg,1050,1400,0,0.4349,142,574,450,681,0.0101,141,574,450,679,0.0175,0.0847
000583,000583.jpg,1050,1400,0,0.0309,225,591,575,704,0.003,232,593,574,688,0.0128,0.0868
000584,000584.jpg,1050,1400,0,0.4646,245,946,540,1040,0.7697,242,867,554,952,0.0161,0.0944
000585,000585.jpg,1050,1400,0,0.2265,400,1141,633,1204,0.1309,400,1141,633,1204,0.0231,0.0986
000586,000586.jpg,1050,1400,0,0.5283,122,617,546,707,0.0431,126,623,538,703,0.0137,0.0984
000587,000587.jpg,1050,1400,0,0.4271,102,1232,479,1347,0.0408,411,541,815,660,0.0176,0.0847
000588,000588.jpg,1050,1400,0,0.657,370,1051,678,1127,0.0578,369,1048,670,1123,0.0152,0.0846
000589,000589.jpg,1050,1400,0,0.6239,80,1197,393,1306,0.0137,80,1196,395,1303,0.0155,0.0896
000590,000590.jpg,1050,1400,0,0.6525,178,815,575,926,0.012,180,814,575,924,0.0136,0.0991
000591,000591.jpg,1050,1400,0,0.4631,558,1027,854,1163,0.0305,561,1023,855,1165,0.0179,0.1089
000592,000592.jpg,1050,1400,0,0.1503,552,358,890,431,0.1013,552,358,890,431,0.0186,0.0994
000593,000593.jpg,1613,763,0,0.3753,326,340,772,493,0.009,327,345,776,492,0.0149,0.1071
000594,000594.jpg,1613,763,0,0.4826,457,591,839,696,0.8027,461,496,843,598,0.0169,0.0964
000595,000595.jpg,1613,763,0,0.5565,440,414,892,523,0.0152,433,419,896,524,0.0169,0.1048
000596,000596.jpg,1613,763,0,0.4751,419,502,966,598,0.4523,414,432,849,514,0.0187,0.1043
000597,000597.jpg,1613,763,0,0.5912,603,585,921,694,0.7748,597,477,913,587,0.018,0.098
000598,000598.jpg,1299,763,0,0.531,699,505,1027,563,0.6346,702,451,935,511,0.0158,0.095
000599,000599.jpg,1613,763,0,0.2018,450,493,958,622,0.0072,446,487,846,633,0.0139,0.0887
000600,000600.jpg,1613,763,0,0.7116,618,377,904,483,0.6592,620,286,899,384,0.0151,0.0874
000601,000601.jpg,1613,763,0,0.635,530,480,949,579,0.0791,535,346,933,448,0.0153,0.0938
000602,000602.jpg,1613,763,0,0.633,333,514,820,650,0.3749,322,377,811,523,0.0164,0.1045
000603,000603.jpg,1345,763,0,0.4735,726,437,1032,542,0.0257,730,436,1029,542,0.0186,0.1105
000604,000604.jpg,1613,763,0,0.475,418,521,802,639,0.01,418,524,696,645,0.0187,0.097
000605,000605.jpg,1613,763,0,0.4975,429,391,969,523,0.0124,429,391,969,523,0.0176,0.0902
000606,000606.jpg,1613,763,0,0.3888,544,470,1069,592,0.0381,760,358,1071,466,0.0152,0.09
000607,000607.jpg,1423,763,0,0.1681,387,528,835,649,0.005,387,528,835,649,0.014,0.0925
000608,000608.jpg,1613,763,0,0.2526,442,315,926,428,0.1011,525,313,1092,426,0.0124,0.101
000609,000609.jpg,1613,763,0,0.5276,653,355,1015,459,0.1551,653,355,1015,459,0.0153,0.096
000610,000610.jpg,1613,763,0,0.6054,643,572,1029,691,0.025,643,570,1031,689,0.0144,0.0938
000611,000611.jpg,1613,763,0,0.6507,684,554,1153,682,0.0109,684,554,1153,682,0.0166,0.109
000612,000612.jpg,1613,763,0,0.227,692,393,974,543,0.0155,692,393,990,551,0.0163,0.1095
000613,000613.jpg,1613,763,0,0.6604,368,433,819,548,0.0182,366,434,824,551,0.0148,0.096
000614,000614.jpg,1613,763,0,0.6121,582,376,1031,475,0.0304,575,375,1030,474,0.015,0.0913
000615,000615.jpg,1613,763,0,0.507,599,457,937,572,0.0328,601,457,938,569,0.0135,0.0967
000616,000616.jpg,1613,763,0,0.4663,378,557,834,686,0.0161,376,560,833,685,0.0188,0.1123
000617,000617.jpg,1613,763,0,0.2039,528,335,931,503,0.016,528,341,940,497,0.0192,0.0983
000618,000618.jpg,1613,763,0,0.5294,652,395,1073,500,0.0171,656,392,1078,498,0.0195,0.0949
000619,000619.jpg,1613,763,0,0.573,538,448,996,556,0.0186,541,446,994,552,0.0145,0.109
000620,000620.jpg,1613,763,0,0.6261,471,427,842,529,0.0529,471,427,842,529,0.0206,0.0967
000621,000621.jpg,1613,763,0,0.5261,423,432,917,588,0.0275,415,427,912,606,0.0182,0.1054
000622,000622.jpg,1613,763,0,0.4386,616,438,1091,584,0.0232,615,437,1104,586,0.0152,0.0958
000623,000623.jpg,1613,763,0,0.3453,479,477,716,562,0.4344,358,387,886,487,0.0147,0.0929
000624,000624.jpg,1613,763,0,0.605,492,355,946,477,0.0337,495,351,948,466,0.0129,0.0897
000625,000625.jpg,1613,763,0,0.4338,639,327,1057,457,0.1598,640,325,1058,454,0.0138,0.0936
000626,000626.jpg,3024,4032,1,0.3912,856,2263,1896,2559,0.4433,859,1984,1929,2283,0.1303,0.1143
000627,000627.jpg,3024,4032,1,0.1762,747,1730,1238,1841,0.2397,754,1627,1654,1733,0.1078,0.1155
000628,000628.jpg,3024,4032,1,0.5069,943,1436,1843,1812,0.0184,946,1426,1828,1810,0.0896,0.1078
000629,000629.jpg,3024,4032,1,0.2126,1049,1498,1945,1649,0.0386,1073,1408,1737,1536,0.0834,0.1052
000630,000630.jpg,3024,4032,1,0.4128,1175,1182,1988,1551,0.0054,1184,1171,1980,1555,0.083,0.1085
000631,000631.jpg,1980,3520,1,0.2796,150,1328,1353,1654,0.0076,145,1332,1410,1651,0.053,0.0853
000632,000632.jpg,1980,3520,1,0.6469,564,1302,1378,1634,0.015,566,1325,1376,1637,0.0591,0.0958
000633,000633.jpg,1980,3520,1,0.6408,239,1341,871,1528,0.0665,237,1338,864,1527,0.0556,0.0975
000634,000634.jpg,1980,3520,1,0.7843,536,1480,1174,1661,0.0148,538,1491,1177,1668,0.0499,0.0853
000635,000635.jpg,1980,3520,1,0.3292,445,1604,1130,1888,0.4122,430,1424,1118,1712,0.0541,0.0849
000636,000636.jpg,1980,3520,1,0.4615,344,1610,1125,1968,0.0084,344,1610,1125,1968,0.0484,0.0842
000637,000637.jpg,1980,3520,1,0.4835,63,1220,673,1502,0.0141,892,1128,1720,1388,0.0545,0.0856
000638,000638.jpg,1980,3520,1,0.7067,315,1376,780,1546,0.0157,320,1380,782,1541,0.0449,0.0886
000639,000639.jpg,1980,3520,1,0.6938,472,1085,1143,1252,0.0142,457,1080,1166,1263,0.0625,0.126
000640,000640.jpg,1980,3520,1,0.4263,235,1221,1305,1568,0.0397,239,1218,1310,1565,0.0914,0.1029
000641,000641.jpg,1980,3520,0,0.7683,667,1367,1242,1543,0.0131,671,1369,1238,1552,0.0501,0.1143
000642,000642.jpg,1980,3520,1,0.6076,671,882,1401,1229,0.0124,671,882,1401,1229,0.0543,0.098
000643,000643.jpg,1980,3520,1,0.3266,613,1576,1463,1753,0.0072,613,1576,1463,1753,0.0645,0.0941
000644,000644.jpg,1980,3520,1,0.6005,359,1994,1137,2177,0.1758,357,1985,1143,2179,0.0539,0.0877
000645,000645.jpg,1980,3520,1,0.4922,336,1356,832,1522,0.0168,334,1390,827,1519,0.0598,0.105
000646,000646.jpg,1980,3520,1,0.7214,484,1685,1127,1906,0.0215,484,1685,1127,1906,0.0566,0.0942
000647,000647.jpg,1980,3520,1,0.5,579,991,1121,1192,0.0143,579,991,1121,1192,0.0646,0.0959
000648,000648.jpg,1980,3520,1,0.2667,295,1577,1115,1918,0.0033,294,1599,904,1921,0.0573,0.0957
000649,000649.jpg,1326,2358,0,0.1902,101,1170,737,1284,0.2216,93,1176,719,1284,0.0328,0.0875
000650,000650.jpg,1086,1930,0,0.2927,192,828,758,935,0.1433,208,827,774,932,0.0265,0.0938
000651,000651.jpg,1430,2542,0,0.4616,273,1098,949,1227,0.0966,278,1097,969,1229,0.0366,0.0975
000652,000652.jpg,1113,1979,0,0.6212,278,927,704,1050,0.0262,276,924,706,1051,0.0303,0.0952
000653,000653.jpg,1037,1844,0,0.3163,459,886,979,1031,0.0757,403,825,799,924,0.0209,0.0971
000654,000654.jpg,1063,1890,0,0.3385,145,663,752,840,0.0294,145,663,752,840,0.0172,0.0974
000655,000655.jpg,1254,2229,0,0.5992,108,846,537,1054,0.0205,111,846,537,1058,0.0325,0.1003
000656,000656.jpg,1364,2425,0,0.6519,219,1227,922,1424,0.0123,222,1223,901,1416,0.0348,0.1086
000657,000657.jpg,953,1694,0,0.3797,171,804,638,952,0.0068,168,808,625,952,0.0195,0.1003
000658,000658.jpg,1068,1898,0,0.659,161,939,706,1113,0.0134,161,919,705,1123,0.023,0.0855
000659,000659.jpg,1285,2284,0,0.5459,200,1086,898,1254,0.0203,178,1075,899,1287,0.0268,0.0863
000660,000660.jpg,1303,2317,0,0.712,326,1235,848,1371,0.0248,330,1220,848,1376,0.0321,0.0871
000661,000661.jpg,1052,1870,0,0.6243,213,972,609,1088,0.0197,211,969,604,1091,0.0207,0.0989
000662,000662.jpg,1351,2402,0,0.6523,344,1155,1002,1317,0.01,344,1155,1002,1317,0.0408,0.0964
000663,000663.jpg,1177,2092,0,0.2706,233,1039,665,1135,0.8029,231,932,664,1044,0.0244,0.0898
000664,000664.jpg,1195,2124,0,0.6149,144,883,757,1020,0.0469,140,885,767,1018,0.0256,0.0881
000665,000665.jpg,1980,3520,1,0.5688,381,1762,1284,1989,0.0267,383,1759,1292,1986,0.0765,0.0944
000666,000666.jpg,1538,2735,0,0.5598,147,1417,983,1597,0.1225,137,1402,961,1592,0.0297,0.0875
000667,000667.jpg,1330,2364,0,0.5389,231,1177,808,1318,0.6669,202,1014,825,1172,0.022,0.0806
000668,000668.jpg,1252,2225,0,0.4993,307,1155,777,1300,0.1266,311,1180,805,1299,0.0233,0.0894
000669,000669.jpg,1352,2404,0,0.5497,283,1259,956,1432,0.3688,279,1065,954,1249,0.0406,0.1238
000670,000670.jpg,1155,2054,0,0.156,0,996,637,1145,0.2061,0,877,626,1028,0.0282,0.1112
000671,000671.jpg,1461,2596,0,0.5691,341,1266,890,1441,0.4858,346,1126,860,1283,0.0363,0.0937
000672,000672.jpg,1358,2415,0,0.5791,238,1223,705,1380,0.0139,238,1223,705,1380,0.0274,0.0843
000673,000673.jpg,1501,2669,0,0.194,379,1598,1155,1913,0.0056,377,1571,1155,1915,0.044,0.089
000674,000674.jpg,1301,2312,0,0.5541,443,1113,1086,1297,0.0088,449,1109,1075,1292,0.0256,0.0871
000675,000675.jpg,1180,2098,0,0.236,249,844,686,951,0.25,249,750,733,862,0.0215,0.1061
000676,000676.jpg,1464,2602,0,0.5453,130,983,727,1150,0.0366,137,975,724,1148,0.0434,0.1273
000677,000677.jpg,1218,2166,0,0.5774,237,887,863,1073,0.0295,235,886,864,1083,0.0284,0.1
000678,000678.jpg,1277,2270,0,0.2619,242,1002,971,1286,0.0064,240,966,964,1291,0.0321,0.0869
000679,000679.jpg,1794,3190,0,0.5967,459,1701,1351,1901,0.0171,459,1691,1348,1892,0.047,0.0907
000680,000680.jpg,1172,2084,0,0.4461,113,1099,785,1334,0.0128,115,1093,792,1339,0.016,0.0822
000681,000681.jpg,1364,2425,0,0.5415,104,1261,699,1405,0.0158,104,1261,699,1405,0.0257,0.0996
000682,000682.jpg,1497,2661,0,0.6152,82,1260,755,1426,0.015,89,1262,760,1428,0.0363,0.1067
000683,000683.jpg,1160,2062,0,0.5164,137,943,709,1082,0.0974,206,922,806,1082,0.0232,0.0952
000684,000684.jpg,1450,2577,0,0.4224,163,1236,830,1427,0.0803,167,1218,816,1419,0.0314,0.1067
000685,000685.jpg,1292,2297,0,0.6417,138,927,701,1045,0.0261,143,925,710,1050,0.0229,0.1018
000686,000686.jpg,972,1728,0,0.6666,461,918,820,1016,0.031,463,913,815,1016,0.0192,0.1369
000687,000687.jpg,1530,2720,0,0.2214,352,1288,929,1459,0.02,347,1287,936,1458,0.0496,0.1386
000688,000688.jpg,1846,3283,0,0.6947,620,1515,1195,1700,0.0136,620,1515,1195,1700,0.0512,0.1422
000689,000689.jpg,1218,2166,0,0.5555,177,1159,669,1347,0.0263,179,1148,669,1351,0.0247,0.1343
000690,000690.jpg,1298,2308,0,0.6259,392,1000,842,1133,0.5756,455,885,822,1011,0.0366,0.1442
000691,000691.jpg,1430,2543,0,0.5851,186,1329,682,1490,0.7893,183,1180,681,1344,0.0403,0.1411
000692,000692.jpg,1223,2175,0,0.7521,350,1057,793,1217,0.0143,350,1055,790,1219,0.0349,0.1493
000693,000693.jpg,1617,2875,0,0.6607,250,1416,757,1567,0.7166,252,1278,911,1425,0.0463,0.1067
000694,000694.jpg,1530,2720,0,0.5411,414,1121,1050,1342,0.0286,415,1113,1052,1343,0.0373,0.09
000695,000695.jpg,1308,2326,0,0.582,368,1050,1051,1183,0.2857,331,1049,1044,1184,0.0261,0.0931
000696,000696.jpg,1317,2341,0,0.6342,331,1013,905,1192,0.0102,319,1011,913,1195,0.0428,0.102
000697,000697.jpg,1326,2357,0,0.7027,238,967,675,1102,0.0196,245,961,686,1097,0.0268,0.1031
000698,000698.jpg,1286,2286,0,0.486,255,829,612,1052,0.0143,252,821,618,1062,0.0284,0.0985
000699,000699.jpg,1122,1995,0,0.1976,663,1454,967,1568,0.0038,660,1451,968,1570,0.022,0.0904
000700,000700.jpg,890,1581,0,0.2429,107,788,454,906,0.0183,111,783,445,908,0.0191,0.0924
000701,000701.jpg,1331,2366,0,0.5326,59,1144,693,1329,0.0106,59,1144,693,1329,0.0391,0.0894
000702,000702.jpg,1185,2106,0,0.6325,168,891,600,1057,0.0287,175,887,605,1075,0.0295,0.0916
000703,000703.jpg,1208,2148,0,0.5472,89,952,654,1159,0.0198,91,956,653,1158,0.0265,0.0895
000704,000704.jpg,946,1682,0,0.3715,92,662,618,822,0.0105,82,654,623,823,0.0199,0.0956
000705,000705.jpg,1240,1549,0,0.3147,408,574,855,722,0.0073,272,583,857,722,0.0276,0.1027
000706,000706.jpg,895,1592,0,0.2804,32,638,489,772,0.0227,286,1519,711,1592,0.0186,0.1029
000707,000707.jpg,1243,2210,0,0.5014,263,1096,772,1250,0.0193,253,1097,781,1249,0.0272,0.0891
000708,000708.jpg,1315,2338,0,0.408,148,1046,756,1199,0.254,146,1047,753,1197,0.0292,0.0812
000709,000709.jpg,1195,2124,0,0.5075,296,901,885,1093,0.0104,287,916,879,1092,0.0197,0.0906
000710,000710.jpg,1199,2132,0,0.5855,240,1112,723,1259,0.0311,237,1107,718,1256,0.0332,0.0911
000711,000711.jpg,1226,2179,0,0.5819,405,1259,975,1390,0.0222,408,1256,976,1391,0.0258,0.0908
000712,000712.jpg,1152,2049,0,0.5286,236,819,808,949,0.0168,232,822,811,948,0.023,0.0915
000713,000713.jpg,1415,2516,0,0.5737,278,1136,892,1278,0.0197,284,1135,894,1282,0.0312,0.1063
000714,000714.jpg,1108,1969,0,0.1395,259,1091,924,1246,0.0053,265,1093,864,1203,0.0213,0.134
000715,000715.jpg,1115,1982,0,0.2026,126,896,594,1037,0.0167,129,891,578,1014,0.0345,0.1325
000716,000716.jpg,859,1527,0,0.4997,198,652,643,815,0.0254,199,654,643,823,0.0212,0.127
000717,000717.jpg,1169,2078,0,0.4998,269,998,755,1194,0.0618,271,996,754,1190,0.0331,0.0947
000718,000718.jpg,1052,1871,0,0.5277,254,591,654,739,0.0223,256,585,658,740,0.02,0.0951
000719,000719.jpg,1105,1965,0,0.3009,184,845,766,986,0.495,187,742,744,860,0.0235,0.0945
000720,000720.jpg,1026,1824,0,0.7587,62,812,486,919,0.1187,57,703,491,813,0.0182,0.1049
000721,000721.jpg,1980,3520,1,0.5958,647,1030,1462,1287,0.0186,644,1029,1468,1282,0.1073,0.0985
000722,000722.jpg,1294,2301,0,0.2985,515,586,863,731,0.0126,460,1270,927,1459,0.0289,0.0815
000723,000723.jpg,1160,2063,0,0.0033,416,1347,568,1412,0.0004,416,1347,568,1412,0.0201,0.082
000724,000724.jpg,1148,2040,0,0.6273,150,1019,605,1166,0.0469,157,1008,600,1180,0.0201,0.0953
000725,000725.jpg,1371,2437,0,0.5676,115,1073,652,1283,0.0338,117,1061,652,1297,0.0365,0.1062
000726,000726.jpg,1008,1792,0,0.2418,34,1089,589,1219,0.1759,19,1087,652,1216,0.0172,0.0915
000727,000727.jpg,1148,2041,0,0.594,64,1035,640,1192,0.0157,51,1021,424,1157,0.0269,0.0873
000728,000728.jpg,1138,2024,0,0.2969,64,1004,841,1198,0.0051,80,1007,816,1195,0.0187,0.1018
000729,000729.jpg,1233,2192,0,0.4725,146,726,808,920,0.0184,141,725,811,918,0.0259,0.0951
000730,000730.jpg,1117,1797,0,0.4077,402,470,691,554,0.4721,315,313,737,478,0.0188,0.0954
000731,000731.jpg,1067,1897,0,0.3977,72,694,637,859,0.077,68,695,630,853,0.0286,0.092
000732,000732.jpg,1328,2361,0,0.4526,33,1013,718,1145,0.0736,437,1010,1041,1133,0.0336,0.0857
000733,000733.jpg,2097,1179,0,0.622,437,398,1027,519,0.0248,437,398,1027,519,0.0228,0.0832
000734,000734.jpg,1344,2390,0,0.4889,231,1021,902,1255,0.0242,227,1026,903,1258,0.0273,0.0894
000735,000735.jpg,3024,4032,0,0.5612,867,2101,1870,2341,0.0401,868,2087,1780,2343,0.1409,0.1222
000736,000736.jpg,3024,4032,1,0.6568,884,2542,1842,2864,0.0155,884,2542,1842,2864,0.115,0.1149
000737,000737.jpg,3024,4032,1,0.7404,848,2326,1759,2663,0.0156,842,2333,1764,2643,0.0892,0.1061
000738,000738.jpg,3024,4032,1,0.6448,944,1791,1755,2000,0.15,944,1791,1755,2000,0.0889,0.1058
000739,000739.jpg,3024,4032,0,0.4793,609,1824,1601,2049,0.655,609,1627,1571,1839,0.0773,0.1125
000740,000740.jpg,3024,4032,1,0.6136,1081,1586,1899,1834,0.0176,1083,1600,1894,1836,0.0831,0.1153
000741,000741.jpg,2253,3004,0,0.5679,823,1360,1466,1533,0.8751,827,1191,1455,1361,0.0462,0.0853
000742,000742.jpg,3024,4032,0,0.2298,411,2109,1641,2292,0.0501,371,2076,1852,2294,0.09,0.1156
000743,000743.jpg,2179,2905,0,0.2386,434,1171,1539,1454,0.0083,699,1164,1553,1460,0.0413,0.0846
000744,000744.jpg,3024,4032,1,0.5719,900,1740,1833,2051,0.012,897,1746,1839,2056,0.1043,0.1101
000745,000745.jpg,2196,2929,0,0.3749,577,1336,1453,1576,0.0086,587,1336,1453,1573,0.0373,0.0843
000746,000746.jpg,2124,2832,0,0.5872,664,1205,1378,1452,0.0115,664,1205,1378,1452,0.0347,0.0824
000747,000747.jpg,3024,4032,1,0.6811,1006,2116,1880,2353,0.0299,1032,2130,1868,2356,0.0913,0.1049
000748,000748.jpg,3024,4032,1,0.6037,954,2391,2076,2664,0.0143,944,2395,2081,2672,0.0779,0.1048
000749,000749.jpg,2151,2868,0,0.4954,311,1229,1182,1476,0.0099,309,1232,1053,1472,0.0384,0.0926
000750,000750.jpg,3024,4032,1,0.5583,860,1811,2051,2049,0.0449,843,1819,2037,2059,0.1039,0.1214
000751,000751.jpg,2255,3007,0,0.591,566,1340,1429,1520,0.0483,551,1338,1435,1518,0.0457,0.1066
000752,000752.jpg,1907,2543,0,0.3596,605,1351,1254,1573,0.0105,607,1353,1227,1560,0.045,0.1161
000753,000753.jpg,1995,2660,0,0.1915,251,1196,892,1345,0.1855,265,1063,1156,1214,0.0471,0.1131
000754,000754.jpg,3024,4032,1,0.6746,1241,2547,1992,2801,0.0136,1240,2545,1999,2802,0.1246,0.1063
000755,000755.jpg,1980,3520,1,0.6647,700,1652,1214,1783,0.1749,700,1650,1198,1788,0.0508,0.0846
000756,000756.jpg,1980,3520,1,0.6785,317,1220,1004,1449,0.0199,313,1219,1000,1450,0.0542,0.0862
000757,000757.jpg,1980,3520,1,0.679,464,1082,859,1256,0.0064,452,1073,866,1264,0.0511,0.0851
000758,000758.jpg,1980,3520,1,0.7934,359,1144,957,1290,0.0299,369,1147,953,1300,0.0442,0.0878
000759,000759.jpg,3024,4032,1,0.3559,871,1540,1676,1734,0.041,865,1538,1691,1733,0.1159,0.1191
000760,000760.jpg,3024,4032,1,0.211,769,2054,1450,2416,0.0077,768,2051,1452,2433,0.1048,0.1112
000761,000761.jpg,3024,4032,1,0.5273,745,2036,1528,2266,0.6381,740,1844,1493,2073,0.0754,0.1052
000762,000762.jpg,3024,4032,1,0.1033,943,1652,2061,2016,0.0194,953,1661,2040,1859,0.0966,0.1048
000763,000763.jpg,748,634,0,0.314,407,394,588,455,0.0302,255,393,524,448,0.0225,0.0644
000764,000764.jpeg,3024,4032,1,0.393,1332,1937,2025,2052,0.1276,1351,1842,2002,1954,0.1085,0.1049
000765,000765.jpeg,3024,4032,1,0.0015,1965,0,2668,59,0.0004,1742,1950,2089,2106,0.0938,0.1098
000766,000766.jpeg,3024,4032,1,0.5697,942,1770,1660,1943,0.0355,942,1770,1660,1943,0.0998,0.1112
000767,000767.jpeg,3024,4032,1,0.1932,1180,1984,1847,2173,0.0032,1153,1991,1909,2176,0.0987,0.1102
000768,000768.jpeg,3024,4032,1,0.3962,1055,1359,1823,1613,0.0126,1055,1359,1823,1613,0.0979,0.1055
000769,000769.jpeg,3024,4032,1,0.4809,1093,1797,1729,2037,0.0169,1095,1802,1719,2021,0.1115,0.1048
000770,000770.jpeg,3024,4032,1,0.0226,1145,2084,1706,2218,0.0008,1145,2084,1706,2218,0.0948,0.1079
000771,000771.jpeg,3024,4032,1,0.5901,1245,1720,1722,1917,0.009,1232,1710,1730,1930,0.1053,0.1048
000772,000772.jpeg,3024,4032,1,0.4778,854,1658,1752,1901,0.0134,854,1658,1752,1901,0.0909,0.1062
000773,000773.jpeg,3024,4032,1,0.247,1569,1764,2234,1940,0.211,1012,1630,1990,1812,0.095,0.1064
000774,000774.jpeg,3024,4032,1,0.7793,1184,1894,1707,2035,0.0244,1184,1893,1706,2029,0.1123,0.1043
000775,000775.jpeg,3024,4032,1,0.5486,1150,1985,1665,2234,0.0076,1150,1985,1665,2234,0.0967,0.1045
000776,000776.jpeg,3024,4032,1,0.4174,954,2441,1857,2654,0.2416,954,2440,1861,2650,0.1044,0.1048
000777,000777.jpeg,3024,4032,1,0.2516,1407,2126,2183,2347,0.0066,1400,2122,2252,2346,0.1013,0.1054
000778,000778.jpeg,3024,4032,1,0.4656,905,2206,1923,2462,0.0127,897,2196,1929,2466,0.0935,0.1142
000779,000779.jpeg,3024,4032,1,0.4116,1217,1974,1563,2086,0.0095,1214,1977,1556,2086,0.1238,0.1054
000780,000780.jpeg,3024,4032,1,0.5613,1176,2081,1828,2268,0.0176,1160,2103,1829,2263,0.0897,0.1602
000781,000781.jpeg,3024,4032,1,0.5872,1168,1989,1725,2149,0.0994,1166,1831,1740,2011,0.1001,0.1932
000782,000782.jpeg,3024,4032,1,0.447,1123,1822,1775,2045,0.01,1124,1823,1774,2058,0.1109,0.1716
000783,000783.jpeg,3024,4032,1,0.7082,803,2060,1499,2355,0.0117,803,2060,1499,2355,0.1553,0.147
000784,000784.jpeg,3024,4032,1,0.2425,1185,1746,2033,1956,0.0096,1021,1741,2056,1954,0.1046,0.1048
000785,000785.jpeg,3024,4032,1,0.2563,1144,1432,2053,1704,0.0129,1144,1432,2053,1704,0.0901,0.1049
000786,000786.jpeg,3024,4032,1,0.2955,749,1962,1504,2181,0.4646,749,1752,1544,1980,0.0886,0.1075
000787,000787.jpeg,3024,4032,1,0.6435,856,2326,1655,2553,0.0227,857,2318,1652,2556,0.0746,0.1041
000788,000788.jpeg,3024,4032,1,0.505,784,2336,1561,2550,0.0732,739,2381,1536,2549,0.0869,0.1089
000789,000789.jpeg,3024,4032,1,0.5548,1112,1941,1858,2215,0.0095,1112,1941,1858,2215,0.0822,0.1039
000790,000790.jpeg,3024,4032,1,0.3527,925,2376,1673,2579,0.3753,915,2229,1667,2415,0.088,0.1132
000791,000791.jpeg,3024,4032,1,0.5874,852,2194,1632,2466,0.0289,851,2186,1624,2465,0.0863,0.1049
000792,000792.jpeg,3024,4032,1,0.6352,571,1994,1440,2183,0.0765,571,1994,1440,2183,0.0882,0.1089
000793,000793.jpeg,3024,4032,1,0.7833,936,2108,1483,2267,0.3397,942,2003,1483,2137,0.0841,0.105
000794,000794.jpeg,3024,4032,1,0.6512,1199,2023,1839,2250,0.0096,1199,2021,1838,2261,0.0817,0.1084
000795,000795.jpeg,3024,4032,1,0.0047,740,2024,1492,2206,0.0005,1810,2064,2193,2192,0.0907,0.1109
000796,000796.jpeg,3024,4032,1,0.0013,507,2001,1522,2229,0.0003,1570,3977,2076,4032,0.0839,0.1054
000797,000797.jpeg,3024,4032,1,0.3582,904,2827,1597,3005,0.41,907,2660,1578,2849,0.1023,0.1072
000798,000798.jpeg,3024,4032,1,0.5884,1044,1999,1674,2226,0.0105,1044,1999,1674,2226,0.0802,0.1051
000799,000799.jpeg,3024,4032,1,0.5362,1044,1887,1877,2183,0.0319,1044,1879,1868,2176,0.0704,0.1049
000800,000800.jpeg,3024,4032,1,0.5913,866,2098,1536,2282,0.0881,860,2114,1554,2291,0.0751,0.1047
000801,000801.jpeg,3024,4032,1,0.4441,927,1763,1881,1977,0.0845,927,1763,1881,1977,0.077,0.1049
000802,000802.jpeg,3024,4032,1,0.6684,968,2585,1707,2745,0.0243,961,2579,1712,2756,0.0831,0.1161
000803,000803.jpeg,3024,4032,1,0.5686,1132,2171,1872,2406,0.0119,1132,2171,1872,2406,0.0858,0.1061
000804,000804.jpeg,3024,4032,1,0.4814,991,2468,1678,2684,0.1253,1247,2275,1675,2490,0.0772,0.1043
000805,000805.jpeg,3024,4032,1,0.3217,663,1941,1498,2156,0.4621,671,1943,1470,2144,0.1016,0.1051
000806,000806.jpeg,3024,4032,1,0.3393,366,2042,1501,2351,0.0071,366,2042,1501,2351,0.084,0.1096
000807,000807.jpeg,3024,4032,1,0.3283,985,1111,1999,1344,0.0588,970,1104,2040,1348,0.0984,0.1257
000808,000808.jpeg,3024,4032,1,0.4467,1083,1765,2103,2079,0.0262,1089,1776,2092,2075,0.0945,0.108
000809,000809.jpeg,3024,4032,1,0.3485,972,1717,1901,2003,0.3802,1030,1415,1844,1721,0.0836,0.1044
000810,000810.jpeg,3024,4032,1,0.3932,1025,2137,1736,2432,0.2155,707,1842,1932,2149,0.1054,0.1057
000811,000811.jpeg,3024,4032,1,0.4986,1096,2085,2012,2283,0.269,1100,2079,2024,2281,0.0997,0.1091
000812,000812.jpeg,3024,4032,1,0.6283,1102,1622,1824,1815,0.0247,1116,1630,1828,1820,0.0921,0.1078
000813,000813.jpeg,3024,4032,1,0.4877,1105,2033,2020,2273,0.0404,1107,2018,2024,2274,0.1058,0.1084
000814,000814.jpeg,3024,4032,1,0.1353,677,1839,2223,2206,0.0081,686,1846,1978,2215,0.092,0.1073
000815,000815.jpeg,3024,4032,1,0.0793,320,1935,1085,2355,0.0067,320,1935,1085,2355,0.0849,0.1068
000816,000816.jpeg,3024,4032,1,0.5822,782,1624,1713,1954,0.0324,782,1638,1697,1957,0.1009,0.1061
000817,000817.jpeg,3024,4032,1,0.1352,734,2016,1381,2207,0.0077,734,2016,1381,2207,0.0826,0.1062
000818,000818.jpeg,3024,4032,1,0.1598,881,1610,1932,1984,0.007,633,2091,1679,2298,0.0835,0.105
000819,000819.jpeg,3024,4032,1,0.4505,1490,1650,2420,1843,0.262,1421,1652,2439,1851,0.1039,0.1057
000820,000820.jpeg,3024,4032,1,0.1908,1598,1525,2836,1770,0.0844,1398,1524,2594,1784,0.1029,0.1073
000821,000821.jpeg,3024,4032,1,0.265,1134,1854,2332,2100,0.2578,1133,1846,2021,2095,0.0852,0.1056
000822,000822.jpeg,3024,4032,1,0.2439,1351,1605,2356,1852,0.055,1344,1576,2336,1858,0.1077,0.1051
000823,000823.jpeg,3024,4032,1,0.6211,862,2361,1673,2629,0.0477,780,2670,1505,2949,0.0877,0.1048
000824,000824.jpeg,3024,4032,1,0.2089,735,1830,1820,2019,0.445,741,1832,1802,2026,0.0843,0.1047
000825,000825.jpeg,3024,4032,1,0.4254,556,1792,1570,2056,0.0113,534,1785,1575,2062,0.0921,0.111
000826,000826.jpeg,3024,4032,1,0.0543,621,1761,2092,2186,0.0021,407,1735,1627,2167,0.0989,0.1061
000827,000827.jpeg,3024,4032,1,0.4441,834,1886,1876,2164,0.0281,835,1890,1880,2172,0.091,0.1047
000828,000828.jpeg,3024,4032,1,0.4544,966,1962,1907,2230,0.0221,966,1949,1906,2225,0.0959,0.1049
000829,000829.jpeg,3024,4032,1,0.4098,1067,2007,2231,2242,0.075,1050,1998,2147,2245,0.0872,0.1059
000830,000830.jpeg,3024,4032,1,0.6503,822,2439,1515,2745,0.0124,822,2439,1515,2745,0.0968,0.105
000831,000831.jpeg,3024,4032,1,0.2181,913,1905,1804,2081,0.2822,954,1790,1853,1951,0.0885,0.1051
000832,000832.jpeg,3024,4032,1,0.3845,685,1958,1622,2155,0.1595,580,1825,1610,1996,0.0926,0.1053
000833,000833.jpeg,3024,4032,1,0.5517,694,1638,1621,1857,0.0197,706,1633,1617,1862,0.0735,0.105
000834,000834.jpeg,3024,4032,1,0.6548,1366,1790,1807,1934,0.0584,1363,1799,1804,1934,0.0924,0.1057
000835,000835.jpeg,3024,4032,1,0.4527,1681,1572,2147,1711,0.0862,1693,1570,2151,1714,0.0836,0.1061
000836,000836.jpeg,3024,4032,1,0.4336,1502,1341,2294,1488,0.0885,1516,1327,2318,1501,0.0995,0.105
000837,000837.jpeg,3024,4032,1,0.0462,1079,1731,1740,1975,0.0014,1079,1731,1740,1975,0.0801,0.111
000838,000838.jpeg,3024,4032,1,0.3779,705,1666,1575,1895,0.0077,705,1650,1595,1895,0.0889,0.107
000839,000839.jpeg,3024,4032,1,0.3784,886,1917,1966,2159,0.6307,885,1686,1959,1928,0.117,0.1045
000840,000840.jpeg,3024,4032,1,0.6802,1051,2123,1905,2352,0.0227,1047,2116,1904,2358,0.0921,0.105
000841,000841.jpeg,3024,4032,1,0.507,865,2244,2030,2590,0.0183,857,2245,2020,2584,0.1364,0.1156
000842,000842.jpeg,3024,4032,1,0.2321,913,1912,1788,2096,0.0333,906,1904,1793,2100,0.0903,0.1066
000843,000843.jpeg,3024,4032,1,0.0257,2174,2,2852,132,0.0021,1540,735,2261,914,0.0858,0.1053
000844,000844.jpeg,3024,4032,1,0.0596,830,2008,1903,2240,0.0127,835,2009,1916,2232,0.1084,0.1044
000845,000845.jpeg,3024,4032,1,0.3311,527,1829,1555,2020,0.0485,530,1832,1561,2020,0.0868,0.1069
000846,000846.jpeg,3024,4032,1,0.6653,1336,2146,2041,2330,0.02,1322,2139,2024,2333,0.0916,0.1056
000847,000847.jpeg,3024,4032,1,0.4439,1026,1634,2210,1901,0.0166,1041,1633,2183,1891,0.0905,0.1103
000848,000848.jpeg,3024,4032,1,0.2825,1292,2001,1905,2212,0.0946,1278,1991,1915,2211,0.0876,0.1066
000849,000849.jpeg,3024,4032,1,0.1247,911,2022,1814,2295,0.0151,911,2022,1814,2295,0.0917,0.1056
000850,000850.jpeg,3024,4032,1,0.5448,1152,1813,1987,1971,0.3757,1234,1649,1976,1798,0.0941,0.1063
000851,000851.jpeg,3024,4032,1,0.1486,691,2426,1836,2719,0.0779,687,2196,1448,2445,0.0832,0.1049
000852,000852.jpeg,3024,4032,1,0.3426,1009,1841,2016,2147,0.0627,1011,1824,2015,2157,0.0833,0.1045
000853,000853.jpeg,3024,4032,1,0.6511,1690,2087,2423,2333,0.4385,1660,2066,2401,2328,0.1024,0.1048
000854,000854.jpeg,3024,4032,1,0.5689,549,1815,1300,2018,0.7285,549,1644,1297,1844,0.0865,0.1715
000855,000855.jpeg,3024,4032,1,0.4205,728,1935,1669,2155,0.2547,718,1930,1640,2158,0.0948,0.159
000856,000856.jpeg,3024,4032,1,0.3719,1116,2018,1867,2245,0.0212,1118,2007,1867,2257,0.0986,0.1763
000857,000857.jpg,756,1008,0,0.5871,282,652,427,686,0.1017,280,638,419,657,0.0172,0.1186
000858,000858.jpg,779,1107,0,0.0927,314,653,476,689,0.0688,313,674,472,694,0.0146,0.1918
000859,000859.jpg,640,640,0,0.0642,247,383,391,413,0.0109,254,384,385,418,0.0177,0.3489
000860,000860.jpg,796,603,0,0.0741,444,248,528,269,0.1049,443,247,528,271,0.0109,0.1122
000861,000861.jpg,640,640,0,0.3783,373,316,466,342,0.0487,374,292,439,315,0.0082,0.144
000862,000862.jpg,1027,770,0,0.3478,431,387,598,437,0.0217,434,383,589,434,0.0163,0.1067
000863,000863.jpg,640,640,0,0.3938,290,347,389,369,0.4031,290,332,386,351,0.0046,0.0892
000864,000864.jpg,859,1145,0,0.2294,286,751,413,781,0.0118,286,751,413,781,0.0148,0.0952
000865,000865.jpg,1342,1006,0,0.3225,550,615,842,673,0.0079,550,615,842,673,0.0162,0.0859
000866,000866.jpg,640,640,0,0.0875,208,316,345,373,0.0129,208,312,347,370,0.0042,0.0867
000867,000867.jpg,876,1049,0,0.3779,507,677,687,712,0.0603,505,680,687,704,0.0149,0.0995
000868,000868.jpg,640,640,0,0.3468,282,415,408,468,0.0121,285,409,411,474,0.0049,0.1034
000869,000869.jpg,1008,756,0,0.6483,478,348,600,375,0.0151,477,349,598,375,0.0125,0.1032
000870,000870.jpg,1008,756,0,0.7613,409,268,530,296,0.133,407,269,530,295,0.0122,0.1096
000871,000871.jpg,640,640,0,0.8719,256,244,330,269,0.0207,256,245,331,270,0.0047,0.1073
000872,000872.jpg,1008,756,0,0.3474,524,511,670,550,0.0152,679,145,964,247,0.011,0.0941
000873,000873.jpg,640,640,0,0.4304,291,418,388,446,0.0078,162,419,288,450,0.0045,0.0908
000874,000874.jpg,1234,816,0,0.2421,345,566,546,622,0.0172,344,565,547,623,0.0145,0.104
000875,000875.jpg,640,640,0,0.2084,157,432,235,477,0.0387,290,194,402,223,0.0054,0.0896
000876,000876.jpg,1248,937,0,0.599,695,373,878,413,0.0109,691,365,891,421,0.0116,0.0975
000877,000877.jpg,913,684,0,0.2464,229,487,359,531,0.0303,230,485,360,532,0.0098,0.0866
000878,000878.jpg,640,640,0,0.1261,304,521,414,564,0.0051,156,448,264,501,0.0043,0.0869
000879,000879.jpg,1035,776,0,0.109,573,495,670,513,0.1823,593,472,677,497,0.0137,0.0996
000880,000880.jpg,640,640,0,0.0593,272,343,417,388,0.0713,352,392,422,414,0.005,0.1062
000881,000881.jpg,1096,822,0,0.5224,480,406,679,440,0.2228,480,407,678,442,0.0115,0.0951
000882,000882.jpg,640,640,0,0.4996,292,294,413,332,0.1015,293,293,414,330,0.0041,0.0917
000883,000883.jpg,1075,793,0,0.4174,378,484,592,518,0.2101,376,485,590,519,0.0119,0.1126
000884,000884.jpg,640,640,0,0.6438,200,387,326,428,0.0542,200,387,326,428,0.0049,0.0899
000885,000885.jpg,1094,808,0,0.4261,473,305,700,353,0.0691,469,315,680,341,0.0109,0.0974
000886,000886.jpg,640,640,0,0.6172,258,249,391,278,0.0263,258,249,391,278,0.0045,0.1411
000887,000887.jpg,1069,802,0,0.4829,641,307,733,337,0.03,642,299,822,345,0.0197,0.122
000888,000888.jpg,640,640,0,0.2628,385,259,539,313,0.014,385,259,539,313,0.0057,0.1043
000889,000889.jpg,975,708,0,0.1647,511,297,654,352,0.0379,630,365,836,443,0.0126,0.1098
000890,000890.jpg,1246,935,0,0.7436,513,337,659,378,0.0208,546,319,656,345,0.0178,0.106
000891,000891.jpg,640,640,0,0.1806,239,212,318,245,0.005,239,212,318,245,0.0042,0.0857
000892,000892.jpg,1348,1011,0,0.4801,1021,518,1259,583,0.0113,1021,518,1259,583,0.017,0.0958
000893,000893.jpg,640,640,0,0.4643,507,302,621,339,0.0151,508,301,621,339,0.0049,0.086
000894,000894.jpg,1266,949,0,0.6236,519,295,729,338,0.0589,531,277,728,306,0.0139,0.097
000895,000895.jpg,640,640,0,0.7112,275,191,384,226,0.0121,270,180,384,204,0.0043,0.092
000896,000896.jpg,640,640,0,0.2042,582,451,639,502,0.0514,232,239,346,273,0.0045,0.0969
000897,000897.jpg,1099,1466,0,0.4158,363,943,582,1011,0.0108,363,943,582,1011,0.0278,0.1012
000898,000898.jpg,640,640,0,0.5046,227,386,357,447,0.0157,227,386,357,447,0.0046,0.1169
000899,000899.jpg,1007,1343,0,0.6837,661,782,789,820,0.0113,664,785,789,818,0.0224,0.1212
000900,000900.jpg,640,640,0,0.7276,416,390,497,412,0.0081,415,391,497,412,0.0055,0.0863
000901,000901.jpg,1316,987,0,0.0684,383,733,606,770,0.106,664,654,840,689,0.0186,0.0918
000902,000902.jpg,640,640,0,0.0042,290,430,400,459,0.0026,288,432,399,458,0.0055,0.0838
000903,000903.jpg,924,1231,0,0.2197,200,642,532,706,0.1508,490,393,613,421,0.014,0.0905
000904,000904.jpg,640,640,0,0.2625,123,329,346,378,0.0103,179,330,347,379,0.005,0.1065
000905,000905.jpg,1343,1007,0,0.3841,582,532,752,577,0.4085,599,493,817,534,0.0207,0.1013
000906,000906.jpg,640,640,0,0.4749,331,333,413,368,0.1285,329,334,413,366,0.0045,0.0972
000907,000907.jpg,1333,1000,0,0.4799,505,535,668,576,0.2056,526,501,714,540,0.0228,0.1087
000908,000908.jpg,640,640,0,0.5028,282,352,357,381,0.2621,297,329,363,359,0.0052,0.1025
000909,000909.jpg,669,895,0,0.6828,276,634,414,670,0.0127,279,635,410,667,0.007,0.0998
000910,000910.jpg,640,640,0,0.7365,301,416,431,473,0.0095,301,416,431,473,0.0046,0.0885
000911,000911.jpg,722,964,0,0.4313,235,756,425,791,0.1885,243,751,421,794,0.0105,0.0929
000912,000912.jpg,640,640,0,0.2762,200,478,334,517,0.1513,198,476,334,512,0.0047,0.0857
000913,000913.jpg,756,1008,0,0.5402,319,649,532,694,0.0285,319,649,532,694,0.0092,0.0945
000914,000914.jpg,711,949,0,0.3955,200,580,485,649,0.3467,341,356,546,384,0.0076,0.0989
000915,000915.jpg,640,640,0,0.2942,302,215,479,243,0.0991,307,211,479,244,0.004,0.0976
000916,000916.jpg,678,905,0,0.6729,242,753,413,800,0.0196,241,753,409,802,0.0125,0.1086
000917,000917.jpg,640,640,0,0.5032,244,511,400,559,0.0168,244,509,398,564,0.0062,0.0979
000918,000918.jpg,678,902,0,0.2894,268,649,403,680,0.0142,460,257,525,276,0.0113,0.0984
000919,000919.jpg,711,962,0,0.6637,253,738,391,776,0.0178,252,740,394,778,0.0105,0.1007
000920,000920.jpg,640,640,0,0.7077,213,472,339,509,0.0236,213,475,339,507,0.0049,0.0885
000921,000921.jpg,664,888,0,0.5525,258,598,411,636,0.0217,257,598,413,637,0.0094,0.0927
000922,000922.jpg,640,640,0,0.4943,232,421,378,455,0.017,232,421,378,455,0.0042,0.0871
000923,000923.jpg,654,876,0,0.6338,209,226,401,269,0.0233,208,227,397,269,0.0082,0.1017
000924,000924.jpg,756,1008,0,0.6127,208,299,378,345,0.0642,207,304,376,335,0.0122,0.0944
000925,000925.jpg,640,640,0,0.217,176,197,317,231,0.0116,176,197,317,231,0.004,0.0991
000926,000926.jpg,654,873,0,0.7331,245,483,348,508,0.0105,245,482,348,509,0.009,0.1104
000927,000927.jpg,756,1008,0,0.5998,275,637,453,667,0.1107,269,636,454,667,0.0123,0.0956
000928,000928.jpg,702,939,0,0.5153,214,722,327,750,0.0756,214,709,433,751,0.0101,0.0904
000929,000929.jpg,640,640,0,0.3181,202,483,323,514,0.2159,204,465,354,492,0.0045,0.0915
000930,000930.jpg,756,1008,0,0.3232,229,510,404,541,0.3868,236,483,406,514,0.0113,0.0958
000931,000931.jpg,640,640,0,0.5645,213,310,359,336,0.2906,214,307,360,337,0.0041,0.0929
000932,000932.jpg,659,879,0,0.5677,297,407,447,439,0.0218,297,407,447,439,0.0066,0.192
000933,000933.jpg,640,640,0,0.1794,308,307,449,345,0.1161,307,305,449,345,0.0071,0.12
000934,000934.jpg,794,1059,0,0.7026,207,677,337,708,0.6356,211,650,339,680,0.0178,0.1327
000935,000935.jpg,640,640,0,0.2148,196,433,307,461,0.2672,196,416,306,439,0.0053,0.1229
000936,000936.jpg,788,1051,0,0.6427,294,419,441,448,0.6795,293,390,442,422,0.0149,0.1078
000937,000937.jpg,769,1025,0,0.6716,248,653,485,688,0.0121,257,646,473,693,0.0125,0.1743
000938,000938.jpg,640,640,0,0.602,245,407,369,426,0.0239,247,403,381,431,0.0169,0.1134
000939,000939.jpg,693,929,0,0.1944,277,477,410,499,0.0978,278,476,478,499,0.0104,0.114
000940,000940.jpg,640,640,0,0.1851,276,282,416,336,0.0193,286,300,415,328,0.0048,0.1013
000941,000941.jpg,834,1112,0,0.5363,421,404,543,433,0.1644,420,371,525,401,0.0125,0.1066
000942,000942.jpg,794,1058,0,0.5266,315,340,432,373,0.0567,376,313,506,344,0.0151,0.0982
000943,000943.jpg,640,640,0,0.2204,259,210,314,227,0.0621,259,188,320,211,0.0054,0.1009
000944,000944.jpg,818,1090,0,0.1652,239,713,425,747,0.0565,239,713,425,747,0.0142,0.0952
000945,000945.jpg,640,640,0,0.0451,185,402,334,430,0.0157,185,402,334,430,0.0044,0.0902
000946,000946.jpg,722,962,0,0.4606,385,324,543,359,0.212,383,295,530,326,0.01,0.0951
000947,000947.jpg,640,640,0,0.348,353,217,490,243,0.4176,353,195,491,222,0.0046,0.094
000948,000948.jpg,934,1246,0,0.4345,497,844,607,873,0.2707,492,820,608,846,0.0153,0.092
000949,000949.jpg,640,640,0,0.137,295,432,377,464,0.016,304,431,376,445,0.0045,0.0952
000950,000950.jpg,756,1008,0,0.1974,158,354,475,407,0.0114,162,357,465,405,0.0115,0.0977
000951,000951.jpg,756,1008,0,0.7856,369,463,497,499,0.0115,368,466,500,498,0.01,0.1061
000952,000952.jpg,640,640,0,0.4648,292,272,394,302,0.0132,290,247,399,281,0.0041,0.0907
000953,000953.jpg,953,1271,0,0.6656,278,933,437,971,0.3895,280,894,441,936,0.0146,0.0954
000954,000954.jpg,640,640,0,0.2102,179,458,290,501,0.2065,179,436,293,475,0.0052,0.0833
000955,000955.jpg,829,1106,0,0.6012,260,518,372,554,0.0055,262,520,379,553,0.0111,0.1049
000956,000956.jpg,640,640,0,0.7079,195,298,280,336,0.0064,194,296,284,343,0.0046,0.1075
000957,000957.jpg,846,1127,0,0.5583,251,752,385,785,0.6067,254,725,388,754,0.0129,0.0967
000958,000958.jpg,640,640,0,0.2441,156,412,286,442,0.155,158,389,267,423,0.0046,0.0853
000959,000959.jpg,892,1189,0,0.7841,310,858,485,907,0.0135,312,860,479,902,0.0149,0.0917
000960,000960.jpg,640,640,0,0.6426,207,456,332,510,0.0152,207,456,332,510,0.0045,0.1038
000961,000961.jpg,948,1264,0,0.4746,358,340,509,384,0.1641,357,339,512,382,0.0194,0.1142
000962,000962.jpg,640,640,0,0.4045,243,181,353,215,0.0709,243,183,350,220,0.006,0.0934
000963,000963.jpg,813,1084,0,0.2729,211,332,358,373,0.2147,211,331,355,371,0.0136,0.0922
000964,000964.jpg,640,640,0,0.5463,139,214,262,245,0.1817,139,218,260,244,0.0052,0.0862
000965,000965.jpg,985,1313,0,0.2358,208,875,385,903,0.1647,207,850,395,882,0.018,0.0861
000966,000966.jpg,1039,1385,0,0.5835,262,457,444,496,0.0312,265,457,446,498,0.0192,0.0857
000967,000967.jpg,1010,1347,0,0.6805,382,927,593,984,0.0153,382,927,593,984,0.0188,0.0891
000968,000968.jpg,640,640,0,0.642,272,403,404,459,0.0123,272,403,404,459,0.0042,0.0967
000969,000969.jpg,1019,1358,0,0.263,422,872,573,914,0.1869,425,873,599,913,0.0212,0.1016
000970,000970.jpg,640,640,0,0.2024,277,407,369,431,0.1013,276,411,358,431,0.0068,0.1052
000971,000971.jpg,941,1255,0,0.4174,179,666,419,720,0.0076,180,664,416,721,0.0174,0.0966
000972,000972.jpg,909,1211,0,0.2392,260,611,454,656,0.0045,254,612,480,662,0.0135,0.0885
000973,000973.jpg,1000,1333,0,0.4406,379,593,591,668,0.0715,398,588,591,622,0.0161,0.0919
000974,000974.jpg,640,640,0,0.6067,229,278,356,316,0.0206,227,275,354,313,0.0049,0.086
000975,000975.jpg,979,1306,0,0.2584,221,789,348,832,0.1798,221,790,350,831,0.0187,0.0952
000976,000976.jpg,640,640,0,0.3634,166,370,282,407,0.1434,165,369,279,409,0.0047,0.0982
000977,000977.jpg,974,1299,0,0.2822,540,395,712,424,0.0583,540,395,712,424,0.0191,0.1053
000978,000978.jpg,640,640,0,0.4444,355,210,470,240,0.0378,355,207,470,240,0.0051,0.117
000979,000979.jpg,1042,1390,0,0.6619,396,665,580,702,0.7027,396,633,579,668,0.0233,0.1126
000980,000980.jpg,640,640,0,0.4004,264,304,382,325,0.3546,261,281,378,307,0.0042,0.1073
000981,000981.jpg,813,1084,0,0.2875,223,435,361,468,0.188,221,410,322,438,0.0148,0.1248
000982,000982.jpg,640,640,0,0.0582,373,195,431,215,0.0027,373,196,432,214,0.0057,0.1185
000983,000983.jpg,1045,1393,0,0.6687,263,893,440,943,0.0113,262,890,440,949,0.021,0.1272
000984,000984.jpg,640,640,0,0.5521,169,384,280,417,0.0125,169,382,280,419,0.0057,0.114
000985,000985.jpg,1029,1372,0,0.5856,207,835,382,873,0.0313,195,838,366,874,0.0181,0.1252
000986,000986.jpg,640,640,0,0.3441,146,389,257,408,0.0892,143,386,259,412,0.0041,0.1203
000987,000987.jpg,987,1316,0,0.366,233,848,401,879,0.1766,212,848,379,878,0.0199,0.1394
000988,000988.jpg,640,640,0,0.1336,104,447,206,465,0.2974,104,434,219,450,0.0052,0.1191
000989,000989.jpg,980,1307,0,0.2248,260,651,461,675,0.2526,253,629,472,663,0.0186,0.1246
000990,000990.jpg,640,640,0,0.4121,166,331,319,358,0.1,165,331,317,357,0.0049,0.1124
000991,000991.jpg,879,1182,0,0.2552,101,719,246,752,0.0135,0,456,94,482,0.0112,0.0971
000992,000992.jpg,640,640,0,0.054,240,381,378,429,0.0027,242,380,379,428,0.0046,0.0869
000993,000993.jpg,889,1186,0,0.1904,375,625,505,656,0.1622,393,625,581,656,0.0149,0.0936
000994,000994.jpg,1023,1364,0,0.3524,417,502,569,544,0.0383,416,503,565,542,0.0172,0.0998
000995,000995.jpg,640,640,0,0.2258,253,243,389,273,0.0366,253,243,389,273,0.0043,0.0947
000996,000996.jpg,947,1263,0,0.0739,442,528,654,565,0.0404,467,530,656,562,0.0156,0.098
000997,000997.jpg,640,640,0,0.0103,279,268,372,294,0.0053,285,256,365,274,0.0042,0.0862
000998,000998.jpg,953,1270,0,0.368,536,764,669,797,0.216,535,737,663,766,0.0158,0.0946
000999,000999.jpg,640,640,0,0.2106,391,376,475,392,0.0244,391,376,475,392,0.0049,0.1109
001000,001000.jpg,822,1098,0,0.384,201,656,405,686,0.1518,206,656,402,685,0.0159,0.1752
001001,001001.jpg,640,640,0,0.1006,139,361,295,413,0.018,136,357,298,395,0.006,0.1078
001002,001002.jpg,761,1014,0,0.54,273,334,549,388,0.0185,272,334,544,387,0.0118,0.0976
001003,001003.jpg,640,640,0,0.0392,222,199,317,237,0.0015,222,199,317,237,0.0061,0.1058
001004,001004.jpg,612,832,0,0.5703,210,437,339,463,0.0249,209,437,343,464,0.0076,0.1033
001005,001005.jpg,640,640,0,0.4372,215,311,343,346,0.0459,215,311,343,346,0.0047,0.0974
001006,001006.jpg,1008,756,0,0.8433,330,546,473,575,0.8369,332,517,472,546,0.0117,0.0973
001007,001007.jpg,640,640,0,0.8457,190,465,282,489,0.7588,190,440,281,466,0.0052,0.0943
001008,001008.jpg,678,905,0,0.5714,227,646,403,688,0.025,228,647,406,689,0.0092,0.0942
001009,001009.jpg,640,640,0,0.6837,258,430,425,488,0.0156,266,428,425,490,0.0051,0.0908
001010,001010.jpg,935,703,0,0.7574,126,487,233,519,0.0099,125,485,238,523,0.0109,0.0954
001011,001011.jpg,640,640,0,0.5966,46,425,123,457,0.0166,46,425,123,457,0.0052,0.0935
001012,001012.jpg,939,704,0,0.5894,480,516,605,540,0.6909,481,489,608,518,0.0087,0.1071
001013,001013.jpg,640,640,0,0.3223,357,475,444,496,0.2586,355,453,444,477,0.0052,0.105
001014,001014.jpg,581,774,0,0.4872,203,471,383,512,0.0184,201,472,387,512,0.0081,0.102
001015,001015.jpg,640,640,0,0.5005,272,402,445,439,0.0231,81,83,206,150,0.0043,0.0927
001016,001016.jpg,1008,756,0,0.1933,617,623,708,656,0.0038,619,624,709,654,0.012,0.0954
001017,001017.jpg,640,640,0,0.0079,295,518,353,549,0.0004,292,514,357,552,0.0047,0.0945
001018,001018.jpg,680,912,0,0.267,268,413,432,445,0.0624,267,414,432,445,0.008,0.0947
001019,001019.jpg,640,640,0,0.1356,264,274,418,300,0.0681,268,274,416,300,0.0035,0.0989
001020,001020.jpg,818,727,0,0.4337,310,120,481,155,0.1054,310,120,481,155,0.01,0.0942
001021,001021.jpg,515,686,0,0.3688,204,111,322,141,0.0551,204,111,322,141,0.0069,0.1093
001022,001022.jpg,640,640,0,0.3795,185,223,328,268,0.0352,229,99,395,144,0.0056,0.1284
001023,001023.jpg,1008,756,0,0.4375,496,459,687,503,0.0117,496,457,686,503,0.0132,0.1054
001024,001024.jpg,640,640,0,0.4275,333,399,454,431,0.0167,333,399,454,431,0.0045,0.092
001025,001025.jpg,900,685,0,0.3207,512,249,710,288,0.0903,512,218,716,254,0.0098,0.0939
001026,001026.jpg,640,640,0,0.5698,384,235,519,278,0.0249,394,213,495,248,0.0049,0.0877
001027,001027.jpg,741,572,0,0.3682,77,132,264,166,0.0299,66,102,289,141,0.0072,0.1025
001028,001028.jpg,1008,756,0,0.6707,397,548,547,584,0.6098,397,509,546,550,0.013,0.0958
001029,001029.jpg,640,640,0,0.7321,214,454,317,487,0.4668,216,423,316,455,0.0048,0.0904
001030,001030.jpg,756,1008,0,0.1997,385,294,523,326,0.1028,384,295,523,326,0.0135,0.0949
001031,001031.jpg,640,640,0,0.3492,317,199,438,228,0.0631,313,203,438,229,0.0065,0.1049
001032,001032.jpg,941,1255,0,0.633,125,850,218,885,0.2591,662,355,755,388,0.0161,0.0991
001033,001033.jpg,640,640,0,0.4307,92,444,157,463,0.032,97,444,175,464,0.005,0.0859
001034,001034.jpg,717,957,0,0.7771,328,612,479,648,0.0205,321,612,480,649,0.0105,0.093
001035,001035.jpg,1008,756,0,0.8539,199,538,348,566,0.8545,213,509,358,539,0.0122,0.0964
001036,001036.jpg,640,640,0,0.7239,123,454,217,478,0.4741,136,430,225,457,0.0054,0.0946
001037,001037.jpg,564,948,0,0.6537,283,144,456,192,0.0104,286,146,459,192,0.0068,0.1044
001038,001038.jpg,756,1008,0,0.6901,257,645,409,691,0.0168,259,648,414,692,0.0112,0.0939
001039,001039.jpg,640,640,0,0.5867,203,408,328,454,0.0106,201,407,327,455,0.0046,0.0905
001040,001040.jpg,1008,756,0,0.6055,363,467,486,508,0.0086,361,464,492,514,0.01,0.1018
001041,001041.jpg,640,640,0,0.3444,207,372,326,411,0.0085,207,372,326,411,0.0047,0.1052
001042,001042.jpg,1535,2048,0,0.7372,573,1391,867,1482,0.0134,574,1393,869,1484,0.0413,0.101
001043,001043.jpg,640,640,0,0.6731,269,419,391,469,0.0141,269,419,391,469,0.007,0.0855
001044,001044.jpg,676,902,0,0.7326,224,580,363,613,0.0272,222,578,367,615,0.0084,0.0944
001045,001045.jpg,640,640,0,0.58,184,405,319,435,0.0685,185,410,324,433,0.0036,0.0942
001046,001046.jpg,712,951,0,0.3988,448,778,540,817,0.0116,402,780,542,821,0.0104,0.1012
001047,001047.jpg,702,936,0,0.547,111,534,219,569,0.0146,112,536,227,569,0.0105,0.0941
001048,001048.jpg,640,640,0,0.5677,108,371,207,407,0.0073,109,369,206,410,0.0045,0.0947
001049,001049.jpg,737,981,0,0.7135,400,650,537,691,0.0099,398,647,537,697,0.0108,0.1027
001050,001050.jpg,640,640,0,0.6452,375,447,499,485,0.0182,84,372,264,427,0.0047,0.1099
001051,001051.jpg,683,912,0,0.7122,261,686,389,721,0.0098,260,685,393,728,0.0114,0.1126
001052,001052.jpg,640,640,0,0.7074,261,489,381,528,0.0118,261,488,382,528,0.0042,0.0921
001053,001053.jpg,705,942,0,0.7608,263,780,415,827,0.1156,267,747,347,781,0.0092,0.0944
001054,001054.jpg,640,640,0,0.4804,238,524,374,560,0.0149,239,525,373,561,0.0045,0.0988
001055,001055.jpg,1008,756,0,0.5228,311,432,465,470,0.0074,310,431,467,477,0.0091,0.0934
001056,001056.jpg,668,890,0,0.4811,362,388,482,424,0.0142,362,386,488,425,0.0087,0.0942
001057,001057.jpg,640,640,0,0.5095,352,287,470,317,0.0203,352,287,470,317,0.0042,0.0864
001058,001058.jpg,756,1008,0,0.5458,235,536,382,582,0.0125,232,534,472,582,0.0102,0.0955
001059,001059.jpg,640,640,0,0.6579,214,326,337,375,0.0114,214,326,337,375,0.0044,0.0969
001060,001060.jpg,756,1008,0,0.6199,447,475,580,519,0.0346,85,242,289,340,0.0131,0.1087
001061,001061.jpg,1008,756,0,0.875,447,354,577,382,0.7613,446,327,579,356,0.0126,0.0936
001062,001062.jpg,640,640,0,0.8657,290,287,381,315,0.7371,292,262,381,292,0.005,0.0864
001063,001063.jpg,1008,756,0,0.8627,414,358,545,386,0.9096,411,333,545,359,0.0105,0.0932
001064,001064.jpg,640,640,0,0.7582,259,283,344,314,0.5833,261,261,346,291,0.0044,0.0865
001065,001065.jpg,712,954,0,0.6459,184,764,326,804,0.0082,184,766,324,810,0.0097,0.0934
001066,001066.jpg,640,640,0,0.6868,117,492,237,523,0.0203,115,491,239,523,0.0042,0.0924
001067,001067.jpg,717,957,0,0.2858,299,319,465,361,0.1609,0,558,255,613,0.0105,0.0945
001068,001068.jpg,756,1008,0,0.4903,256,455,399,508,0.0081,250,458,394,509,0.0113,0.1038
001069,001069.jpg,640,640,0,0.6621,235,275,358,323,0.0091,235,275,358,323,0.0066,0.1053
001070,001070.jpg,756,1008,0,0.1485,220,770,320,799,0.0078,220,768,319,800,0.0118,0.0937
001071,001071.jpg,640,640,0,0.2059,271,251,346,292,0.0041,268,251,346,292,0.0047,0.0921
001072,001072.jpg,1008,756,0,0.5936,395,485,509,513,0.0453,393,485,534,512,0.0114,0.1068
001073,001073.jpg,640,640,0,0.5403,255,436,305,459,0.0177,259,434,333,456,0.0044,0.0983
001074,001074.jpg,729,973,0,0.4888,158,720,324,760,0.015,158,720,324,760,0.0112,0.1094
001075,001075.jpg,640,640,0,0.2668,254,450,399,487,0.0165,263,449,402,486,0.0055,0.113
001076,001076.jpg,952,1269,0,0.2033,226,683,400,730,0.0246,866,1138,952,1177,0.0201,0.1001
001077,001077.jpg,640,640,0,0.0965,595,329,640,367,0.0089,590,327,640,370,0.0048,0.0861
001078,001078.jpg,762,1106,0,0.6024,328,558,484,611,0.0127,328,559,479,605,0.0141,0.1216
001079,001079.jpg,640,640,0,0.5276,276,306,400,341,0.0264,275,306,397,342,0.0049,0.1211
001080,001080.jpg,795,1060,0,0.6054,305,491,445,537,0.0166,302,485,462,542,0.017,0.1002
001081,001081.jpg,785,998,0,0.6811,242,480,387,511,0.0327,241,479,388,511,0.0112,0.0939
001082,001082.jpg,640,640,0,0.488,188,295,305,323,0.0206,187,297,303,324,0.0049,0.0857
001083,001083.jpg,787,1051,0,0.4303,270,671,399,704,0.0292,270,669,398,704,0.0106,0.0947
001084,001084.jpg,640,640,0,0.333,196,390,332,422,0.0184,196,389,311,428,0.0049,0.0869
001085,001085.jpg,765,1093,0,0.6881,278,780,435,817,0.0937,275,778,433,819,0.0129,0.0904
001086,001086.jpg,640,640,0,0.2946,228,446,355,484,0.0252,228,449,358,483,0.0054,0.0862
001087,001087.jpg,724,964,0,0.635,257,325,456,375,0.0328,257,325,456,375,0.0066,0.1072
001088,001088.jpg,640,640,0,0.402,225,180,403,247,0.0153,225,179,402,246,0.0046,0.0959
001089,001089.jpg,768,977,0,0.4744,458,320,643,371,0.4442,140,605,229,632,0.0114,0.1009
001090,001090.jpg,778,1037,0,0.4843,373,345,511,375,0.5679,372,316,511,347,0.0129,0.0941
001091,001091.jpg,640,640,0,0.4542,288,213,404,243,0.2907,288,194,403,222,0.0048,0.0861
001092,001092.jpg,810,1080,0,0.8253,390,722,510,759,0.9328,390,681,509,720,0.0121,0.095
001093,001093.jpg,974,1299,0,0.4565,407,631,626,672,0.1508,409,623,631,676,0.0138,0.096
001094,001094.jpg,946,1261,0,0.8246,309,770,462,811,0.7498,306,731,453,774,0.0154,0.0956
001095,001095.jpg,640,640,0,0.2361,215,378,304,407,0.212,215,375,301,406,0.0043,0.0993
001096,001096.jpg,743,992,0,0.7801,154,672,306,699,0.7511,152,640,311,674,0.012,0.1231
001097,001097.jpg,640,640,0,0.3351,114,406,249,435,0.2464,115,402,248,434,0.0062,0.14
001098,001098.jpg,967,1289,0,0.7635,383,528,554,570,0.8172,381,489,551,529,0.025,0.1186
001099,001099.jpg,640,640,0,0.4331,243,267,356,290,0.4101,242,242,356,270,0.0047,0.1086
001100,001100.jpg,775,1033,0,0.8392,402,274,487,303,0.8512,404,240,501,275,0.0162,0.0986
001101,001101.jpg,640,640,0,0.5477,305,136,368,165,0.3595,303,111,375,143,0.0059,0.1072
001102,001102.jpg,900,1200,0,0.4026,298,750,508,798,0.1058,294,749,505,790,0.0162,0.1101
001103,001103.jpg,640,640,0,0.5121,229,373,377,406,0.0617,227,370,377,407,0.0054,0.1053
001104,001104.jpg,800,1066,0,0.6937,274,499,455,535,0.7435,273,471,452,502,0.0127,0.1095
001105,001105.jpg,640,640,0,0.4568,235,313,373,339,0.534,232,296,377,317,0.0055,0.1027
001106,001106.jpg,1023,1364,0,0.4319,250,445,500,498,0.2808,250,447,498,501,0.0184,0.096
001107,001107.jpg,877,1169,0,0.7681,361,373,504,413,0.0552,354,369,507,414,0.0127,0.0917
001108,001108.jpg,640,640,0,0.7484,261,213,368,240,0.0166,258,210,368,240,0.0044,0.0905
001109,001109.jpg,924,1231,0,0.6622,381,509,537,556,0.0323,379,509,540,556,0.0122,0.0967
001110,001110.jpg,640,640,0,0.4657,268,279,369,316,0.04,268,279,369,316,0.0049,0.094
001111,001111.jpg,795,1060,0,0.5243,285,716,429,754,0.4132,281,681,403,715,0.0129,0.0975
001112,001112.jpg,640,640,0,0.3448,220,417,336,444,0.1799,216,397,317,420,0.0051,0.0968
001113,001113.jpg,926,1235,0,0.7801,332,653,498,702,0.0113,331,654,500,703,0.015,0.0999
001114,001114.jpg,640,640,0,0.7045,246,334,358,376,0.0112,242,329,361,376,0.0064,0.1067
001115,001115.jpg,841,1121,0,0.7786,283,745,428,781,0.0099,278,741,434,783,0.014,0.1023
001116,001116.jpg,640,640,0,0.6292,244,423,358,458,0.0199,244,423,358,458,0.0048,0.1167
001117,001117.jpg,879,1173,0,0.7349,339,754,503,798,0.0172,338,754,505,802,0.0173,0.1306
001118,001118.jpg,640,640,0,0.5974,289,426,412,468,0.0163,289,427,413,469,0.0051,0.1257
001119,001119.jpg,771,1027,0,0.4835,224,313,364,365,0.0117,243,289,324,324,0.0152,0.1396
001120,001120.jpg,640,640,0,0.6201,170,203,281,247,0.0165,169,206,280,247,0.0129,0.1192
001121,001121.jpg,999,1331,0,0.6127,351,876,550,942,0.0172,351,876,550,942,0.0172,0.1353
001122,001122.jpg,640,640,0,0.6732,230,402,358,436,0.0213,230,400,357,437,0.0053,0.1232
001123,001123.jpg,908,1210,0,0.4463,329,794,529,852,0.0324,229,800,375,833,0.0207,0.1499
001124,001124.jpg,640,640,0,0.4355,131,412,244,455,0.0102,131,411,244,457,0.0071,0.1341
001125,001125.jpg,947,1263,0,0.908,210,808,368,846,0.9037,209,775,373,811,0.0223,0.1313
001126,001126.jpg,640,640,0,0.503,155,403,254,422,0.5339,154,385,249,403,0.006,0.1184
001127,001127.jpg,897,1196,0,0.8262,302,779,443,815,0.7458,307,739,441,780,0.0184,0.101
001128,001128.jpg,640,640,0,0.5064,209,423,305,451,0.2737,206,400,301,428,0.0048,0.099
001129,001129.jpg,640,640,0,0.3087,124,503,297,560,0.0167,191,201,274,226,0.0057,0.1242
001130,001130.jpg,911,1214,0,0.5973,166,351,365,408,0.0262,166,351,365,408,0.0157,0.1002
001131,001131.jpg,640,640,0,0.5085,91,209,272,245,0.034,94,209,273,243,0.0052,0.0905
001132,001132.jpg,821,1095,0,0.6099,354,375,573,420,0.7551,355,338,580,378,0.0123,0.0948
001133,001133.jpg,640,640,0,0.554,283,233,452,262,0.7164,283,209,451,237,0.004,0.09
001134,001134.jpg,833,1112,0,0.3924,426,788,610,840,0.0107,299,787,547,842,0.0172,0.1086
001135,001135.jpg,783,1044,0,0.4088,366,659,480,694,0.0106,366,661,483,694,0.0154,0.1082
001136,001136.jpg,640,640,0,0.0676,293,410,379,444,0.0022,293,410,379,444,0.0048,0.105
001137,001137.jpg,1006,1341,0,0.1164,351,0,578,42,0.004,503,830,579,868,0.0187,0.1225
001138,001138.jpg,776,1034,0,0.4382,266,510,426,547,0.2475,264,470,471,516,0.0115,0.1125
001139,001139.jpg,1051,1402,0,0.6914,398,438,628,486,0.5732,435,407,561,443,0.0235,0.1003
001140,001140.jpg,640,640,0,0.1375,254,187,333,206,0.0497,255,187,330,205,0.005,0.0856
001141,001141.jpg,983,1311,0,0.771,584,433,734,477,0.4876,587,384,730,431,0.0202,0.0847
001142,001142.jpg,683,910,0,0.5168,250,640,376,672,0.0276,316,644,374,670,0.0076,0.0905
001143,001143.jpg,640,640,0,0.5063,237,457,331,482,0.0201,236,459,328,483,0.005,0.0861
001144,001144.jpg,1008,756,0,0.4077,515,445,700,495,0.0779,515,445,700,495,0.0108,0.1078
001145,001145.jpg,640,640,0,0.6134,299,366,418,403,0.015,300,365,419,402,0.0053,0.0937
001146,001146.jpg,1008,756,0,0.9251,494,518,618,547,0.91,496,487,620,519,0.012,0.107
001147,001147.jpg,640,640,0,0.7192,328,447,410,472,0.7379,327,421,410,449,0.0051,0.0969
001148,001148.jpg,1008,756,0,0.7018,388,486,550,531,0.0222,388,488,552,526,0.013,0.1009
001149,001149.jpg,640,640,0,0.6626,226,411,332,451,0.0128,226,412,333,452,0.0041,0.0927
001150,001150.jpg,1008,756,0,0.3503,350,456,518,502,0.0112,351,456,518,502,0.0118,0.0995
001151,001151.jpg,640,640,0,0.3852,236,386,347,437,0.0068,236,386,347,437,0.0048,0.0889
001152,001152.jpg,1008,756,0,0.1499,539,386,683,438,0.0328,539,386,683,438,0.0115,0.0941
001153,001153.jpg,640,640,0,0.2792,314,327,410,371,0.0081,314,327,410,371,0.0052,0.0868
001154,001154.jpg,1008,756,0,0.5329,474,487,645,533,0.0274,391,489,520,519,0.012,0.0964
001155,001155.jpg,640,640,0,0.4181,232,385,365,445,0.0108,232,385,365,445,0.0058,0.0976
001156,001156.jpg,949,838,0,0.5941,260,550,466,603,0.0203,260,550,466,603,0.0119,0.1492
001157,001157.jpg,640,640,0,0.623,163,415,305,471,0.0131,162,415,300,468,0.0056,0.1226
001158,001158.jpg,1228,921,0,0.4915,454,431,613,463,0.0672,453,429,613,460,0.0172,0.1167
001159,001159.jpg,640,640,0,0.6312,229,299,318,331,0.0267,229,298,317,332,0.0052,0.0884
001160,001160.jpg,1120,840,0,0.7112,197,554,328,603,0.0099,196,556,322,608,0.0131,0.0951
001161,001161.jpg,640,640,0,0.4742,139,415,233,449,0.0074,140,415,233,450,0.0051,0.0856
001162,001162.jpg,1241,931,0,0.6094,456,456,657,509,0.0184,452,459,665,514,0.0124,0.1039
001163,001163.jpg,640,640,0,0.6335,239,312,355,354,0.0106,239,312,355,354,0.0047,0.1133
001164,001164.jpg,1087,761,0,0.4557,433,265,661,312,0.0592,429,265,662,313,0.0098,0.1173
001165,001165.jpg,640,640,0,0.6549,265,220,406,251,0.0353,265,219,407,251,0.0046,0.1092
001166,001166.jpg,652,906,0,0.2586,179,603,452,664,0.0172,160,600,472,666,0.0103,0.1105
001167,001167.jpg,640,640,0,0.0873,213,414,408,463,0.0139,219,416,395,455,0.0049,0.1172
001168,001168.jpg,970,705,0,0.2806,175,318,343,391,0.009,175,318,343,391,0.0123,0.1001
001169,001169.jpg,640,640,0,0.1245,96,298,214,376,0.0051,96,297,214,367,0.0049,0.0881
001170,001170.jpg,1062,796,0,0.613,583,421,739,459,0.0179,584,421,739,461,0.0123,0.0976
001171,001171.jpg,640,640,0,0.7401,340,334,436,372,0.0088,339,334,436,375,0.005,0.0886
001172,001172.jpg,1208,906,0,0.5104,552,574,696,622,0.0332,546,572,703,627,0.0172,0.1092
001173,001173.jpg,640,640,0,0.4285,311,421,395,458,0.057,311,421,395,458,0.0057,0.1083
001174,001174.jpg,1374,1030,0,0.6385,561,424,806,471,0.1826,555,427,804,471,0.0179,0.1057
001175,001175.jpg,926,734,0,0.1366,528,364,615,396,0.0156,530,365,616,396,0.0116,0.0939
001176,001176.jpg,640,640,0,0.0695,359,299,425,328,0.0028,359,299,425,328,0.0048,0.0861
001177,001177.jpg,835,1113,0,0.1632,280,506,414,537,0.1275,434,505,573,534,0.0125,0.0843
001178,001178.jpg,640,640,0,0.4122,321,277,458,327,0.0258,215,280,389,339,0.0045,0.096
001179,001179.jpg,990,766,0,0.0372,562,305,743,342,0.0024,321,437,500,483,0.0101,0.0999
001180,001180.jpg,640,640,0,0.5692,342,391,439,437,0.0128,213,373,326,414,0.0044,0.1032
001181,001181.jpg,1105,829,0,0.3993,537,361,725,415,0.0159,725,526,939,587,0.0153,0.1007
001182,001182.jpg,640,640,0,0.4211,275,303,404,339,0.0098,209,302,401,340,0.0048,0.0941
001183,001183.jpg,1032,1376,0,0.5531,370,448,524,496,0.0924,370,402,495,454,0.0169,0.1012
001184,001184.jpg,640,640,0,0.5884,233,212,326,245,0.0582,238,192,307,218,0.0039,0.1002
001185,001185.jpg,1025,1366,0,0.6503,227,738,430,785,0.5613,234,692,429,741,0.0186,0.0964
001186,001186.jpg,640,640,0,0.5727,155,342,278,372,0.4853,154,319,278,348,0.004,0.0845
001187,001187.jpg,644,532,0,0.4459,319,366,442,393,0.2131,323,366,443,394,0.0052,0.0961
001188,001188.jpg,640,640,0,0.3573,281,443,421,485,0.2083,281,443,429,483,0.0038,0.1074
001189,001189.jpg,1297,828,0,0.8426,437,143,580,180,0.8805,436,107,578,144,0.0189,0.1113
001190,001190.jpg,640,640,0,0.2057,186,99,258,131,0.0562,187,98,258,130,0.006,0.1044
001191,001191.jpg,1101,715,0,0.3395,628,437,732,470,0.0173,630,437,736,470,0.0148,0.0957
001192,001192.jpg,640,640,0,0.1021,373,386,441,423,0.002,373,386,441,423,0.0058,0.1074
001193,001193.jpg,708,708,0,0.0369,145,515,263,553,0.0026,145,516,263,554,0.0089,0.1005
001194,001194.jpg,640,640,0,0.1473,413,229,481,260,0.085,413,227,485,262,0.0048,0.0973
001195,001195.jpg,1008,756,0,0.7408,665,492,786,542,0.0119,274,70,421,103,0.0138,0.0971
001196,001196.jpg,640,640,0,0.4313,429,413,508,454,0.0057,426,411,504,451,0.0047,0.0981
001197,001197.jpg,1008,756,0,0.0658,427,371,624,414,0.0334,485,312,639,365,0.0116,0.0966
001198,001198.jpg,640,640,0,0.3709,284,284,393,338,0.0366,276,281,393,338,0.0042,0.0896
001199,001199.jpg,1008,756,0,0.7385,450,550,580,581,0.6318,450,511,580,549,0.01,0.099
001200,001200.jpg,640,640,0,0.7119,274,459,363,487,0.5356,276,431,364,461,0.0051,0.0926
001201,001201.jpg,933,701,0,0.6668,368,380,538,419,0.021,371,378,531,422,0.0101,0.1149
001202,001202.jpg,640,640,0,0.6687,259,357,374,392,0.0286,259,357,374,392,0.0055,0.0928
001203,001203.jpg,900,591,0,0.3707,404,255,555,302,0.0088,404,255,555,302,0.0081,0.0918
001204,001204.jpg,640,640,0,0.6429,290,274,403,315,0.0237,290,274,403,315,0.0043,0.0901
001205,001205.jpg,898,622,0,0.2878,553,192,738,232,0.0295,554,197,751,236,0.0091,0.0923
001206,001206.jpg,640,640,0,0.356,413,207,556,262,0.016,413,203,529,255,0.004,0.096
001207,001207.jpg,1067,769,0,0.6078,662,438,872,488,0.0194,662,435,875,488,0.0153,0.0938
001208,001208.jpg,640,640,0,0.6894,399,381,533,420,0.0227,399,380,533,422,0.0045,0.0896
001209,001209.jpg,1008,756,0,0.5318,368,480,589,524,0.1635,381,481,588,525,0.0112,0.0954
001210,001210.jpg,640,640,0,0.5677,231,394,359,429,0.0966,230,395,361,429,0.0037,0.0958
001211,001211.jpg,965,723,0,0.4624,190,423,365,468,0.282,191,423,367,469,0.0115,0.1031
001212,001212.jpg,640,640,0,0.6882,101,363,226,399,0.0749,100,363,225,399,0.0051,0.1075
001213,001213.jpg,990,739,0,0.6488,436,402,628,457,0.0318,434,402,625,459,0.0122,0.1155
001214,001214.jpg,640,640,0,0.6447,263,357,390,419,0.0164,262,357,390,415,0.0057,0.0927
001215,001215.jpg,1008,756,0,0.2463,619,167,812,210,0.0952,621,166,805,209,0.0119,0.0939
001216,001216.jpg,640,640,0,0.367,378,165,500,197,0.0382,378,165,500,197,0.0042,0.0975
001217,001217.jpg,1008,756,0,0.58,490,407,691,459,0.0158,489,405,690,460,0.0125,0.0978
001218,001218.jpg,640,640,0,0.6597,291,361,383,400,0.0085,290,360,384,402,0.0044,0.0957
001219,001219.jpg,850,642,0,0.6489,326,258,539,306,0.0242,326,256,541,307,0.0079,0.0994
001220,001220.jpg,640,640,0,0.5715,261,243,424,299,0.0142,260,244,425,299,0.0049,0.1134
001221,001221.jpg,1008,756,0,0.4074,162,516,449,572,0.018,161,515,438,570,0.0145,0.1067
001222,001222.jpg,640,640,0,0.5396,122,438,304,492,0.014,120,439,299,492,0.0053,0.0856
001223,001223.jpg,1157,868,0,0.1329,708,358,940,394,0.012,622,410,840,474,0.0123,0.1018
001224,001224.jpg,640,640,0,0.1685,378,276,501,298,0.0066,378,276,501,298,0.0054,0.0993
001225,001225.jpg,1200,900,0,0.82,650,393,854,441,0.7627,650,350,855,398,0.0169,0.0939
001226,001226.jpg,640,640,0,0.7525,336,277,452,314,0.8285,339,245,453,282,0.0045,0.0838
001227,001227.jpg,1127,845,0,0.7765,540,400,679,440,0.6748,542,358,677,400,0.0114,0.0956
001228,001228.jpg,640,640,0,0.685,286,315,370,348,0.3104,287,287,361,317,0.0044,0.0914
001229,001229.jpg,1274,956,0,0.7112,542,518,726,564,0.7721,537,464,723,516,0.0172,0.1157
001230,001230.jpg,640,640,0,0.4387,253,337,355,374,0.5564,254,299,375,340,0.0047,0.1049
001231,001231.jpg,1067,801,0,0.5252,445,353,577,406,0.0099,445,353,577,406,0.0129,0.0983
001232,001232.jpg,640,640,0,0.4026,266,275,364,328,0.0092,266,275,364,328,0.004,0.1007
001233,001233.jpg,747,674,0,0.532,235,339,452,380,0.0525,232,339,444,380,0.0065,0.112
001234,001234.jpg,640,640,0,0.4182,211,307,370,343,0.1333,213,306,400,343,0.004,0.1216
001235,001235.jpg,930,722,0,0.4901,536,524,685,567,0.6962,539,484,682,525,0.0136,0.101
001236,001236.jpg,792,594,0,0.3335,305,124,453,165,0.0858,312,126,478,163,0.0073,0.0925
001237,001237.jpg,640,640,0,0.3528,264,138,390,191,0.0854,260,137,391,189,0.0042,0.0863
001238,001238.jpg,902,734,0,0.4641,444,501,546,543,0.0067,356,220,428,241,0.0089,0.1103
001239,001239.jpg,1127,796,0,0.4614,109,353,453,419,0.0149,109,353,453,419,0.0103,0.1169
001240,001240.jpg,640,640,0,0.5232,71,282,272,330,0.0228,67,283,272,333,0.005,0.0964
001241,001241.jpg,965,723,0,0.7273,352,508,530,562,0.0164,355,510,531,562,0.0083,0.0932
001242,001242.jpg,640,640,0,0.6421,212,447,331,491,0.0281,211,445,331,492,0.0039,0.0932
001243,001243.jpg,1016,762,0,0.4592,374,320,530,363,0.0447,838,293,936,337,0.0114,0.0936
001244,001244.jpg,640,640,0,0.6197,219,284,321,316,0.0751,513,275,560,302,0.005,0.0872
001245,001245.jpg,1324,993,0,0.6961,106,340,317,410,0.0155,106,340,317,410,0.0148,0.0994
001246,001246.jpg,1155,866,0,0.6237,524,538,667,578,0.4848,526,494,669,539,0.0139,0.089
001247,001247.jpg,640,640,0,0.5865,302,376,381,409,0.3534,302,346,377,379,0.0049,0.0993
001248,001248.jpg,1182,886,0,0.0867,420,294,632,352,0.0068,420,294,632,352,0.0171,0.1025
001249,001249.jpg,640,640,0,0.0304,195,335,307,398,0.0013,209,198,319,261,0.0051,0.0955
001250,001250.jpg,1372,1029,0,0.7565,683,450,842,495,0.573,686,401,841,453,0.0162,0.0995
001251,001251.jpg,640,640,0,0.4968,329,289,407,323,0.6377,330,258,402,293,0.0041,0.0838
001252,001252.jpg,1225,855,0,0.5483,399,308,714,375,0.0212,402,307,706,377,0.0101,0.1069
001253,001253.jpg,640,640,0,0.6655,198,220,361,284,0.0173,197,224,370,288,0.0052,0.1093
001254,001254.jpg,992,886,0,0.3996,133,223,397,284,0.0806,298,173,474,228,0.0139,0.1025
001255,001255.jpg,640,640,0,0.4269,88,159,241,205,0.0326,206,366,341,412,0.0052,0.0861
001256,001256.jpg,1440,993,0,0.3859,930,585,1104,648,0.0162,931,580,1226,662,0.0169,0.1034
001257,001257.jpg,640,640,0,0.079,398,415,547,491,0.0037,398,415,547,491,0.0048,0.1316
001258,001258.jpg,1264,948,0,0.1754,391,470,599,519,0.0133,391,471,712,527,0.0227,0.1434
001259,001259.jpg,760,1058,0,0.3132,335,678,522,725,0.1145,312,687,511,719,0.0176,0.1276
001260,001260.jpg,640,640,0,0.408,283,388,431,424,0.0195,283,398,373,419,0.0062,0.1203
001261,001261.jpg,1073,1431,0,0.0195,366,493,837,629,0.0022,371,505,820,622,0.0247,0.1328
001262,001262.jpg,640,640,0,0.0367,55,322,155,368,0.002,55,322,155,368,0.0048,0.1152
001263,001263.jpg,1077,1436,0,0.8331,445,943,634,996,0.0107,445,945,635,994,0.0178,0.1279
001264,001264.jpg,640,640,0,0.5909,264,402,376,441,0.0155,264,401,376,441,0.0046,0.1319
001265,001265.jpg,1112,1483,0,0.2463,212,990,418,1039,0.0641,133,931,394,994,0.0255,0.1413
001266,001266.jpg,640,640,0,0.0792,231,335,361,375,0.0274,85,363,215,396,0.006,0.1202
001267,001267.jpg,1118,1490,0,0.7555,475,1091,758,1164,0.0144,478,1087,755,1165,0.0263,0.1264
001268,001268.jpg,640,640,0,0.4933,268,459,427,491,0.0224,268,458,428,491,0.0044,0.1028
001269,001269.jpg,952,1269,0,0.3366,521,438,668,482,0.2306,527,401,677,443,0.0233,0.1389
001270,001270.jpg,640,640,0,0.4139,221,212,315,242,0.1299,351,194,468,223,0.0057,0.0958
001271,001271.jpg,1064,1419,0,0.7085,479,950,622,993,0.0707,483,911,595,950,0.0257,0.1169
001272,001272.jpg,640,640,0,0.6897,284,432,354,468,0.2609,286,409,357,443,0.0056,0.1117
001273,001273.jpg,939,1251,0,0.4255,186,942,377,974,0.2706,197,920,375,943,0.0251,0.0992
001274,001274.jpg,640,640,0,0.604,122,474,252,490,0.1423,129,466,255,493,0.0062,0.0876
001275,001275.jpg,1083,1443,0,0.7565,494,974,759,1022,0.4106,505,942,676,980,0.0216,0.0977
001276,001276.jpg,922,1229,0,0.8091,414,839,573,882,0.0495,412,798,524,840,0.0161,0.087
001277,001277.jpg,640,640,0,0.6038,294,431,397,459,0.1072,293,410,395,436,0.0049,0.1006
001278,001278.jpg,977,1302,0,0.4645,338,829,564,889,0.0996,345,805,553,846,0.0197,0.1001
001279,001279.jpg,915,1219,0,0.6824,356,643,567,694,0.0109,358,644,567,700,0.014,0.1035
001280,001280.jpg,640,640,0,0.5592,224,309,369,345,0.02,222,308,366,346,0.0051,0.103
001281,001281.jpg,1033,1378,0,0.5523,378,972,524,1003,0.5262,373,940,532,974,0.0231,0.1026
001282,001282.jpg,940,1253,0,0.4487,374,809,504,849,0.022,380,809,508,849,0.0195,0.1078
001283,001283.jpg,895,1224,0,0.1653,318,309,449,351,0.1278,379,272,544,311,0.0189,0.1259
001284,001284.jpg,640,640,0,0.3379,275,149,380,173,0.0765,279,131,373,153,0.0056,0.1086
001285,001285.jpg,922,1230,0,0.5555,361,865,496,899,0.5645,352,835,514,867,0.0172,0.1046
001286,001286.jpg,640,640,0,0.5809,250,441,336,460,0.5957,245,425,342,442,0.0167,0.0692
001287,001287.jpg,983,1311,0,0.3847,508,899,640,938,0.1549,502,829,644,870,0.023,0.0722
001288,001288.jpg,1009,1346,0,0.2343,385,981,621,1023,0.1536,385,981,621,1023,0.0156,0.0761
001289,001289.jpg,931,1241,0,0.2431,387,370,575,415,0.1013,399,332,531,375,0.0109,0.0993
001290,001290.jpg,640,640,0,0.4441,283,189,401,215,0.1222,281,165,401,190,0.005,0.3386
001291,001291.jpg,948,1264,0,0.549,250,834,416,868,0.5593,251,801,393,837,0.0254,0.102
001292,001292.jpg,640,640,0,0.6588,147,418,201,435,0.6147,148,403,204,419,0.0051,0.0913
001293,001293.jpg,1437,1077,0,0.2929,492,477,820,558,0.0084,492,477,820,558,0.035,0.0942
001294,001294.jpg,1500,1125,0,0.4306,720,412,1021,475,0.0213,722,355,951,417,0.027,0.1327
001295,001295.jpg,640,640,0,0.5744,309,259,429,299,0.0778,414,240,501,272,0.0077,0.1098
001296,001296.jpg,984,1312,0,0.5647,396,704,573,747,0.0127,395,705,573,747,0.0278,0.1157
001297,001297.jpg,640,640,0,0.4592,156,355,232,387,0.0176,236,355,356,383,0.0097,0.107
001298,001298.jpg,1012,694,0,0.4375,163,244,349,277,0.1824,177,246,303,275,0.012,0.0978
001299,001299.jpg,1034,1379,0,0.7026,358,658,546,713,0.0049,362,657,544,713,0.0159,0.0923
001300,001300.jpg,640,640,0,0.6973,205,291,326,342,0.008,204,292,326,340,0.0068,0.0899
001301,001301.jpg,1108,1477,0,0.8624,423,943,590,987,0.9347,427,894,590,937,0.0204,0.0983
001302,001302.jpg,640,640,0,0.521,250,399,344,421,0.6886,251,377,346,399,0.0066,0.087
001303,001303.jpg,1283,962,0,0.2267,514,283,626,330,0.1542,512,281,691,332,0.0206,0.1194
001304,001304.jpg,1036,1381,0,0.4774,545,506,817,563,0.0179,536,501,813,568,0.0205,0.1053
001305,001305.jpg,640,640,0,0.3633,337,240,519,278,0.0087,339,241,520,279,0.0068,0.1085
001306,001306.jpg,1060,1413,0,0.6144,468,891,747,942,0.0146,461,888,745,952,0.028,0.0978
001307,001307.jpg,1028,1370,0,0.5705,431,364,624,414,0.076,433,335,596,371,0.0204,0.0863
001308,001308.jpg,640,640,0,0.6833,245,176,359,209,0.1203,246,168,353,188,0.0053,0.0906
001309,001309.jpg,1086,1448,0,0.0076,443,979,662,1066,0.001,299,958,481,1005,0.0297,0.1013
001310,001310.jpg,640,640,0,0.0904,198,248,314,295,0.0062,178,208,313,256,0.0088,0.0895
001311,001311.jpg,941,1251,0,0.6037,363,859,547,905,0.0638,339,816,538,863,0.0186,0.0992
001312,001312.jpg,640,640,0,0.3113,300,414,416,448,0.1535,302,390,413,424,0.0053,0.1173
001313,001313.jpg,1091,1454,0,0.6782,376,999,570,1046,0.0151,376,1000,568,1046,0.0394,0.1384
001314,001314.jpg,640,640,0,0.6467,210,411,324,459,0.0118,210,409,325,461,0.0094,0.1127
001315,001315.jpg,865,1148,0,0.7189,315,839,525,896,0.0176,317,837,524,898,0.0205,0.1511
001316,001316.jpg,640,640,0,0.6797,246,468,393,504,0.0332,245,467,394,504,0.0065,0.1378
001317,001317.jpg,863,1105,0,0.3698,376,616,575,652,0.5756,379,592,577,623,0.0177,0.161
001318,001318.jpg,640,640,0,0.1636,262,321,402,348,0.2611,257,324,408,346,0.0051,0.1947
001319,001319.jpg,1389,907,0,0.5631,1016,355,1196,398,0.0431,1017,355,1197,397,0.0272,0.1889
001320,001320.jpg,640,640,0,0.6485,468,257,557,295,0.6898,469,258,562,294,0.0064,0.142
001321,001321.jpg,956,1275,0,0.7442,556,409,720,454,0.0125,554,411,722,455,0.0196,0.1339
001322,001322.jpg,640,640,0,0.5859,347,214,457,244,0.0168,347,214,458,245,0.009,0.126
001323,001323.jpg,1131,1508,0,0.0023,566,703,681,755,0.0004,546,912,672,956,0.0319,0.1334
001324,001324.jpg,640,640,0,0.0116,319,291,376,313,0.0062,296,378,376,400,0.0096,0.1189
001325,001325.jpg,951,1268,0,0.0771,401,700,668,754,0.0133,401,700,668,754,0.0175,0.1168
001326,001326.jpg,1407,1055,0,0.644,659,651,812,700,0.0613,656,654,807,698,0.0299,0.0977
001327,001327.jpg,640,640,0,0.4996,275,387,349,416,0.038,276,387,349,416,0.0057,0.0991
001328,001328.jpg,1313,984,0,0.8106,135,321,354,370,0.0219,131,320,356,375,0.022,0.1062
001329,001329.jpg,640,640,0,0.7546,70,164,183,202,0.0152,70,164,183,202,0.0073,0.0945
001330,001330.jpg,640,640,0,0.5085,222,437,305,466,0.0645,219,378,358,438,0.0045,0.0937
001331,001331.jpg,906,1208,0,0.425,478,787,688,836,0.0145,483,787,683,841,0.0132,0.0981
001332,001332.jpg,1020,1360,0,0.6393,403,870,533,908,0.0681,417,827,520,869,0.0217,0.109
001333,001333.jpg,640,640,0,0.0266,241,387,319,406,0.0271,254,365,315,388,0.0064,0.1059
001334,001334.jpg,1032,1246,0,0.3132,453,918,575,949,0.1098,455,914,650,947,0.0211,0.1031
001335,001335.jpg,640,640,0,0.2988,258,487,399,515,0.076,258,465,389,491,0.0061,0.0992
001336,001336.jpg,971,1295,0,0.0908,304,739,455,786,0.0055,304,739,455,786,0.0188,0.0932
001337,001337.jpg,640,640,0,0.4205,204,353,298,388,0.0074,204,353,298,390,0.0082,0.0884
001338,001338.jpg,873,1164,0,0.7599,318,750,494,794,0.0238,318,751,497,797,0.0149,0.0984
001339,001339.jpg,640,640,0,0.7712,240,398,374,437,0.0205,242,402,373,437,0.0058,0.1064
001340,001340.jpg,902,1036,0,0.036,441,0,549,28,0.0493,480,55,606,97,0.0187,0.1098
001341,001341.jpg,640,640,0,0.0722,88,315,219,372,0.0401,241,41,390,62,0.0054,0.0922
001342,001342.jpg,1305,979,0,0.1258,772,516,955,560,0.016,5,516,143,548,0.0177,0.0937
001343,001343.jpg,640,640,0,0.27,370,317,474,343,0.0195,344,289,495,319,0.0073,0.1017
001344,001344.jpg,1120,840,0,0.0553,325,354,575,435,0.0109,318,347,587,437,0.0131,0.0953
001345,001345.jpg,1189,892,0,0.3129,818,574,997,616,0.0464,822,539,984,580,0.0173,0.0916
001346,001346.jpg,640,640,0,0.011,94,138,259,194,0.0011,71,135,262,200,0.0057,0.0948
001347,001347.jpg,869,1158,0,0.3942,362,328,525,373,0.1407,310,267,536,335,0.0171,0.0968
001348,001348.jpg,640,640,0,0.396,226,418,393,483,0.0522,328,191,406,210,0.0063,0.0878
001349,001349.jpg,905,1207,0,0.372,475,371,621,406,0.0946,472,371,634,404,0.0152,0.0959
001350,001350.jpg,640,640,0,0.3907,278,433,392,471,0.0392,332,210,458,236,0.006,0.0873
001351,001351.jpg,1012,1349,0,0.3843,572,417,726,452,0.0901,576,417,729,450,0.0166,0.0919
001352,001352.jpg,974,1298,0,0.725,416,625,635,689,0.0126,416,623,635,690,0.0204,0.1027
001353,001353.jpg,640,640,0,0.5695,283,268,422,321,0.0284,287,267,422,324,0.008,0.1059
001354,001354.jpg,1357,1018,0,0.2927,397,533,629,604,0.1044,396,536,631,601,0.0199,0.0944
001355,001355.jpg,1117,939,0,0.3981,293,551,499,614,0.0157,294,550,498,615,0.0156,0.1067
001356,001356.jpg,909,1282,0,0.6307,359,507,449,542,0.0148,358,509,450,539,0.02,0.1353
001357,001357.jpg,640,640,0,0.1786,259,243,321,262,0.0099,259,243,321,262,0.0058,0.1067
001358,001358.jpg,885,1141,0,0.7302,165,718,351,764,0.0115,163,719,352,763,0.0209,0.1152
001359,001359.jpg,640,640,0,0.5717,108,421,238,458,0.0253,108,421,238,458,0.0055,0.0925
001360,001360.jpg,928,1238,0,0.3772,240,901,464,955,0.0196,265,902,464,950,0.0188,0.1151
001361,001361.jpg,640,640,0,0.4887,202,432,326,489,0.005,202,434,328,495,0.008,0.0985
001362,001362.jpg,863,1116,0,0.4729,273,708,447,757,0.0088,273,708,447,757,0.0143,0.1037
001363,001363.jpg,640,640,0,0.4001,181,431,310,461,0.0143,181,431,310,461,0.0059,0.1015
001364,001364.jpg,802,1080,0,0.0907,331,292,461,317,0.0633,329,261,457,296,0.0136,0.1149
001365,001365.jpg,981,1308,0,0.565,340,275,693,344,0.0851,340,275,693,344,0.0215,0.0974
001366,001366.jpg,1282,961,0,0.5785,465,546,684,589,0.6136,490,506,705,549,0.0143,0.0956
001367,001367.jpg,640,640,0,0.6214,210,340,328,382,0.3349,219,307,343,354,0.0051,0.0909
001368,001368.jpg,966,1288,0,0.1647,164,435,430,486,0.0548,164,435,430,486,0.0178,0.1446
001369,001369.jpg,1348,1011,0,0.5179,222,498,390,550,0.4376,224,440,429,501,0.0231,0.1458
001370,001370.jpg,914,1219,0,0.5835,361,748,532,792,0.0371,358,750,528,792,0.0137,0.1629
001371,001371.jpg,954,1272,0,0.609,400,836,587,894,0.0084,400,836,587,894,0.0285,0.1429
001372,001372.jpg,970,1294,0,0.771,499,898,687,944,0.0263,499,900,693,945,0.0162,0.1165
001373,001373.jpg,640,640,0,0.7583,309,466,437,497,0.0258,310,467,437,498,0.0049,0.1153
001374,001374.jpg,1259,944,0,0.4212,143,337,351,396,0.0256,143,334,353,396,0.0195,0.1218
001375,001375.jpg,640,640,0,0.6254,61,240,174,276,0.0181,62,239,175,277,0.0046,0.117
001376,001376.jpg,1025,1367,0,0.7154,645,657,819,710,0.01,534,670,669,704,0.024,0.117
001377,001377.jpg,640,640,0,0.5509,399,339,510,382,0.0116,399,339,510,382,0.0075,0.0995
001378,001378.jpg,957,1276,0,0.848,568,384,691,418,0.1219,568,346,683,383,0.0167,0.0915
001379,001379.jpg,640,640,0,0.5735,359,169,440,192,0.0488,359,149,442,174,0.0044,0.0846
001380,001380.jpg,991,1322,0,0.278,373,952,616,1001,0.0414,372,961,594,997,0.024,0.0843
001381,001381.jpg,640,640,0,0.1228,342,493,437,530,0.0102,210,473,342,502,0.0063,0.1019
001382,001382.jpg,948,1264,0,0.5439,313,510,557,555,0.4813,319,477,541,514,0.0187,0.1104
001383,001383.jpg,640,640,0,0.3198,319,225,437,254,0.0211,320,228,436,254,0.0045,0.0957
001384,001384.jpg,878,1127,0,0.3802,313,295,510,340,0.0451,314,297,508,340,0.0129,0.1079
001385,001385.jpg,640,640,0,0.0202,259,481,454,554,0.0023,221,151,361,184,0.0066,0.1029
001386,001386.jpg,604,928,0,0.4939,183,602,408,639,0.0275,178,600,408,639,0.0068,0.0937
001387,001387.jpg,698,930,0,0.3769,241,611,362,643,0.0106,536,303,603,320,0.0098,0.095
001388,001388.jpg,640,640,0,0.2821,194,401,289,426,0.016,154,388,275,404,0.006,0.0861
001389,001389.jpg,849,1131,0,0.706,300,717,470,768,0.0123,300,717,470,768,0.0129,0.0949
001390,001390.jpg,640,640,0,0.6877,226,377,354,412,0.0203,229,380,352,412,0.0077,0.0857
001391,001391.jpg,1008,756,0,0.4713,388,489,524,525,0.0137,389,490,525,525,0.0146,0.0977
001392,001392.jpg,640,640,0,0.2102,255,396,362,429,0.0113,254,396,363,428,0.0058,0.1048
001393,001393.jpg,557,722,0,0.6056,222,458,365,490,0.0338,219,456,370,492,0.0086,0.113
001394,001394.jpg,1545,2036,0,0.0356,407,1464,951,1594,0.0152,1190,1021,1308,1061,0.0739,0.0833
001395,001395.jpg,640,640,0,0.1284,253,442,401,488,0.0073,255,442,402,490,0.0072,0.0757
001396,001396.jpg,577,717,0,0.2898,300,554,454,586,0.1387,0,388,151,443,0.0067,0.092
001397,001397.jpg,640,640,0,0.1313,0,324,152,379,0.141,0,324,152,379,0.0052,0.1104
001398,001398.jpg,745,819,0,0.4193,182,471,303,516,0.0147,182,471,303,518,0.0114,0.1032
001399,001399.jpg,640,640,0,0.612,123,356,230,396,0.0196,123,356,230,396,0.0046,0.0888
001400,001400.jpg,664,755,0,0.3615,238,462,449,504,0.0513,238,462,449,504,0.0072,0.094
001401,001401.jpg,640,640,0,0.1531,249,389,420,437,0.0187,249,397,415,438,0.0039,0.0868
001402,001402.jpg,585,777,0,0.1488,37,623,268,658,0.0427,76,625,280,660,0.0071,0.0949
001403,001403.jpg,640,640,0,0.0811,158,526,352,586,0.0171,114,523,330,561,0.0058,0.1009
001404,001404.jpg,528,590,0,0.6646,182,196,307,226,0.0308,182,194,308,227,0.0059,0.0941
001405,001405.jpg,640,640,0,0.6112,227,211,376,244,0.0291,225,210,377,245,0.0041,0.0885
001406,001406.jpg,693,818,0,0.4136,282,355,399,390,0.119,284,355,389,390,0.0088,0.0926
001407,001407.jpg,640,640,0,0.209,260,303,362,328,0.1194,260,303,362,328,0.0046,0.0957
001408,001408.jpg,756,1008,0,0.6053,244,712,437,777,0.0187,244,712,437,777,0.0137,0.0941
001409,001409.jpg,640,640,0,0.3947,180,456,330,505,0.0187,179,454,326,505,0.0115,0.0915
001410,001410.jpg,723,965,0,0.6489,159,662,390,712,0.0339,159,662,394,714,0.0091,0.0891
001411,001411.jpg,756,1008,0,0.4796,343,184,539,239,0.0296,367,809,554,849,0.0121,0.1067
001412,001412.jpg,640,640,0,0.4758,283,97,447,135,0.0191,284,98,448,136,0.0077,0.1206
001413,001413.jpg,1535,2048,0,0.7282,417,1337,702,1400,0.617,419,1260,704,1340,0.0404,0.0949
001414,001414.jpg,640,640,0,0.1968,223,416,333,445,0.2525,222,382,338,428,0.0056,0.1073
001415,001415.jpg,756,1008,0,0.5662,36,640,241,695,0.0314,36,640,241,695,0.0129,0.0899
001416,001416.jpg,756,1008,0,0.5355,46,678,234,725,0.022,46,678,234,725,0.014,0.0877
001417,001417.jpg,640,640,0,0.4532,81,404,206,437,0.0149,58,404,212,439,0.0061,0.0869
001418,001418.jpg,637,839,0,0.7565,266,330,397,369,0.0191,266,330,397,369,0.0095,0.0988
001419,001419.jpg,640,640,0,0.5905,258,261,389,298,0.0271,261,261,390,298,0.0053,0.0909
001420,001420.jpg,756,1008,0,0.6483,232,789,430,838,0.017,229,788,436,840,0.0093,0.0943
001421,001421.jpg,640,640,0,0.4177,194,514,360,548,0.0313,190,510,361,550,0.0042,0.0969
001422,001422.jpg,640,989,0,0.1339,182,719,336,758,0.018,182,719,336,758,0.0095,0.1073
001423,001423.jpg,640,640,0,0.1417,82,292,214,342,0.0054,82,292,214,342,0.0044,0.0983
001424,001424.jpg,705,941,0,0.59,297,582,458,611,0.5661,322,550,472,583,0.0093,0.0935
001425,001425.jpg,640,640,0,0.4658,296,393,444,414,0.5117,315,370,466,396,0.0043,0.0866
001426,001426.jpg,604,936,0,0.6167,191,653,357,702,0.0188,191,653,357,702,0.0079,0.0928
001427,001427.jpg,679,998,0,0.7069,171,649,307,678,0.0208,178,649,299,680,0.0089,0.0995
001428,001428.jpg,640,640,0,0.5579,184,424,299,445,0.0196,184,419,299,448,0.0071,0.0973
001429,001429.jpg,756,1008,0,0.5397,253,555,451,598,0.0154,251,552,456,599,0.0135,0.0963
001430,001430.jpg,640,640,0,0.5313,196,370,371,403,0.0213,197,370,371,403,0.0067,0.089
001431,001431.jpg,640,640,0,0.3316,216,452,315,486,0.5057,180,419,318,458,0.0051,0.1193
001432,001432.jpg,756,1008,0,0.8347,311,351,476,395,0.0252,311,353,470,397,0.0155,0.1076
001433,001433.jpg,640,640,0,0.6753,275,199,411,231,0.0318,279,198,408,232,0.0079,0.0882
001434,001434.jpg,756,1008,0,0.7125,234,681,419,724,0.044,234,683,420,727,0.013,0.0932
001435,001435.jpg,640,640,0,0.6829,206,432,358,480,0.0211,204,435,355,476,0.0069,0.0846
001436,001436.jpg,739,985,0,0.8128,364,729,528,770,0.0338,360,729,529,772,0.0136,0.0887
001437,001437.jpg,683,907,0,0.4908,228,115,465,157,0.0441,226,111,463,160,0.0121,0.088
001438,001438.jpg,640,640,0,0.6312,180,454,295,493,0.0989,217,45,337,76,0.0056,0.0902
001439,001439.jpg,756,1008,0,0.7307,295,369,454,408,0.2098,303,341,442,371,0.0123,0.0942
001440,001440.jpg,640,640,0,0.662,249,217,386,247,0.3659,274,200,376,220,0.0053,0.1016
001441,001441.jpg,739,985,0,0.814,113,269,277,320,0.0114,118,272,276,319,0.0123,0.1066
001442,001442.jpg,640,640,0,0.635,133,147,274,193,0.0108,133,147,274,193,0.0093,0.1294
001443,001443.jpg,723,965,0,0.0495,326,315,519,357,0.0196,323,316,502,357,0.0116,0.1396
001444,001444.jpg,640,640,0,0.2121,297,196,464,229,0.0246,297,196,462,227,0.0067,0.121
001445,001445.jpg,731,993,0,0.7509,108,421,295,471,0.0168,104,422,293,468,0.0116,0.1238
001446,001446.jpg,640,640,0,0.4636,98,286,255,341,0.0962,93,252,256,338,0.0061,0.1157
001447,001447.jpg,728,981,0,0.6441,240,739,422,792,0.0191,241,738,421,793,0.0115,0.1229
001448,001448.jpg,640,640,0,0.4965,236,495,390,532,0.0209,233,493,391,533,0.0052,0.1244
001449,001449.jpg,710,946,0,0.9197,503,655,610,693,0.0167,504,656,617,692,0.008,0.128
001450,001450.jpg,756,1008,0,0.7884,160,676,281,718,0.0537,162,642,275,680,0.0206,0.1278
001451,001451.jpg,640,640,0,0.6558,102,424,197,463,0.0248,101,402,200,430,0.008,0.1146
001452,001452.jpg,680,907,0,0.7797,318,798,436,835,0.0113,319,800,438,835,0.0089,0.1171
001453,001453.jpg,640,640,0,0.5777,315,573,426,609,0.0769,315,532,426,570,0.0114,0.1106
001454,001454.jpg,680,910,0,0.6529,273,694,458,741,0.0287,275,695,456,739,0.0098,0.099
001455,001455.jpg,640,640,0,0.484,251,486,420,520,0.0204,248,485,419,520,0.0048,0.091
001456,001456.jpg,644,863,0,0.6645,259,211,404,253,0.0171,259,211,404,253,0.0104,0.1074
001457,001457.jpg,640,640,0,0.6537,236,119,377,182,0.0288,239,116,379,184,0.0054,0.0979
001458,001458.jpg,685,914,0,0.7051,258,637,417,687,0.0129,258,640,417,688,0.0107,0.0937
001459,001459.jpg,640,640,0,0.5862,211,434,356,469,0.0191,211,434,356,471,0.0042,0.1016
001460,001460.jpg,645,871,0,0.7373,295,620,428,660,0.0159,291,620,427,662,0.0095,0.114
001461,001461.jpg,717,957,0,0.5424,354,454,500,499,0.0077,353,455,501,500,0.0115,0.1143
001462,001462.jpg,756,1008,0,0.1977,289,558,552,611,0.0117,290,556,526,611,0.0163,0.1085
001463,001463.jpg,640,640,0,0.055,227,371,378,412,0.0092,141,235,203,250,0.0071,0.1251
001464,001464.jpg,649,866,0,0.7387,242,613,390,645,0.0159,239,611,390,647,0.0101,0.1164
001465,001465.jpg,640,640,0,0.6831,229,441,375,486,0.0186,229,439,380,488,0.0053,0.1175
001466,001466.jpg,756,1008,0,0.5888,276,523,415,561,0.0393,278,504,393,530,0.0138,0.1337
001467,001467.jpg,640,640,0,0.6079,230,330,354,373,0.0181,228,327,354,374,0.0053,0.1042
001468,001468.jpg,656,876,0,0.4653,247,498,373,535,0.048,247,500,370,529,0.0104,0.1015
001469,001469.jpg,640,640,0,0.6904,247,341,373,374,0.0254,347,0,508,21,0.005,0.0927
001470,001470.jpg,756,1008,0,0.7453,149,364,273,396,0.0269,146,365,276,397,0.0161,0.0943
001471,001471.jpg,640,640,0,0.7465,134,219,241,243,0.0178,135,220,239,243,0.0058,0.0856
001472,001472.jpg,756,1008,0,0.0081,351,560,463,606,0.0006,352,563,460,601,0.0127,0.0965
001473,001473.jpg,640,640,0,0.0108,273,358,385,401,0.0008,275,360,385,401,0.0046,0.109
001474,001474.jpg,756,1008,0,0.7446,254,692,405,745,0.0153,255,693,410,746,0.0126,0.1089
001475,001475.jpg,640,640,0,0.5665,198,416,325,465,0.0096,198,416,325,465,0.0064,0.0907
001476,001476.jpg,652,870,0,0.7653,246,522,360,553,0.5741,249,496,364,526,0.0099,0.0955
001477,001477.jpg,640,640,0,0.6637,257,387,376,422,0.2039,258,359,376,397,0.0054,0.1114
001478,001478.jpg,756,1008,0,0.87,236,646,344,685,0.0069,235,643,343,690,0.0137,0.0949
001479,001479.jpg,640,640,0,0.734,229,414,315,453,0.0095,144,35,318,88,0.0067,0.0933
001480,001480.jpg,695,929,0,0.5884,385,567,525,609,0.0227,385,567,525,609,0.0084,0.1463
001481,001481.jpg,756,1008,0,0.2743,453,0,596,16,0.0034,251,725,363,782,0.0136,0.1207
001482,001482.jpg,640,640,0,0.3093,237,354,416,400,0.0125,240,353,430,400,0.0061,0.1113
001483,001483.jpg,756,1008,0,0.1949,288,531,482,578,0.0079,288,531,482,578,0.012,0.1005
001484,001484.jpg,723,965,0,0.5347,162,683,275,725,0.0169,163,686,274,719,0.0092,0.0936
001485,001485.jpg,640,640,0,0.594,148,465,248,498,0.0145,148,464,248,500,0.0044,0.0944
001486,001486.jpg,756,1008,0,0.6921,209,569,375,612,0.025,206,569,376,615,0.0115,0.1078
001487,001487.jpg,640,640,0,0.6158,180,351,288,389,0.0167,188,349,292,392,0.0049,0.1021
001488,001488.jpg,756,1008,0,0.685,294,522,425,568,0.0143,293,522,435,571,0.0117,0.1149
001489,001489.jpg,640,640,0,0.7017,233,326,339,364,0.0145,233,326,339,364,0.005,0.1081
001490,001490.jpg,756,1008,0,0.8062,170,643,302,675,0.8174,168,611,303,643,0.0133,0.1108
001491,001491.jpg,656,873,0,0.6461,349,658,453,691,0.1011,350,656,453,694,0.0125,0.1035
001492,001492.jpg,640,640,0,0.2732,318,525,431,550,0.0792,359,494,460,527,0.007,0.0932
001493,001493.jpg,690,922,0,0.2092,193,720,335,759,0.0053,193,722,320,752,0.0111,0.0969
001494,001494.jpg,640,640,0,0.1675,205,496,303,526,0.0065,209,497,303,526,0.0051,0.0991
001495,001495.jpg,756,1008,0,0.7404,243,754,398,806,0.026,322,201,536,262,0.0112,0.0936
001496,001496.jpg,756,1008,0,0.5229,154,753,316,805,0.016,154,753,316,805,0.0132,0.0943
001497,001497.jpg,640,640,0,0.5457,145,453,279,500,0.0109,146,452,278,500,0.0044,0.0863
001498,001498.jpg,756,1008,0,0.5509,414,586,571,634,0.0134,409,581,575,637,0.0112,0.0959
001499,001499.jpg,640,640,0,0.0405,372,367,502,408,0.0049,129,124,232,161,0.0053,0.0976
001500,001500.jpg,699,933,0,0.6801,277,772,398,818,0.0392,274,79,330,95,0.0088,0.1134
001501,001501.jpg,640,640,0,0.5982,245,529,356,564,0.0152,245,527,357,565,0.0055,0.0972
001502,001502.jpg,756,1008,0,0.8494,265,441,402,483,0.0115,263,440,403,487,0.0115,0.0998
001503,001503.jpg,640,640,0,0.7549,236,261,354,298,0.0213,237,261,356,297,0.0054,0.1006
001504,001504.jpg,831,1032,0,0.7158,553,436,727,488,0.0129,552,438,728,487,0.0171,0.104
001505,001505.jpg,640,640,0,0.6329,419,262,541,298,0.0222,418,262,543,299,0.0085,0.1036
001506,001506.jpg,793,925,0,0.6797,242,763,377,811,0.0328,95,298,207,328,0.0139,0.0938
001507,001507.jpg,640,640,0,0.5698,171,515,279,549,0.0116,172,514,279,550,0.0079,0.1079
001508,001508.jpg,824,1051,0,0.49,409,744,582,798,0.0843,285,686,437,727,0.0131,0.1017
001509,001509.jpg,640,640,0,0.3938,263,470,392,535,0.0073,263,470,391,532,0.0074,0.1098
001510,001510.jpg,972,1296,0,0.6363,199,921,406,975,0.1348,195,873,385,928,0.0212,0.0983
001511,001511.jpg,640,640,0,0.3948,133,435,268,495,0.0701,136,425,269,496,0.0045,0.1015
001512,001512.jpg,767,1023,0,0.837,324,766,482,812,0.0118,323,769,476,815,0.0161,0.1266
001513,001513.jpg,640,640,0,0.6808,252,452,377,491,0.0202,252,452,377,491,0.0058,0.1141
001514,001514.jpg,781,1041,0,0.6655,296,702,480,764,0.0164,295,699,479,766,0.0119,0.1013
001515,001515.jpg,640,640,0,0.5805,253,420,401,471,0.0097,253,419,402,472,0.0048,0.101
001516,001516.jpg,709,945,0,0.7109,257,412,402,452,0.0109,255,410,396,454,0.0111,0.097
001517,001517.jpg,640,640,0,0.6228,226,293,352,328,0.0262,226,293,352,328,0.0053,0.1044
001518,001518.jpg,914,1218,0,0.6452,263,686,473,752,0.0217,262,687,472,752,0.0131,0.1169
001519,001519.jpg,640,640,0,0.5242,201,339,347,379,0.0204,202,339,345,380,0.007,0.1019
001520,001520.jpg,782,1043,0,0.2252,275,689,423,724,0.1087,279,690,454,723,0.0119,0.105
001521,001521.jpg,640,640,0,0.1673,205,389,347,433,0.0363,207,392,315,426,0.0043,0.1006
001522,001522.jpg,860,1146,0,0.5449,243,733,411,762,0.6718,244,700,414,735,0.0158,0.0973
001523,001523.jpg,640,640,0,0.1729,157,374,285,407,0.1022,157,374,285,407,0.0056,0.0896
001524,001524.jpg,835,1113,0,0.7051,207,710,373,743,0.143,204,707,369,743,0.0163,0.1027
001525,001525.jpg,640,640,0,0.6576,170,400,294,423,0.08,169,400,293,424,0.0064,0.1058
001526,001526.jpg,907,1210,0,0.6879,359,748,543,802,0.017,362,751,559,808,0.0181,0.113
001527,001527.jpg,640,640,0,0.6854,238,404,363,441,0.0197,238,404,363,441,0.0053,0.1114
001528,001528.jpg,795,1060,0,0.583,277,632,475,682,0.017,279,636,473,686,0.0122,0.1047
001529,001529.jpg,773,1009,0,0.7252,319,296,451,334,0.0332,323,269,449,303,0.0119,0.1118
001530,001530.jpg,640,640,0,0.7208,260,180,370,212,0.0436,267,160,367,186,0.0043,0.1055
001531,001531.jpg,874,1166,0,0.5524,265,724,470,771,0.0197,264,724,492,777,0.0161,0.1008
001532,001532.jpg,912,1216,0,0.8013,254,880,407,933,0.0093,251,881,409,943,0.0171,0.097
001533,001533.jpg,640,640,0,0.4205,205,450,353,489,0.0152,206,449,353,488,0.0046,0.0998
001534,001534.jpg,879,1173,0,0.5615,315,779,547,841,0.0243,315,779,547,841,0.0191,0.1122
001535,001535.jpg,640,640,0,0.5497,247,433,418,472,0.0185,247,432,417,472,0.0074,0.1072
001536,001536.jpg,883,1177,0,0.369,319,450,490,490,0.4032,318,406,497,452,0.0173,0.1072
001537,001537.jpg,640,640,0,0.3365,225,227,361,253,0.4187,225,225,363,253,0.0043,0.0959
001538,001538.jpg,823,1097,0,0.5856,226,633,382,694,0.0132,228,635,382,683,0.0142,0.1062
001539,001539.jpg,640,640,0,0.5712,202,386,325,422,0.0278,203,385,324,422,0.0077,0.1055
001540,001540.jpg,866,1155,0,0.7477,255,727,400,769,0.6623,259,685,398,726,0.024,0.12
001541,001541.jpg,640,640,0,0.5269,161,376,267,414,0.4302,165,353,268,384,0.0078,0.1084
001542,001542.jpg,911,1215,0,0.4857,315,779,534,839,0.0193,315,779,534,839,0.0178,0.1
001543,001543.jpg,640,640,0,0.6674,226,405,342,441,0.027,226,405,342,441,0.0069,0.1069
001544,001544.jpg,807,1077,0,0.8878,171,423,314,462,0.0122,172,422,321,466,0.0155,0.11
001545,001545.jpg,640,640,0,0.6392,120,267,232,299,0.0094,124,270,232,300,0.0049,0.1003
001546,001546.jpg,935,1247,0,0.3351,276,807,517,871,0.012,277,807,517,871,0.0187,0.0997
001547,001547.jpg,640,640,0,0.3465,162,401,326,460,0.0116,253,334,332,379,0.005,0.1016
001548,001548.jpg,775,1034,0,0.4642,322,686,413,710,0.2939,335,657,421,687,0.0093,0.1041
001549,001549.jpg,640,640,0,0.3811,272,322,425,377,0.0372,316,413,385,435,0.0044,0.0998
001550,001550.jpg,899,1210,0,0.1928,283,432,427,475,0.0042,428,397,622,445,0.0159,0.1026
001551,001551.jpg,865,1152,0,0.418,367,385,590,454,0.0102,364,388,589,454,0.0132,0.1074
001552,001552.jpg,825,1100,0,0.3252,398,785,476,811,0.0112,398,785,474,810,0.0193,0.1267
001553,001553.jpg,640,640,0,0.1225,127,129,251,171,0.0046,127,129,251,171,0.0066,0.1243
001554,001554.jpg,968,1290,0,0.7106,341,426,533,492,0.0143,341,426,533,492,0.02,0.1028
001555,001555.jpg,640,640,0,0.6431,246,224,372,263,0.1075,246,224,372,263,0.0077,0.0928
001556,001556.jpg,782,1043,0,0.4737,389,318,517,358,0.1899,393,279,519,318,0.014,0.0972
001557,001557.jpg,640,640,0,0.146,337,189,441,215,0.0695,339,162,440,194,0.007,0.0945
001558,001558.jpg,747,995,0,0.7322,186,629,318,675,0.0258,188,631,319,671,0.0123,0.1106
001559,001559.jpg,640,640,0,0.643,188,397,298,437,0.0105,188,397,298,439,0.0048,0.095
001560,001560.jpg,690,886,0,0.6065,138,762,321,821,0.0182,138,762,321,821,0.0093,0.1045
001561,001561.jpg,717,957,0,0.6577,286,691,458,735,0.024,286,691,458,735,0.0131,0.1064
001562,001562.jpg,640,640,0,0.445,235,440,384,476,0.0397,234,442,383,473,0.0054,0.0926
001563,001563.jpg,607,844,0,0.5255,221,643,382,682,0.4606,223,613,453,648,0.0067,0.1074
001564,001564.jpg,640,640,0,0.3261,210,470,387,505,0.2118,215,447,386,479,0.0072,0.1104
001565,001565.jpg,2048,1536,0,0.4817,1133,1213,1320,1294,0.0035,75,202,217,256,0.0634,0.0901
001566,001566.jpg,710,993,0,0.2852,374,306,597,352,0.2063,371,309,601,354,0.0136,0.0819
001567,001567.jpg,640,640,0,0.2091,327,198,433,235,0.0385,326,195,432,234,0.0054,0.0973
001568,001568.jpg,675,983,0,0.6231,194,329,384,377,0.0211,198,328,385,378,0.0095,0.1027
001569,001569.jpg,756,1008,0,0.6928,420,297,570,348,0.0102,420,297,570,348,0.012,0.119
001570,001570.jpg,640,640,0,0.5302,359,187,519,230,0.017,359,187,509,231,0.0082,0.1011
001571,001571.jpg,711,949,0,0.4562,261,686,483,731,0.0565,268,686,483,731,0.0085,0.1559
001572,001572.jpg,640,640,0,0.3892,301,443,483,503,0.0113,300,439,482,502,0.0052,0.1159
001573,001573.jpg,717,957,0,0.7224,251,821,407,874,0.0234,249,822,406,873,0.0105,0.1268
001574,001574.jpg,640,640,0,0.6204,172,528,306,571,0.0205,172,528,306,571,0.0053,0.1165
001575,001575.jpg,702,939,0,0.6906,275,678,436,720,0.0225,275,676,440,720,0.0095,0.1334
001576,001576.jpg,640,640,0,0.5704,276,449,419,490,0.0168,276,448,420,491,0.006,0.1201
001577,001577.jpg,607,810,0,0.6839,184,593,337,636,0.0215,183,591,338,638,0.0096,0.1485
001578,001578.jpg,640,640,0,0.6138,234,435,393,496,0.0214,234,434,394,498,0.0059,0.1278
001579,001579.jpg,622,829,0,0.7223,239,520,378,563,0.0127,239,518,378,565,0.0079,0.1324
001580,001580.jpg,640,640,0,0.7418,264,385,403,437,0.0107,266,383,404,441,0.0042,0.1134
001581,001581.jpg,626,847,0,0.4542,134,646,390,698,0.0139,331,286,457,332,0.0066,0.1225
001582,001582.jpg,640,640,0,0.3401,202,42,322,86,0.009,143,480,326,520,0.0052,0.1133
001583,001583.jpg,700,934,0,0.5926,236,480,406,523,0.0265,236,480,406,523,0.0083,0.0975
001584,001584.jpg,640,640,0,0.4645,210,301,390,346,0.0135,207,304,384,345,0.0047,0.1021
001585,001585.jpg,756,1008,0,0.6952,254,763,388,812,0.0156,416,629,499,658,0.0131,0.1144
001586,001586.jpg,756,1008,0,0.642,189,364,336,411,0.1727,199,330,324,368,0.0116,0.1151
001587,001587.jpg,640,640,0,0.6268,164,219,286,277,0.1775,165,208,286,273,0.0046,0.0998
001588,001588.jpg,765,1020,0,0.8039,282,639,423,681,0.0083,282,641,424,681,0.0108,0.0938
001589,001589.jpg,640,640,0,0.6856,244,415,363,448,0.0125,244,416,360,449,0.0067,0.0865
001590,001590.jpg,783,1044,0,0.715,164,449,272,495,0.0098,167,450,273,496,0.0114,0.0896
001591,001591.jpg,640,640,0,0.671,156,254,238,286,0.0095,156,254,240,289,0.0052,0.1044
001592,001592.jpg,777,1036,0,0.6069,262,414,407,456,0.0109,262,411,425,461,0.0139,0.0965
001593,001593.jpg,640,640,0,0.6519,225,240,358,278,0.022,226,240,358,279,0.0064,0.1018
001594,001594.jpg,785,1047,0,0.7739,112,451,284,494,0.1422,147,426,222,454,0.014,0.096
001595,001595.jpg,640,640,0,0.6361,108,248,252,284,0.0132,112,246,249,284,0.0072,0.0999
001596,001596.jpg,890,1185,0,0.6629,280,484,450,540,0.6991,282,431,447,487,0.0111,0.0956
001597,001597.jpg,797,1062,0,0.2173,238,452,395,500,0.3577,243,409,392,459,0.0132,0.092
001598,001598.jpg,640,640,0,0.1799,193,238,403,314,0.0553,194,234,366,284,0.0046,0.0942
001599,001599.jpg,815,1086,0,0.5618,291,332,486,387,0.0154,291,331,485,388,0.0133,0.0946
001600,001600.jpg,845,1126,0,0.8055,312,372,444,413,0.0149,101,1074,321,1126,0.0142,0.0882
001601,001601.jpg,767,1023,0,0.6217,263,371,352,415,0.0051,252,365,354,420,0.0115,0.0871
001602,001602.jpg,640,640,0,0.6277,213,244,287,278,0.0103,211,243,288,281,0.0042,0.0858
001603,001603.jpg,875,1166,0,0.6813,228,447,401,501,0.0124,228,447,401,501,0.0146,0.1148
001604,001604.jpg,640,640,0,0.6228,170,227,295,265,0.0257,170,227,295,265,0.0066,0.1043
001605,001605.jpg,766,1021,0,0.7809,155,379,296,426,0.0077,152,378,297,432,0.0118,0.096
001606,001606.jpg,961,1281,0,0.705,191,756,335,802,0.0102,204,1198,314,1225,0.0181,0.0901
001607,001607.jpg,640,640,0,0.6971,103,371,197,408,0.0165,102,372,198,408,0.0071,0.0981
001608,001608.jpg,839,1118,0,0.744,289,373,502,424,0.0122,289,373,499,424,0.0151,0.1234
001609,001609.jpg,640,640,0,0.5482,216,195,359,224,0.0604,219,194,363,224,0.007,0.1111
001610,001610.jpg,873,1164,0,0.6215,188,369,346,421,0.0204,186,372,346,426,0.0164,0.0942
001611,001611.jpg,640,640,0,0.7048,136,223,251,258,0.0209,138,224,250,258,0.0066,0.0879
001612,001612.jpg,765,1021,0,0.8142,284,489,415,533,0.0326,285,491,416,534,0.0111,0.1011
001613,001613.jpg,640,640,0,0.7161,249,293,361,339,0.01,249,293,361,339,0.0064,0.1023
001614,001614.jpg,789,1053,0,0.7043,298,668,427,706,0.024,299,669,427,706,0.0111,0.0942
001615,001615.jpg,640,640,0,0.5446,251,399,352,431,0.0165,249,398,353,432,0.0073,0.0868
001616,001616.jpg,766,1021,0,0.8417,230,657,368,697,0.0188,229,658,366,700,0.0113,0.0944
001617,001617.jpg,640,640,0,0.688,159,398,266,431,0.021,158,402,268,432,0.005,0.0894
001618,001618.jpg,759,1012,0,0.7161,160,311,315,360,0.0125,162,311,317,361,0.0113,0.0938
001619,001619.jpg,640,640,0,0.6071,133,190,244,229,0.0116,133,190,243,229,0.0062,0.1305
001620,001620.jpg,794,1059,0,0.7158,250,695,394,744,0.0212,251,699,393,738,0.0143,0.1054
001621,001621.jpg,640,640,0,0.6409,201,417,321,454,0.0144,201,416,320,455,0.006,0.1083
001622,001622.jpg,763,1018,0,0.6134,248,653,390,699,0.0142,248,657,387,698,0.0153,0.102
001623,001623.jpg,640,640,0,0.5964,213,386,330,419,0.013,212,384,328,421,0.0066,0.0938
001624,001624.jpg,810,1080,0,0.7159,318,396,449,449,0.0122,318,396,450,445,0.011,0.0945
001625,001625.jpg,640,640,0,0.6057,258,222,364,255,0.0142,258,223,369,257,0.0073,0.0869
001626,001626.jpg,806,1074,0,0.763,250,516,396,558,0.1317,245,521,403,555,0.0115,0.0957
001627,001627.jpg,640,640,0,0.7159,200,291,316,340,0.0175,200,291,316,336,0.0056,0.093
001628,001628.jpg,782,1043,0,0.7768,258,345,389,388,0.0405,275,315,374,351,0.0103,0.0947
001629,001629.jpg,640,640,0,0.6519,197,191,300,231,0.0201,204,178,297,206,0.0045,0.0873
001630,001630.jpg,887,1182,0,0.7573,273,747,462,808,0.0145,268,744,465,812,0.0141,0.1115
001631,001631.jpg,640,640,0,0.65,227,403,359,450,0.0147,227,403,359,450,0.006,0.1137
001632,001632.jpg,781,1040,0,0.7996,337,258,509,308,0.0158,217,911,307,934,0.018,0.1224
001633,001633.jpg,754,1006,0,0.7673,244,818,395,868,0.0189,242,821,393,869,0.0116,0.0939
001634,001634.jpg,640,640,0,0.6007,175,515,300,566,0.008,175,515,300,566,0.0064,0.0864
001635,001635.jpg,762,1016,0,0.7623,82,542,271,583,0.5649,84,515,248,548,0.0104,0.0923
001636,001636.jpg,640,640,0,0.6201,62,355,192,387,0.2591,64,338,190,362,0.0063,0.1043
001637,001637.jpg,759,1011,0,0.6881,209,432,361,475,0.0089,209,431,362,480,0.0115,0.1023
001638,001638.jpg,640,640,0,0.7738,152,263,279,312,0.0111,153,261,278,312,0.0048,0.0997
001639,001639.jpg,577,738,0,0.2504,155,529,346,561,0.0976,155,529,346,561,0.0066,0.1185
001640,001640.jpg,640,640,0,0.1883,164,467,327,505,0.0824,164,467,327,505,0.0053,0.1076
001641,001641.jpg,804,1072,0,0.7599,332,687,478,732,0.0134,332,689,474,737,0.015,0.1042
001642,001642.jpg,767,1022,0,0.5471,127,349,260,395,0.2127,127,298,301,349,0.0133,0.0935
001643,001643.jpg,765,1020,0,0.3845,298,392,530,443,0.1608,303,391,535,442,0.0111,0.092
001644,001644.jpg,640,640,0,0.2135,196,259,373,297,0.1014,197,224,390,273,0.0047,0.0861
001645,001645.jpg,771,1028,0,0.3335,290,548,516,599,0.398,266,510,455,553,0.0082,0.0946
001646,001646.jpg,640,640,0,0.3173,244,323,411,356,0.3246,250,323,404,357,0.0034,0.097
001647,001647.jpg,772,899,0,0.4831,142,182,337,221,0.0391,147,183,329,222,0.011,0.0997
001648,001648.jpg,640,640,0,0.5675,240,131,361,166,0.0219,138,98,288,133,0.0043,0.104
001649,001649.jpg,716,1136,0,0.6415,265,392,415,445,0.0091,268,394,411,448,0.0135,0.1167
001650,001650.jpg,640,640,0,0.6303,247,219,371,259,0.0134,247,219,371,259,0.0061,0.1118
001651,001651.jpg,861,1316,0,0.6748,291,576,495,625,0.0111,290,573,493,631,0.0174,0.0998
001652,001652.jpg,640,640,0,0.5987,217,276,364,308,0.0242,219,275,364,309,0.0066,0.1031
001653,001653.jpg,1001,1316,0,0.5971,274,672,513,745,0.0174,274,672,513,745,0.014,0.1119
001654,001654.jpg,640,640,0,0.5562,196,309,348,352,0.0122,195,310,346,354,0.0061,0.0937
001655,001655.jpg,1004,1320,0,0.5812,350,413,578,476,0.0236,350,413,578,476,0.0246,0.0961
001656,001656.jpg,717,1197,0,0.6719,174,629,401,694,0.0192,177,627,400,695,0.0134,0.09
001657,001657.jpg,640,640,0,0.5647,178,337,363,396,0.0088,178,337,363,396,0.0074,0.0999
001658,001658.jpg,717,1134,0,0.5118,231,977,374,1039,0.0104,225,976,374,1042,0.0138,0.1088
001659,001659.jpg,875,1167,0,0.6247,324,708,512,770,0.0136,320,705,513,773,0.015,0.0973
001660,001660.jpg,640,640,0,0.6228,214,397,345,447,0.0157,212,398,347,445,0.0064,0.1015
001661,001661.jpg,907,1209,0,0.7163,358,753,574,814,0.0166,362,757,579,816,0.0133,0.0964
001662,001662.jpg,640,640,0,0.5809,237,416,385,452,0.0207,237,415,386,452,0.0069,0.0932
001663,001663.jpg,978,1304,0,0.7241,436,1020,675,1086,0.015,433,1018,677,1088,0.0177,0.0976
001664,001664.jpg,640,640,0,0.611,274,506,435,550,0.0169,275,507,436,551,0.0077,0.0881
001665,001665.jpg,909,1212,0,0.7913,340,522,523,585,0.0129,341,523,526,589,0.0184,0.0931
001666,001666.jpg,640,640,0,0.6519,229,253,354,299,0.0262,229,252,354,299,0.0068,0.1004
001667,001667.jpg,949,1266,0,0.7906,167,826,369,875,0.0198,225,392,365,441,0.0151,0.1098
001668,001668.jpg,640,640,0,0.6545,76,404,208,439,0.0199,77,402,211,439,0.0059,0.0988
001669,001669.jpg,928,1237,0,0.6684,339,967,468,1017,0.0249,343,971,469,1016,0.0171,0.1011
001670,001670.jpg,896,1195,0,0.616,261,524,412,567,0.5614,266,482,405,527,0.018,0.096
001671,001671.jpg,640,640,0,0.4342,180,297,273,336,0.5094,183,261,313,307,0.0077,0.0903
001672,001672.jpg,930,1257,0,0.3742,218,632,453,679,0.1505,217,630,455,681,0.0135,0.0965
001673,001673.jpg,640,640,0,0.2435,144,317,307,354,0.1309,144,317,307,354,0.0071,0.1044
001674,001674.jpg,933,1243,0,0.4239,275,680,510,746,0.0103,278,681,510,745,0.015,0.1182
001675,001675.jpg,1023,1364,0,0.7457,281,504,476,565,0.0126,282,507,471,570,0.0266,0.1022
001676,001676.jpg,640,640,0,0.5311,190,256,309,290,0.0173,190,256,309,289,0.0106,0.0971
001677,001677.jpg,973,1298,0,0.8562,205,646,377,700,0.01,203,647,377,707,0.0204,0.0952
001678,001678.jpg,640,640,0,0.726,117,296,219,332,0.0107,117,296,219,332,0.0078,0.0959
001679,001679.jpg,991,1321,0,0.8363,350,405,498,452,0.9218,348,354,499,405,0.0159,0.0963
001680,001680.jpg,640,640,0,0.817,237,208,333,235,0.656,234,182,330,210,0.0068,0.0915
001681,001681.jpg,917,1223,0,0.6859,312,763,501,824,0.0115,312,765,505,827,0.0145,0.1002
001682,001682.jpg,640,640,0,0.6629,231,403,365,446,0.0138,231,403,365,446,0.0065,0.0863
001683,001683.jpg,993,1324,0,0.6905,341,459,495,498,0.0163,339,460,501,498,0.0175,0.096
001684,001684.jpg,640,640,0,0.4282,241,231,420,271,0.0204,201,231,322,259,0.0061,0.1004
001685,001685.jpg,1054,1405,0,0.7449,511,564,680,613,0.6066,510,512,681,567,0.0213,0.1005
001686,001686.jpg,989,1318,0,0.7673,483,666,643,721,0.0261,486,669,643,721,0.0185,0.0917
001687,001687.jpg,640,640,0,0.6228,290,303,397,342,0.0077,293,302,398,343,0.0039,0.0963
001688,001688.jpg,1025,1367,0,0.074,520,787,651,821,0.0363,519,786,649,823,0.0237,0.0996
001689,001689.jpg,640,640,0,0.1523,354,332,432,358,0.0508,354,332,432,358,0.0072,0.0863
001690,001690.jpg,711,1030,0,0.5092,375,543,610,587,0.0853,374,542,616,586,0.0105,0.0936
001691,001691.jpg,640,640,0,0.109,346,338,560,374,0.116,355,338,561,373,0.0042,0.0864
001692,001692.jpg,1046,1395,0,0.3502,268,1220,451,1281,0.0195,362,646,736,713,0.0197,0.0964
001693,001693.jpg,640,640,0,0.1716,50,416,179,468,0.0073,94,586,230,617,0.0063,0.1034
001694,001694.jpg,1058,1411,0,0.7806,438,889,626,957,0.016,358,30,496,72,0.0374,0.1058
001695,001695.jpg,640,640,0,0.7881,274,418,387,462,0.0122,274,418,387,462,0.0061,0.0941
001696,001696.jpg,950,1267,0,0.7858,380,830,596,896,0.0104,384,826,597,900,0.0198,0.0973
001697,001697.jpg,640,640,0,0.7621,278,387,412,439,0.015,278,386,414,439,0.0075,0.0924
001698,001698.jpg,874,1166,0,0.8388,385,746,547,800,0.0138,385,748,545,802,0.0191,0.0934
001699,001699.jpg,640,640,0,0.775,295,416,410,458,0.0256,293,419,409,457,0.0069,0.0866
001700,001700.jpg,943,1258,0,0.6327,352,414,577,483,0.0141,352,414,577,483,0.0214,0.0928
001701,001701.jpg,640,640,0,0.5717,241,194,345,239,0.0109,241,194,345,239,0.0065,0.0876
001702,001702.jpg,1000,1334,0,0.664,440,663,624,716,0.0138,440,663,624,716,0.0165,0.104
001703,001703.jpg,917,1223,0,0.6366,345,804,509,852,0.0472,342,806,516,850,0.0208,0.0971
001704,001704.jpg,640,640,0,0.6434,265,421,381,453,0.0274,265,421,381,453,0.005,0.1134
001705,001705.jpg,985,1314,0,0.8073,220,826,412,877,0.0315,220,825,412,883,0.0221,0.1358
001706,001706.jpg,640,640,0,0.7418,139,404,262,437,0.0339,141,403,262,438,0.007,0.1196
001707,001707.jpg,795,1060,0,0.6835,317,350,468,409,0.0113,319,349,467,406,0.0148,0.1253
001708,001708.jpg,640,640,0,0.7584,260,220,375,253,0.0182,260,220,375,253,0.007,0.1208
001709,001709.jpg,1024,1365,0,0.6256,259,719,483,795,0.0082,259,719,483,795,0.0255,0.135
001710,001710.jpg,965,1285,0,0.3955,136,751,312,802,0.1466,136,748,318,803,0.0195,0.1318
001711,001711.jpg,640,640,0,0.4573,108,377,225,415,0.6207,106,353,229,389,0.0085,0.1202
001712,001712.jpg,939,1253,0,0.8304,265,819,428,864,0.831,267,775,428,821,0.0184,0.1259
001713,001713.jpg,1535,2048,0,0.5871,427,835,896,945,0.0255,423,828,899,947,0.0765,0.1274
001714,001714.jpg,640,640,0,0.0684,195,241,382,278,0.0075,197,241,384,277,0.0065,0.0993
001715,001715.jpg,900,1201,0,0.735,252,377,420,432,0.0152,252,380,422,434,0.015,0.1138
001716,001716.jpg,640,640,0,0.5316,210,182,340,230,0.0079,210,182,340,230,0.0052,0.1212
001717,001717.jpg,949,1266,0,0.7328,327,417,500,479,0.0116,326,420,501,474,0.0216,0.1077
001718,001718.jpg,640,640,0,0.7687,228,189,343,230,0.0139,228,190,343,231,0.0072,0.1011
001719,001719.jpg,1041,1387,0,0.2845,464,545,609,602,0.0123,462,543,691,608,0.0207,0.0992
001720,001720.jpg,640,640,0,0.0581,305,243,390,268,0.1248,305,242,388,268,0.0051,0.0859
001721,001721.jpg,889,1185,0,0.4865,295,625,522,686,0.82,296,568,520,629,0.0148,0.1079
001722,001722.jpg,640,640,0,0.5858,190,316,349,355,0.8914,193,283,355,323,0.0077,0.1332
001723,001723.jpg,1012,1350,0,0.6264,310,441,552,514,0.0171,309,438,552,515,0.0286,0.101
001724,001724.jpg,640,640,0,0.6719,182,227,334,264,0.028,183,226,332,263,0.0046,0.097
001725,001725.jpg,1000,1333,0,0.7603,357,1105,527,1168,0.0271,205,218,326,251,0.021,0.1058
001726,001726.jpg,640,640,0,0.6938,222,511,323,544,0.011,221,509,324,546,0.0086,0.0972
001727,001727.jpg,827,1103,0,0.4778,271,640,410,699,0.0076,271,640,410,699,0.0149,0.096
001728,001728.jpg,640,640,0,0.761,211,388,317,422,0.0162,209,387,318,424,0.0073,0.0945
001729,001729.jpg,988,1317,0,0.7803,252,345,431,405,0.0159,250,342,438,410,0.0216,0.0951
001730,001730.jpg,917,1223,0,0.5899,280,593,533,658,0.0319,280,593,533,658,0.016,0.095
001731,001731.jpg,640,640,0,0.4813,217,314,376,358,0.0133,214,315,379,359,0.0055,0.0927
001732,001732.jpg,959,1278,0,0.7448,315,844,510,902,0.0142,315,839,512,908,0.0184,0.0991
001733,001733.jpg,640,640,0,0.6661,220,403,345,441,0.025,218,403,346,442,0.0044,0.0946
001734,001734.jpg,999,1333,0,0.6558,244,876,519,945,0.0196,244,873,518,947,0.0146,0.1186
001735,001735.jpg,640,640,0,0.5165,146,414,302,454,0.0168,148,415,299,455,0.0056,0.1121
001736,001736.jpg,1051,1402,0,0.7625,398,440,603,502,0.0224,399,440,607,505,0.0183,0.1282
001737,001737.jpg,640,640,0,0.7034,235,220,358,255,0.0157,235,220,358,255,0.0074,0.0955
001738,001738.jpg,856,1141,0,0.7169,213,364,380,421,0.3001,214,324,386,370,0.0133,0.1022
001739,001739.jpg,640,640,0,0.6888,160,197,285,231,0.6579,161,175,289,203,0.0073,0.1197
001740,001740.jpg,1009,1345,0,0.8229,413,924,587,989,0.0151,413,922,596,993,0.0211,0.1049
001741,001741.jpg,640,640,0,0.557,247,444,350,483,0.0117,247,444,350,484,0.0052,0.0965
001742,001742.jpg,904,1206,0,0.7368,131,238,333,295,0.0123,132,242,328,297,0.0156,0.1061
001743,001743.jpg,640,640,0,0.616,107,115,245,167,0.0114,107,117,242,166,0.0073,0.1015
001744,001744.jpg,916,1223,0,0.8076,71,651,254,699,0.7694,68,601,244,655,0.0115,0.1051
001745,001745.jpg,640,640,0,0.4909,68,353,189,401,0.1623,67,325,189,391,0.0063,0.0987
001746,001746.jpg,956,1275,0,0.8515,250,799,400,857,0.8626,251,740,403,802,0.0172,0.0967
001747,001747.jpg,640,640,0,0.7143,194,403,287,439,0.7498,191,371,284,408,0.0066,0.0958
001748,001748.jpg,927,1033,0,0.3248,245,804,577,855,0.3148,242,755,547,807,0.0174,0.0987
001749,001749.jpg,640,640,0,0.333,211,474,403,524,0.183,213,464,438,494,0.005,0.0868
001750,001750.jpg,992,1323,0,0.7386,368,776,607,848,0.0374,372,783,611,848,0.0156,0.1006
001751,001751.jpg,640,640,0,0.5254,248,378,403,433,0.0552,247,378,406,432,0.0076,0.1102
001752,001752.jpg,778,1037,0,0.6543,259,566,448,616,0.0186,259,566,448,616,0.0152,0.1148
001753,001753.jpg,640,640,0,0.6946,197,335,354,395,0.0126,197,337,357,397,0.0051,0.0939
001754,001754.jpg,963,1284,0,0.8045,470,423,639,473,0.0206,473,421,636,478,0.0172,0.0989
001755,001755.jpg,640,640,0,0.5735,291,169,397,210,0.0164,291,169,397,212,0.0051,0.0989
001756,001756.jpg,1024,1365,0,0.6566,398,870,615,920,0.5179,397,827,594,875,0.0214,0.0979
001757,001757.jpg,999,1331,0,0.0521,350,494,563,546,0.0048,350,494,563,546,0.0204,0.0907
001758,001758.jpg,640,640,0,0.1109,210,232,350,257,0.0072,210,232,350,257,0.0068,0.0924
001759,001759.jpg,1006,560,0,0.7282,335,398,486,444,0.0187,335,402,491,446,0.0086,0.1155
001760,001760.jpg,640,640,0,0.7094,223,454,328,498,0.0109,223,454,328,498,0.0047,0.1243
001761,001761.jpg,1008,756,0,0.6103,365,258,578,318,0.0301,367,256,579,318,0.0112,0.1113
001762,001762.jpg,640,640,0,0.4693,226,231,385,278,0.0161,227,231,360,279,0.0071,0.107
001763,001763.jpg,1008,756,0,0.7367,390,539,562,600,0.0183,139,556,226,581,0.0127,0.1194
001764,001764.jpg,640,640,0,0.685,270,462,386,500,0.0135,271,461,386,501,0.0085,0.106
001765,001765.jpg,1008,756,0,0.2821,82,406,375,473,0.0134,460,346,801,465,0.0143,0.0961
001766,001766.jpg,640,640,0,0.5989,58,355,244,407,0.0086,58,355,243,405,0.0081,0.0868
001767,001767.jpg,770,578,0,0.5784,60,300,186,338,0.6565,59,270,200,304,0.0063,0.0939
001768,001768.jpg,640,640,0,0.3675,49,330,166,368,0.4581,49,294,166,333,0.004,0.1001
001769,001769.jpg,1008,756,0,0.5483,174,505,457,564,0.02,172,506,455,564,0.0135,0.1116
001770,001770.jpg,979,759,0,0.3235,632,313,787,364,0.4277,631,268,785,318,0.0151,0.1021
001771,001771.jpg,640,640,0,0.4244,404,240,512,281,0.6231,408,203,509,243,0.0057,0.0886
001772,001772.jpg,964,789,0,0.6405,586,378,780,436,0.0179,586,378,780,436,0.009,0.0951
001773,001773.jpg,640,640,0,0.4985,366,308,488,352,0.0258,98,306,228,334,0.0042,0.086
001774,001774.jpg,943,859,0,0.6737,332,405,570,454,0.0252,333,400,572,453,0.0088,0.0935
001775,001775.jpg,640,640,0,0.7092,208,293,375,336,0.0255,208,292,373,335,0.0043,0.0861
001776,001776.jpg,1112,800,0,0.1265,477,153,766,201,0.1252,479,153,761,201,0.0141,0.0954
001777,001777.jpg,640,640,0,0.1341,293,137,459,178,0.0422,284,139,459,180,0.0046,0.097
001778,001778.jpg,650,466,0,0.5826,197,361,302,398,0.0171,197,361,302,398,0.0055,0.1051
001779,001779.jpg,640,640,0,0.5585,217,492,324,536,0.0272,217,492,324,538,0.005,0.1053
001780,001780.jpg,1110,602,0,0.7222,643,400,818,439,0.5537,643,364,813,403,0.011,0.0975
001781,001781.jpg,640,640,0,0.47,405,400,517,449,0.6685,403,354,512,408,0.0041,0.0921
001782,001782.jpg,640,640,0,0.4747,388,394,521,435,0.158,389,395,523,434,0.007,0.0958
001783,001783.jpg,1307,980,0,0.8003,568,586,762,643,0.0117,569,587,762,649,0.0183,0.0913
001784,001784.jpg,640,640,0,0.7365,266,365,361,401,0.0108,264,364,362,403,0.0067,0.0862
001785,001785.jpg,605,604,0,0.571,190,311,338,353,0.0177,186,310,340,354,0.0055,0.1053
001786,001786.jpg,640,640,0,0.6186,186,323,344,375,0.0111,186,323,344,375,0.0051,0.127
001787,001787.jpg,946,675,0,0.4721,586,313,759,363,0.0146,585,314,772,365,0.0078,0.1149
001788,001788.jpg,640,640,0,0.4764,366,300,480,353,0.0215,0,366,121,442,0.005,0.0962
001789,001789.jpg,750,519,0,0.6586,205,227,325,272,0.0304,204,226,326,272,0.0061,0.0958
001790,001790.jpg,640,640,0,0.712,164,294,271,340,0.0152,164,294,271,340,0.0037,0.0922
001791,001791.jpg,864,628,0,0.5806,146,436,342,493,0.0234,148,436,340,493,0.008,0.0931
001792,001792.jpg,640,640,0,0.5383,146,457,288,521,0.0134,150,447,341,523,0.0042,0.092
001793,001793.jpg,964,644,0,0.445,98,201,310,252,0.0209,98,201,311,252,0.0106,0.0957
001794,001794.jpg,640,640,0,0.6288,51,208,196,256,0.0335,51,206,197,263,0.0041,0.0871
001795,001795.jpg,968,672,0,0.6689,171,372,360,428,0.0188,171,372,360,428,0.0091,0.0964
001796,001796.jpg,640,640,0,0.7383,119,361,247,406,0.021,118,359,246,406,0.0064,0.096
001797,001797.jpg,1134,576,0,0.2958,713,405,947,453,0.6428,713,357,947,410,0.0093,0.1096
001798,001798.jpg,822,616,0,0.4102,150,413,346,455,0.2794,155,414,342,451,0.0077,0.0956
001799,001799.jpg,640,640,0,0.4409,132,442,287,482,0.2774,135,444,284,479,0.0077,0.1008
001800,001800.jpg,948,705,0,0.3681,585,436,715,486,0.0094,583,435,720,488,0.0125,0.0935
001801,001801.jpg,965,724,0,0.6216,157,213,326,264,0.021,158,211,326,263,0.0125,0.0935
001802,001802.jpg,640,640,0,0.4639,119,176,233,222,0.0206,119,176,233,222,0.0073,0.0842
001803,001803.jpg,745,729,0,0.2953,74,172,310,222,0.0097,74,172,248,223,0.0083,0.0892
001804,001804.jpg,640,640,0,0.4689,71,150,258,199,0.0091,70,151,258,199,0.0038,0.0975
001805,001805.jpg,1082,799,0,0.3037,175,399,461,459,0.6258,168,351,461,404,0.0122,0.0942
001806,001806.jpg,640,640,0,0.1799,99,294,277,364,0.1907,99,256,276,320,0.0072,0.0959
001807,001807.jpg,1019,799,0,0.5986,468,483,672,549,0.0373,0,446,113,540,0.0148,0.1002
001808,001808.jpg,1016,912,0,0.8041,544,514,747,573,0.7506,543,461,739,518,0.0139,0.0959
001809,001809.jpg,640,640,0,0.6249,340,331,470,385,0.7427,339,290,463,340,0.0051,0.0902
001810,001810.jpg,756,734,0,0.729,384,315,536,362,0.0602,384,310,535,362,0.0131,0.1103
001811,001811.jpg,640,640,0,0.628,334,240,464,297,0.0116,334,240,464,297,0.0082,0.1055
001812,001812.jpg,893,637,0,0.6934,228,335,427,389,0.8565,229,280,413,333,0.0075,0.1078
001813,001813.jpg,640,640,0,0.7099,151,358,297,404,0.2283,151,298,288,350,0.005,0.094
001814,001814.jpg,1008,756,0,0.7061,209,561,391,621,0.0216,207,560,391,621,0.0124,0.0978
001815,001815.jpg,640,640,0,0.6581,135,470,258,527,0.0359,135,467,259,530,0.0052,0.1063
001816,001816.jpg,1066,800,0,0.3109,178,318,309,368,0.1919,178,271,311,319,0.0134,0.125
001817,001817.jpg,640,640,0,0.2597,90,253,170,288,0.0874,91,216,171,256,0.0062,0.1063
001818,001818.jpg,1049,787,0,0.879,438,559,600,606,0.8055,438,516,601,568,0.0116,0.1059
001819,001819.jpg,640,640,0,0.7129,249,447,358,486,0.7708,254,407,360,451,0.0051,0.0938
001820,001820.jpg,1039,911,0,0.6362,484,530,769,584,0.0281,483,529,768,584,0.0151,0.0957
001821,001821.jpg,640,640,0,0.5581,295,373,475,419,0.0151,296,372,470,417,0.0063,0.0858
001822,001822.jpg,915,1220,0,0.5337,252,463,629,533,0.0259,248,462,624,534,0.0115,0.0966
001823,001823.jpg,640,640,0,0.3222,195,218,381,263,0.0134,194,220,381,263,0.0066,0.0922
001824,001824.jpg,1338,904,0,0.4745,254,274,435,328,0.0965,250,279,439,330,0.0187,0.1056
001825,001825.jpg,640,640,0,0.4273,136,188,235,222,0.0836,134,186,238,221,0.0078,0.1057
001826,001826.jpg,1099,744,0,0.1329,0,253,67,329,0.165,454,373,692,421,0.0131,0.1066
001827,001827.jpg,1095,1460,0,0.4798,466,970,740,1044,0.0674,389,918,714,987,0.0272,0.0887
001828,001828.jpg,640,640,0,0.3811,264,415,393,473,0.1277,262,389,391,447,0.0071,0.0893
001829,001829.jpg,1019,1359,0,0.3346,252,794,596,860,0.1717,246,795,591,857,0.0193,0.0915
001830,001830.jpg,1027,1370,0,0.5805,422,639,666,706,0.0175,422,639,666,706,0.0224,0.0864
001831,001831.jpg,640,640,0,0.3315,307,314,415,358,0.0084,307,314,415,358,0.0069,0.0885
001832,001832.jpg,987,1316,0,0.654,388,965,582,1006,0.6049,389,927,584,970,0.0182,0.0968
001833,001833.jpg,640,640,0,0.3241,264,410,390,473,0.0438,264,410,390,473,0.0064,0.1213
001834,001834.jpg,912,1216,0,0.241,417,423,718,493,0.0101,315,429,663,491,0.0192,0.1418
001835,001835.jpg,640,640,0,0.1063,245,219,367,258,0.0049,240,221,367,258,0.0081,0.1515
001836,001836.jpg,1112,1483,0,0.7814,478,986,689,1047,0.0443,481,983,689,1049,0.0262,0.1353
001837,001837.jpg,640,640,0,0.7147,277,437,395,474,0.023,277,437,395,474,0.0042,0.1245
001838,001838.jpg,1060,1414,0,0.7393,380,987,580,1053,0.0115,377,987,582,1062,0.0241,0.1284
001839,001839.jpg,640,640,0,0.6876,200,421,320,459,0.0166,199,421,319,459,0.0054,0.1162
001840,001840.jpg,979,1305,0,0.8942,335,848,492,903,0.0085,331,847,495,911,0.0177,0.131
001841,001841.jpg,640,640,0,0.6535,235,417,335,446,0.0107,234,417,334,448,0.0079,0.1207
001842,001842.jpg,913,1218,0,0.5661,386,383,583,435,0.0599,386,383,593,436,0.0155,0.1307
001843,001843.jpg,640,640,0,0.2236,321,225,421,251,0.0431,320,225,425,253,0.005,0.1142
001844,001844.jpg,824,1003,0,0.6503,329,625,519,676,0.2715,327,590,518,634,0.0143,0.128
001845,001845.jpg,640,640,0,0.5201,274,405,398,457,0.0268,255,381,342,417,0.0045,0.1123
001846,001846.jpg,940,1253,0,0.55,222,747,467,804,0.0449,222,747,467,804,0.0158,0.0991
001847,001847.jpg,640,640,0,0.5462,142,396,304,427,0.1366,144,398,305,427,0.0041,0.0985
001848,001848.jpg,1073,1431,0,0.7562,308,858,540,922,0.0153,305,851,541,925,0.0219,0.1135
001849,001849.jpg,640,640,0,0.5866,189,400,334,436,0.0851,191,401,328,432,0.0085,0.1143
001850,001850.jpg,1122,1496,0,0.4282,232,937,480,991,0.0253,229,936,479,997,0.0241,0.0997
001851,001851.jpg,640,640,0,0.5574,147,392,289,420,0.031,146,387,289,420,0.0071,0.0881
001852,001852.jpg,856,1188,0,0.7447,293,690,535,753,0.0926,295,623,519,687,0.0146,0.09
001853,001853.jpg,640,640,0,0.4955,237,367,410,427,0.2243,226,328,390,387,0.0065,0.1005
001854,001854.jpg,1008,1344,0,0.655,379,880,587,946,0.0091,372,874,586,949,0.0207,0.1005
001855,001855.jpg,936,1248,0,0.7697,370,865,524,919,0.0327,370,867,528,922,0.0178,0.1088
001856,001856.jpg,640,640,0,0.5181,274,435,379,475,0.0084,315,3,458,52,0.005,0.1159
001857,001857.jpg,971,1377,0,0.4819,230,900,524,964,0.009,246,898,517,966,0.0218,0.1097
001858,001858.jpg,640,640,0,0.2718,175,406,294,439,0.1491,132,371,236,400,0.0071,0.0966
001859,001859.jpg,983,1311,0,0.3248,422,836,597,891,0.054,423,780,589,844,0.0179,0.0912
001860,001860.jpg,640,640,0,0.5725,280,421,388,452,0.0246,279,393,384,429,0.0049,0.1006
001861,001861.jpg,1084,1445,0,0.4189,411,938,562,984,0.0432,412,937,561,985,0.0237,0.0976
001862,001862.jpg,640,640,0,0.2008,256,429,337,454,0.114,254,427,336,453,0.0073,0.0885
001863,001863.jpg,1114,1485,0,0.0009,261,664,357,712,0.0004,401,934,611,1001,0.0238,0.0843
001864,001864.jpg,640,640,0,0.0045,80,342,212,391,0.0005,366,633,491,639,0.0056,0.0869
001865,001865.jpg,1049,1399,0,0.6951,391,656,608,729,0.0152,391,656,646,736,0.0166,0.101
001866,001866.jpg,640,640,0,0.5033,235,292,394,343,0.0084,235,292,394,343,0.0052,0.1056
001867,001867.jpg,884,1179,0,0.6131,366,378,539,427,0.0218,314,379,542,431,0.0163,0.0984
001868,001868.jpg,640,640,0,0.732,287,197,416,235,0.0531,287,197,416,235,0.0072,0.0883
001869,001869.jpg,1037,1383,0,0.4863,436,785,618,835,0.1716,435,776,634,834,0.0167,0.0939
001870,001870.jpg,640,640,0,0.2291,211,397,403,440,0.2969,278,372,397,407,0.0055,0.0863
001871,001871.jpg,1056,1408,0,0.3613,239,758,443,806,0.2547,247,707,442,760,0.0188,0.0942
001872,001872.jpg,1040,1387,0,0.7177,616,881,777,937,0.0069,616,882,779,935,0.0215,0.0831
001873,001873.jpg,640,640,0,0.7168,355,401,474,438,0.0144,355,401,474,438,0.0043,0.0986
001874,001874.jpg,916,1222,0,0.9078,450,892,595,940,0.802,422,843,629,892,0.0206,0.1023
001875,001875.jpg,640,640,0,0.4066,322,431,418,473,0.408,313,396,434,440,0.0067,0.1185
001876,001876.jpg,1019,1359,0,0.069,382,881,701,961,0.0037,441,884,700,960,0.031,0.1133
001877,001877.jpg,975,1300,0,0.4521,456,746,746,810,0.0214,456,746,746,810,0.0234,0.0867
001878,001878.jpg,640,640,0,0.2762,293,338,490,402,0.0135,0,342,81,413,0.0073,0.0885
001879,001879.jpg,1083,1444,0,0.3618,273,888,652,966,0.0164,273,885,655,964,0.0197,0.0927
001880,001880.jpg,640,640,0,0.211,183,48,259,90,0.0103,170,45,258,92,0.0034,0.1009
001881,001881.jpg,1121,1495,0,0.4428,387,596,575,661,0.3288,388,473,684,539,0.0221,0.1098
001882,001882.jpg,640,640,0,0.2487,227,257,326,293,0.0857,231,209,399,239,0.0069,0.0918
001883,001883.jpg,894,1185,0,0.2564,384,909,517,942,0.1562,378,841,575,882,0.0175,0.0992
001884,001884.jpg,640,640,0,0.1507,257,453,393,485,0.4385,257,453,393,485,0.007,0.1209
001885,001885.jpg,955,1301,0,0.4734,227,874,409,917,0.1288,421,786,620,846,0.0264,0.1317
001886,001886.jpg,640,640,0,0.3174,183,414,308,443,0.3988,313,356,439,392,0.0054,0.107
001887,001887.jpg,1536,2048,0,0.4655,700,651,1029,736,0.1978,790,577,971,657,0.0594,0.0843
001888,001888.jpg,640,640,0,0.1978,301,174,422,224,0.0432,318,156,399,192,0.0079,0.0832
001889,001889.jpg,1026,1368,0,0.2217,453,953,682,1020,0.0145,270,861,459,921,0.0213,0.0949
001890,001890.jpg,640,640,0,0.2781,295,459,434,502,0.0083,288,417,415,459,0.0079,0.086
001891,001891.jpg,1116,1489,0,0.3282,317,727,606,804,0.2936,317,727,606,804,0.0201,0.0974
001892,001892.jpg,640,640,0,0.5477,170,307,329,341,0.1191,170,307,329,341,0.0035,0.1052
001893,001893.jpg,1251,938,0,0.6527,229,597,431,667,0.0092,229,597,431,667,0.0185,0.0974
001894,001894.jpg,640,640,0,0.7327,81,388,190,435,0.0099,81,388,190,435,0.0071,0.1025
001895,001895.jpg,1373,947,0,0.7677,223,626,445,695,0.0168,225,626,440,699,0.016,0.0952
001896,001896.jpg,640,640,0,0.6574,121,438,225,482,0.014,252,243,371,291,0.0062,0.104
001897,001897.jpg,1126,1501,0,0.7382,504,431,646,497,0.0073,496,422,652,508,0.0273,0.1057
001898,001898.jpg,640,640,0,0.3653,302,176,388,219,0.0092,302,176,388,219,0.0055,0.0885
001899,001899.jpg,1061,1415,0,0.588,512,459,676,520,0.0062,525,457,686,532,0.0207,0.107
001900,001900.jpg,640,640,0,0.456,306,212,402,258,0.0058,306,212,402,258,0.0088,0.1055
001901,001901.jpg,922,1230,0,0.7982,189,774,385,823,0.029,188,773,393,829,0.0188,0.1109
001902,001902.jpg,640,640,0,0.4758,138,399,281,427,0.0405,138,399,281,427,0.0064,0.1054
001903,001903.jpg,991,1322,0,0.3953,207,888,308,924,0.054,234,387,491,440,0.0206,0.0959
001904,001904.jpg,937,1279,0,0.7489,395,900,594,955,0.1646,400,852,584,910,0.0185,0.085
001905,001905.jpg,640,640,0,0.7488,282,458,421,497,0.4115,288,436,419,472,0.0059,0.087
001906,001906.jpg,640,640,0,0.5824,109,418,257,470,0.0179,99,348,246,400,0.0053,0.0995
001907,001907.jpg,934,1245,0,0.4386,539,715,857,773,0.0145,539,715,857,773,0.016,0.0969
001908,001908.jpg,640,640,0,0.5387,452,382,585,437,0.0069,452,383,584,438,0.0058,0.0866
001909,001909.jpg,1213,910,0,0.6889,853,134,1075,203,0.1828,370,558,751,662,0.015,0.095
001910,001910.jpg,918,1223,0,0.8085,185,957,331,1001,0.8011,187,909,332,959,0.0224,0.1117
001911,001911.jpg,957,1280,0,0.0182,355,885,465,933,0.0031,349,875,467,939,0.0175,0.0942
001912,001912.jpg,640,640,0,0.3655,259,460,386,500,0.0186,259,458,384,502,0.0092,0.0976
001913,001913.jpg,990,1320,0,0.6563,549,749,830,813,0.0275,549,749,830,813,0.0227,0.0951
001914,001914.jpg,640,640,0,0.5963,332,308,513,364,0.0129,332,308,513,364,0.0046,0.0974
001915,001915.jpg,1132,1509,0,0.4994,522,414,660,496,0.0083,517,409,666,505,0.0221,0.0945
001916,001916.jpg,640,640,0,0.5996,315,195,396,236,0.009,317,196,396,237,0.0061,0.0918
001917,001917.jpg,1051,1402,0,0.4888,177,594,435,654,0.0618,177,594,435,654,0.0184,0.0922
001918,001918.jpg,640,640,0,0.5601,121,273,280,305,0.0278,120,273,281,304,0.0046,0.1006
001919,001919.jpg,895,1198,0,0.6533,378,838,541,880,0.3142,375,800,533,840,0.0165,0.1309
001920,001920.jpg,994,1325,0,0.6279,331,873,593,923,0.0759,330,834,503,880,0.0243,0.1198
001921,001921.jpg,640,640,0,0.3737,202,400,369,446,0.0389,201,395,369,435,0.0092,0.1059
001922,001922.jpg,1074,1433,0,0.6353,367,1036,612,1104,0.0233,369,974,612,1033,0.0214,0.0973
001923,001923.jpg,640,640,0,0.691,232,468,374,504,0.0281,234,466,373,504,0.0061,0.0873
001924,001924.jpg,934,1245,0,0.2469,318,784,590,838,0.0072,365,1050,466,1101,0.0188,0.0989
001925,001925.jpg,640,640,0,0.107,428,561,489,597,0.0022,428,561,489,597,0.0089,0.1037
001926,001926.jpg,1052,1403,0,0.5557,426,924,611,988,0.0087,425,921,615,992,0.0233,0.0986
001927,001927.jpg,640,640,0,0.5526,279,412,395,447,0.0157,279,412,395,447,0.0071,0.1041
001928,001928.jpg,1004,1338,0,0.7888,349,633,573,694,0.0148,345,635,577,700,0.0182,0.1091
001929,001929.jpg,640,640,0,0.6812,232,285,376,331,0.0237,232,285,376,331,0.0046,0.1001
001930,001930.jpg,934,1245,0,0.7417,342,759,570,819,0.0686,384,712,542,759,0.0199,0.0941
001931,001931.jpg,640,640,0,0.5719,272,385,423,426,0.0879,261,360,403,397,0.0052,0.086
001932,001932.jpg,994,1325,0,0.7032,354,873,611,947,0.0336,354,873,611,947,0.0127,0.0957
001933,001933.jpg,640,640,0,0.6523,226,418,380,458,0.0288,226,415,380,458,0.0052,0.0943
001934,001934.jpg,883,1222,0,0.7907,376,907,535,957,0.0129,375,908,534,961,0.0196,0.0967
001935,001935.jpg,640,640,0,0.7207,258,482,374,530,0.0127,258,482,374,530,0.0051,0.0916
001936,001936.jpg,1055,1407,0,0.7535,230,1033,440,1097,0.0192,229,1034,436,1091,0.0226,0.1115
001937,001937.jpg,640,640,0,0.6886,106,473,230,505,0.0302,106,473,230,505,0.0103,0.1072
001938,001938.jpg,791,1026,0,0.422,341,619,483,671,0.0142,227,618,482,671,0.0117,0.096
001939,001939.jpg,1236,927,0,0.4954,335,136,585,208,0.0384,460,295,792,411,0.0154,0.0972
001940,001940.jpg,640,640,0,0.4246,157,103,281,155,0.0147,157,103,281,155,0.004,0.0927
001941,001941.jpg,919,1225,0,0.6491,313,739,526,791,0.0741,312,741,536,795,0.0147,0.1049
001942,001942.jpg,640,640,0,0.6029,274,379,390,414,0.0473,272,377,391,413,0.0087,0.1065
001943,001943.jpg,2048,1536,0,0.6062,979,685,1314,778,0.1033,969,690,1317,781,0.0475,0.0877
001944,001944.jpg,640,640,0,0.3203,307,276,436,311,0.0998,285,274,392,308,0.0099,0.0862
001945,001945.jpg,957,1276,0,0.2688,467,902,718,969,0.4378,467,837,718,902,0.0202,0.1116
001946,001946.jpg,640,640,0,0.1707,305,401,479,451,0.0317,306,403,476,453,0.0061,0.0997
001947,001947.jpg,924,1232,0,0.6822,576,835,738,885,0.0243,308,772,578,817,0.0174,0.0945
001948,001948.jpg,640,640,0,0.1749,379,415,507,455,0.0244,209,388,402,440,0.0053,0.0876
001949,001949.jpg,977,1302,0,0.5461,351,846,540,920,0.0109,351,847,540,924,0.0148,0.0951
001950,001950.jpg,640,640,0,0.6006,225,401,345,451,0.0099,225,401,345,451,0.0049,0.0868
001951,001951.jpg,816,1124,0,0.6568,304,631,497,693,0.0235,304,631,497,693,0.0103,0.0903
001952,001952.jpg,640,640,0,0.6534,244,368,385,406,0.0228,243,366,385,407,0.0049,0.0861
001953,001953.jpg,1277,958,0,0.0286,167,601,278,635,0.0085,167,606,277,635,0.0178,0.0986
001954,001954.jpg,640,640,0,0.132,62,307,122,332,0.0088,62,291,126,311,0.0051,0.1005
001955,001955.jpg,1210,907,0,0.165,115,550,346,627,0.0162,393,542,494,572,0.0185,0.0986
001956,001956.jpg,640,640,0,0.4417,43,387,167,431,0.0098,43,387,167,431,0.0074,0.0886
001957,001957.jpg,1227,860,0,0.6062,871,314,1117,379,0.0153,875,313,1115,382,0.0152,0.0971
001958,001958.jpg,881,1175,0,0.8528,118,177,293,227,0.0078,120,177,293,233,0.0179,0.0856
001959,001959.jpg,640,640,0,0.6842,101,85,228,122,0.0259,101,85,228,122,0.005,0.0876
001960,001960.jpg,1023,1365,0,0.4352,250,862,687,952,0.0145,265,854,687,956,0.02,0.0988
001961,001961.jpg,1310,982,0,0.4326,403,366,721,434,0.5057,398,364,658,432,0.0154,0.094
001962,001962.jpg,640,640,0,0.5424,192,252,355,306,0.0985,189,257,346,306,0.007,0.0867
001963,001963.jpg,965,1286,0,0.7988,383,817,584,874,0.605,388,734,584,802,0.0153,0.0965
001964,001964.jpg,640,640,0,0.6979,259,398,384,443,0.7876,258,357,379,400,0.0054,0.1198
001965,001965.jpg,942,1256,0,0.7905,342,796,559,854,0.0191,342,795,559,855,0.0211,0.1258
001966,001966.jpg,640,640,0,0.5809,197,390,336,424,0.0203,197,390,336,424,0.0067,0.119
001967,001967.jpg,951,1269,0,0.6953,299,861,525,932,0.0187,300,858,525,933,0.0214,0.126
001968,001968.jpg,640,640,0,0.6579,185,426,334,474,0.0154,186,427,331,474,0.0049,0.1228
001969,001969.jpg,1068,1423,0,0.0234,197,468,439,529,0.0101,145,387,362,436,0.0275,0.1316
001970,001970.jpg,942,1256,0,0.6207,523,650,762,717,0.0134,523,650,762,717,0.016,0.1229
001971,001971.jpg,640,640,0,0.5404,355,337,484,376,0.0239,355,337,492,376,0.0077,0.1184
001972,001972.jpg,1018,1383,0,0.5477,442,384,731,455,0.0491,433,335,599,391,0.0209,0.135
001973,001973.jpg,640,640,0,0.2325,323,191,488,251,0.0081,318,192,488,249,0.0037,0.1153
001974,001974.jpg,935,1126,0,0.3392,352,570,544,624,0.0123,385,302,472,334,0.0161,0.1249
001975,001975.jpg,1086,1448,0,0.0404,481,975,666,1027,0.0034,482,977,664,1023,0.0315,0.1145
001976,001976.jpg,640,640,0,0.3199,304,423,413,455,0.0111,304,423,413,455,0.0071,0.0866
001977,001977.jpg,1090,1454,0,0.0091,558,969,728,1019,0.0008,559,970,728,1019,0.0243,0.0914
001978,001978.jpg,1258,944,0,0.6801,489,598,766,671,0.0214,490,593,769,674,0.0189,0.0896
001979,001979.jpg,640,640,0,0.6511,238,401,377,455,0.0119,238,401,377,455,0.0041,0.1092
001980,001980.jpg,1133,1510,0,0.7271,513,917,799,996,0.016,510,916,794,996,0.0223,0.1036
001981,001981.jpg,640,640,0,0.449,271,400,424,437,0.0811,238,371,383,404,0.004,0.0861
001982,001982.jpg,1343,1007,0,0.6225,519,632,825,701,0.018,519,632,825,701,0.0174,0.0879
001983,001983.jpg,640,640,0,0.5537,219,389,370,456,0.0157,219,387,368,456,0.0047,0.0979
001984,001984.jpg,900,1200,0,0.5449,330,873,615,939,0.0164,332,872,616,943,0.015,0.1213
001985,001985.jpg,640,640,0,0.567,235,452,426,503,0.0105,235,452,426,503,0.0074,0.1052
001986,001986.jpg,919,1225,0,0.6037,360,790,628,851,0.0197,360,790,628,851,0.0194,0.1013
001987,001987.jpg,983,1310,0,0.5439,171,1049,527,1164,0.0212,173,1047,527,1172,0.0165,0.1027
001988,001988.jpg,640,640,0,0.205,498,514,627,573,0.0046,499,513,626,577,0.0073,0.1087
001989,001989.jpg,927,1236,0,0.7511,555,289,756,347,0.0141,552,286,759,353,0.0177,0.1144
001990,001990.jpg,640,640,0,0.6819,372,97,505,151,0.0089,372,97,505,151,0.0064,0.0971
001991,001991.jpg,1068,1425,0,0.6912,543,968,800,1037,0.0186,541,964,798,1040,0.0227,0.0909
001992,001992.jpg,640,640,0,0.504,307,398,464,459,0.0094,307,403,451,458,0.0057,0.0877
001993,001993.jpg,1025,1367,0,0.7181,262,892,482,946,0.085,255,891,489,949,0.0222,0.0974
001994,001994.jpg,640,640,0,0.5277,166,417,311,460,0.0284,165,416,309,460,0.007,0.0869
001995,001995.jpg,1094,1458,0,0.5158,434,578,646,655,0.008,434,578,646,655,0.0276,0.0915
001996,001996.jpg,640,640,0,0.6403,256,255,376,296,0.0183,254,253,377,296,0.005,0.0997
001997,001997.jpg,955,1273,0,0.7342,492,856,725,928,0.0147,493,860,725,923,0.0193,0.1046
001998,001998.jpg,640,640,0,0.5737,336,434,488,474,0.0175,336,434,488,474,0.0071,0.1062
001999,001999.jpg,939,1252,0,0.3583,387,784,545,835,0.0299,383,783,567,840,0.0166,0.0965
002000,002000.jpg,640,640,0,0.5821,291,403,396,435,0.0111,291,402,395,437,0.0041,0.0924
002001,002001.jpg,1050,1400,0,0.7848,400,1040,563,1095,0.0079,398,1037,564,1100,0.0187,0.098
002002,002002.jpg,640,640,0,0.7167,253,488,355,525,0.0092,253,492,352,525,0.0071,0.0903
002003,002003.jpg,1025,1367,0,0.5734,522,376,737,446,0.011,523,376,737,448,0.0222,0.0975
002004,002004.jpg,640,640,0,0.7237,316,164,445,210,0.0139,315,163,447,210,0.0052,0.0937
002005,002005.jpg,861,1148,0,0.6089,363,366,528,420,0.0133,359,370,530,423,0.0141,0.1079
002006,002006.jpg,640,640,0,0.6732,260,211,388,257,0.0141,259,211,386,255,0.0075,0.1184
002007,002007.jpg,1077,1435,0,0.6415,577,980,851,1049,0.0138,577,980,851,1049,0.028,0.115
002008,002008.jpg,640,640,0,0.4463,304,438,466,472,0.015,304,438,466,472,0.0069,0.091
002009,002009.jpg,942,1256,0,0.478,360,697,557,761,0.0084,360,697,557,761,0.0154,0.1007
002010,002010.jpg,640,640,0,0.3422,267,339,415,375,0.0146,267,337,406,376,0.0072,0.0954
002011,002011.jpg,927,1236,0,0.6645,403,491,604,545,0.0105,404,494,605,551,0.0127,0.097
002012,002012.jpg,640,640,0,0.6386,280,258,412,295,0.0186,277,258,416,297,0.0046,0.0911
002013,002013.jpg,1041,1388,0,0.7503,446,749,693,826,0.0166,452,757,690,820,0.0157,0.0992
002014,002014.jpg,931,1241,0,0.6005,489,951,732,1010,0.4204,501,909,699,962,0.0158,0.1122
002015,002015.jpg,640,640,0,0.4655,354,504,476,551,0.4362,306,472,448,514,0.0068,0.1116
002016,002016.jpg,1031,1374,0,0.0466,66,558,412,641,0.0021,84,558,400,643,0.0208,0.1255
002017,002017.jpg,913,1282,0,0.6547,293,612,534,672,0.0433,293,610,534,674,0.0143,0.0968
002018,002018.jpg,640,640,0,0.5678,194,289,359,320,0.0425,195,288,356,320,0.0058,0.0859
002019,002019.jpg,715,844,0,0.3469,445,574,578,612,0.0082,439,572,577,614,0.008,0.0937
002020,002020.jpg,640,640,0,0.5013,272,356,418,389,0.022,271,355,420,390,0.005,0.0934
002021,002021.jpg,756,1008,0,0.573,294,814,530,875,0.0171,294,814,530,875,0.0108,0.0944
002022,002022.jpg,640,640,0,0.5127,266,519,462,577,0.0235,269,518,461,579,0.006,0.0956
002023,002023.jpg,534,726,0,0.6932,144,478,292,519,0.0212,144,478,292,519,0.007,0.1136
002024,002024.jpg,640,640,0,0.5634,193,406,366,446,0.0303,194,377,321,412,0.0048,0.1006
002025,002025.jpg,716,884,0,0.5118,114,573,301,622,0.0171,115,574,299,623,0.0091,0.0993
002026,002026.jpg,640,640,0,0.5036,134,432,287,475,0.0222,134,431,286,474,0.007,0.1075
002027,002027.jpg,727,782,0,0.6997,216,601,355,642,0.0151,217,599,355,641,0.0094,0.096
002028,002028.jpg,640,640,0,0.7444,227,499,346,535,0.022,226,497,346,536,0.0046,0.0924
002029,002029.jpg,598,856,0,0.7582,201,659,373,698,0.038,197,658,373,699,0.0075,0.0924
002030,002030.jpg,521,846,0,0.5262,205,494,376,543,0.0217,205,494,376,543,0.0078,0.0995
002031,002031.jpg,640,640,0,0.352,269,379,428,435,0.0151,264,380,423,429,0.0055,0.1055
002032,002032.jpg,655,957,0,0.7337,262,604,456,658,0.0317,261,602,454,658,0.0086,0.119
002033,002033.jpg,640,640,0,0.635,262,401,442,440,0.0252,260,401,442,440,0.0051,0.1043
002034,002034.jpg,775,793,0,0.6425,295,124,435,170,0.077,295,124,435,170,0.0088,0.0977
002035,002035.jpg,640,640,0,0.4249,218,92,331,138,0.0341,218,93,331,138,0.0063,0.0906
002036,002036.jpg,601,633,0,0.6821,300,319,427,357,0.0335,300,316,427,357,0.0068,0.1067
002037,002037.jpg,640,640,0,0.6056,313,302,450,361,0.0121,313,305,451,360,0.0047,0.0967
002038,002038.jpg,616,720,0,0.5652,133,510,278,552,0.1437,118,164,335,223,0.0073,0.092
002039,002039.jpg,657,847,0,0.6972,178,403,317,450,0.01,179,402,317,453,0.01,0.0925
002040,002040.jpg,640,640,0,0.6738,181,314,311,353,0.0843,135,34,305,73,0.0054,0.0853
002041,002041.jpg,641,873,0,0.5468,241,603,361,655,0.0103,241,603,361,655,0.0087,0.0946
002042,002042.jpg,640,640,0,0.6204,277,423,392,467,0.0132,277,422,391,469,0.0052,0.1088
002043,002043.jpg,678,903,0,0.4617,162,404,351,457,0.0151,161,402,329,459,0.0097,0.0984
002044,002044.jpg,640,640,0,0.6005,170,307,325,359,0.0109,168,307,328,359,0.0048,0.0899
002045,002045.jpg,642,856,0,0.7422,207,663,362,715,0.0975,212,589,316,609,0.0091,0.0962
002046,002046.jpg,640,640,0,0.5726,260,494,404,541,0.0242,260,491,405,541,0.0046,0.086
002047,002047.jpg,541,721,0,0.6573,243,444,362,486,0.016,243,444,362,486,0.0067,0.1038
002048,002048.jpg,640,640,0,0.2639,308,387,436,441,0.0073,309,387,435,440,0.0054,0.0938
002049,002049.jpg,567,824,0,0.6811,234,564,404,612,0.0198,234,562,409,612,0.0079,0.0968
002050,002050.jpg,640,640,0,0.3466,257,420,436,475,0.0086,257,420,436,475,0.0045,0.0933
002051,002051.jpg,551,851,0,0.1217,187,104,384,171,0.0074,188,67,372,158,0.0066,0.1016
002052,002052.jpg,640,640,0,0.2005,209,67,354,107,0.2657,209,66,354,107,0.0049,0.1109
002053,002053.jpg,653,674,0,0.6862,449,88,569,129,0.0208,449,88,569,129,0.0077,0.1073
002054,002054.jpg,736,887,0,0.2702,268,378,410,432,0.0132,268,378,410,432,0.0123,0.113
002055,002055.jpg,640,640,0,0.012,239,273,342,316,0.0047,239,273,342,316,0.0053,0.1179
002056,002056.jpg,710,962,0,0.5905,248,473,420,532,0.016,248,473,420,532,0.0088,0.1047
002057,002057.jpg,640,640,0,0.6601,232,292,380,335,0.0169,229,292,382,334,0.004,0.0888
002058,002058.jpg,643,859,0,0.5148,248,646,460,697,0.0159,249,643,416,698,0.0074,0.095
002059,002059.jpg,640,640,0,0.5369,261,488,401,526,0.0141,263,486,406,525,0.0052,0.0931
002060,002060.jpg,556,818,0,0.4576,170,486,296,536,0.0107,170,486,296,536,0.0063,0.1033
002061,002061.jpg,640,640,0,0.3571,179,366,325,408,0.0312,179,365,323,407,0.0063,0.0992
002062,002062.jpg,593,794,0,0.3432,224,501,385,560,0.0086,224,501,385,560,0.0067,0.103
002063,002063.jpg,640,640,0,0.1174,251,411,414,466,0.1195,242,365,418,417,0.0047,0.0918
002064,002064.jpg,523,791,0,0.6645,210,614,366,661,0.0181,210,612,365,662,0.0066,0.094
002065,002065.jpg,640,640,0,0.4389,276,466,463,528,0.0094,275,468,457,528,0.0055,0.0882
002066,002066.jpg,609,700,0,0.4741,172,246,347,283,0.6568,194,213,347,248,0.0084,0.0919
002067,002067.jpg,640,640,0,0.5275,164,243,354,280,0.7518,161,212,297,245,0.0048,0.0863
002068,002068.jpg,482,592,0,0.3456,57,403,208,439,0.2069,62,370,225,406,0.0049,0.0909
002069,002069.jpg,650,867,0,0.6396,235,453,377,499,0.0134,235,453,377,499,0.0069,0.0928
002070,002070.jpg,511,710,0,0.3289,117,549,367,600,0.0188,118,551,370,600,0.0058,0.1004
002071,002071.jpg,640,640,0,0.0602,95,469,234,526,0.0035,95,470,230,524,0.0066,0.108
002072,002072.jpg,669,892,0,0.744,127,631,294,678,0.0233,127,630,290,678,0.0089,0.1042
002073,002073.jpg,640,640,0,0.6838,149,436,299,474,0.0227,149,436,299,474,0.0044,0.0865
002074,002074.jpg,686,917,0,0.7543,282,466,390,514,0.0106,280,463,390,518,0.0092,0.0939
002075,002075.jpg,640,640,0,0.5667,261,319,354,362,0.0115,260,318,354,361,0.0043,0.0929
002076,002076.jpg,644,1121,0,0.475,137,782,368,837,0.0462,137,782,368,837,0.01,0.1188
002077,002077.jpg,614,939,0,0.8261,159,503,308,547,0.0267,157,502,308,549,0.0103,0.1168
002078,002078.jpg,640,640,0,0.6464,146,357,305,402,0.0205,147,359,305,404,0.0044,0.1146
002079,002079.jpg,783,1032,0,0.6715,326,959,484,1015,0.0161,326,959,484,1015,0.0107,0.1224
002080,002080.jpg,640,640,0,0.6154,260,593,387,629,0.0323,259,592,387,630,0.0044,0.1122
002081,002081.jpg,956,1047,0,0.4391,130,417,275,466,0.1391,132,363,263,416,0.0204,0.1162
002082,002082.jpg,1548,2032,0,0.6286,528,1053,1027,1181,0.0308,531,1051,1019,1188,0.0702,0.0826
002083,002083.jpg,715,1147,0,0.3251,311,604,448,657,0.2748,308,547,447,606,0.0106,0.0731
002084,002084.jpg,640,640,0,0.2364,289,339,408,373,0.467,286,306,407,343,0.0057,0.0833
002085,002085.jpg,723,965,0,0.7539,185,586,370,642,0.0219,185,586,367,642,0.0084,0.1135
002086,002086.jpg,640,640,0,0.5529,136,388,293,439,0.011,136,388,293,439,0.0043,0.1145
002087,002087.jpg,672,889,0,0.5775,111,538,284,592,0.0248,111,537,286,592,0.0106,0.1043
002088,002088.jpg,640,640,0,0.5789,90,375,257,441,0.0116,91,373,257,442,0.0069,0.1026
002089,002089.jpg,756,1008,0,0.5215,187,283,305,335,0.0048,128,281,306,336,0.0135,0.0947
002090,002090.jpg,640,640,0,0.462,118,162,263,197,0.0188,118,161,262,198,0.0066,0.0928
002091,002091.jpg,756,1008,0,0.7665,317,698,485,752,0.0122,317,698,485,752,0.0114,0.1002
002092,002092.jpg,640,640,0,0.6894,275,450,410,490,0.0197,277,446,410,493,0.0064,0.0946
002093,002093.jpg,700,934,0,0.6443,149,726,330,781,0.0227,149,725,329,781,0.0099,0.0961
002094,002094.jpg,646,864,0,0.6702,250,675,368,723,0.013,250,675,368,723,0.0122,0.0924
002095,002095.jpg,640,640,0,0.7007,247,487,362,535,0.0168,247,488,361,537,0.0069,0.1016
002096,002096.jpg,756,1008,0,0.3811,248,678,415,729,0.0117,248,680,417,731,0.0109,0.094
002097,002097.jpg,640,640,0,0.2057,226,440,320,487,0.0047,226,440,322,489,0.0047,0.1154
002098,002098.jpg,756,1008,0,0.4218,265,623,423,673,0.0183,265,623,423,673,0.017,0.1326
002099,002099.jpg,640,640,0,0.3083,222,394,356,443,0.0126,222,394,356,443,0.0075,0.1392
002100,002100.jpg,756,1008,0,0.6574,258,677,446,736,0.0198,257,677,445,738,0.0098,0.1275
002101,002101.jpg,640,640,0,0.5595,242,442,399,490,0.0199,243,444,398,489,0.005,0.1167
002102,002102.jpg,955,1274,0,0.6665,265,486,521,560,0.0229,259,486,518,561,0.0194,0.1262
002103,002103.jpg,640,640,0,0.4483,159,238,330,279,0.0188,159,238,328,279,0.0066,0.1186
002104,002104.jpg,802,1069,0,0.5513,239,564,378,621,0.0096,454,266,746,368,0.0104,0.1406
002105,002105.jpg,640,640,0,0.7526,179,325,286,367,0.0102,179,325,286,367,0.0055,0.1236
002106,002106.jpg,822,1096,0,0.6224,294,567,441,609,0.0189,293,566,447,612,0.0119,0.125
002107,002107.jpg,676,1022,0,0.4586,167,740,388,796,0.0187,167,740,388,796,0.0089,0.1215
002108,002108.jpg,640,640,0,0.2226,206,467,403,531,0.0103,206,467,403,531,0.0052,0.1157
002109,002109.jpg,656,1015,0,0.6475,214,616,461,676,0.0462,214,611,459,678,0.009,0.1212
002110,002110.jpg,640,640,0,0.3862,222,387,408,446,0.0119,221,387,410,449,0.0042,0.1026
002111,002111.jpg,739,985,0,0.6394,211,323,373,385,0.0214,213,320,374,383,0.0101,0.0951
002112,002112.jpg,640,640,0,0.5431,180,228,315,268,0.0172,181,227,316,267,0.0041,0.1053
002113,002113.jpg,715,932,0,0.605,178,658,368,706,0.0396,178,656,368,708,0.0107,0.1322
002114,002114.jpg,640,951,0,0.4876,88,720,333,769,0.0774,89,718,337,771,0.0103,0.1232
002115,002115.jpg,640,640,0,0.3418,88,498,308,532,0.108,141,497,322,530,0.0052,0.0909
002116,002116.jpg,885,928,0,0.6123,289,446,507,496,0.0774,295,443,508,495,0.0121,0.0956
002117,002117.jpg,640,640,0,0.5772,199,308,364,349,0.0144,200,308,362,350,0.0069,0.0896
002118,002118.jpg,712,831,0,0.6907,238,631,424,681,0.0213,239,629,427,681,0.0102,0.0885
002119,002119.jpg,640,640,0,0.5677,258,496,425,540,0.0459,258,494,425,541,0.0058,0.1012
002120,002120.jpg,716,1024,0,0.7525,199,261,361,316,0.0256,197,262,359,317,0.0112,0.1121
002121,002121.jpg,640,640,0,0.6744,197,149,341,191,0.1299,605,175,639,218,0.0047,0.13
002122,002122.jpg,697,947,0,0.4845,379,708,584,765,0.0177,378,707,578,767,0.0116,0.1124
002123,002123.jpg,756,1008,0,0.6404,323,636,523,693,0.0243,323,636,523,693,0.0128,0.0939
002124,002124.jpg,640,640,0,0.6537,280,401,447,450,0.0189,280,400,441,443,0.0063,0.0886
002125,002125.jpg,686,959,0,0.1321,293,400,407,427,0.0078,295,400,409,426,0.0107,0.0959
002126,002126.jpg,640,640,0,0.0799,290,250,392,293,0.0024,290,250,392,293,0.007,0.0976
002127,002127.jpg,923,1231,0,0.6299,392,396,627,471,0.0195,394,395,627,472,0.0165,0.0947
002128,002128.jpg,873,1163,0,0.6649,303,636,543,702,0.0207,303,634,541,702,0.0134,0.085
002129,002129.jpg,640,640,0,0.5117,207,351,382,409,0.0076,209,351,378,408,0.0046,0.0865
002130,002130.jpg,756,1008,0,0.4611,185,677,507,746,0.0206,184,681,503,744,0.01,0.0992
002131,002131.jpg,640,640,0,0.4196,187,446,355,488,0.0127,187,445,355,488,0.0069,0.1044
002132,002132.jpg,910,1067,0,0.5586,307,273,526,329,0.2284,307,270,522,330,0.014,0.0966
002133,002133.jpg,640,640,0,0.2555,194,147,335,201,0.0395,196,146,355,204,0.0039,0.0957
002134,002134.jpg,756,1008,0,0.64,273,703,516,761,0.0205,273,702,518,762,0.014,0.0956
002135,002135.jpg,640,640,0,0.6105,229,419,430,472,0.0185,231,411,431,477,0.0059,0.088
002136,002136.jpg,697,950,0,0.6355,145,714,357,775,0.0264,147,712,356,774,0.0111,0.093
002137,002137.jpg,640,640,0,0.5172,147,472,327,524,0.0136,148,472,330,525,0.0075,0.0932
002138,002138.jpg,947,1262,0,0.5196,376,439,581,510,0.0111,377,439,582,513,0.02,0.0959
002139,002139.jpg,640,640,0,0.6069,270,196,405,241,0.0111,270,196,405,241,0.0048,0.0838
002140,002140.jpg,763,1017,0,0.6548,345,330,514,390,0.014,346,330,519,391,0.012,0.1135
002141,002141.jpg,817,1089,0,0.0999,292,387,461,444,0.0028,289,388,460,443,0.0177,0.1009
002142,002142.jpg,640,640,0,0.0211,212,231,341,277,0.0016,212,232,341,277,0.0064,0.0907
002143,002143.jpg,756,1008,0,0.7475,286,332,408,386,0.0097,283,330,410,389,0.0114,0.0959
002144,002144.jpg,828,1104,0,0.6036,311,719,505,784,0.0153,311,719,505,784,0.0166,0.0976
002145,002145.jpg,640,640,0,0.5994,269,403,415,455,0.0144,269,403,415,455,0.0056,0.107
002146,002146.jpg,842,1122,0,0.7426,402,739,538,797,0.0105,398,736,541,800,0.0128,0.097
002147,002147.jpg,640,640,0,0.7051,330,437,437,475,0.0115,329,436,436,475,0.0054,0.0915
002148,002148.jpg,696,990,0,0.1033,271,674,400,712,0.0065,271,591,391,666,0.0138,0.0934
002149,002149.jpg,678,1216,0,0.5538,106,938,373,1013,0.0184,107,934,373,1012,0.0102,0.1162
002150,002150.jpg,640,640,0,0.2275,96,473,275,539,0.0039,97,474,289,539,0.007,0.1046
002151,002151.jpg,658,889,0,0.6466,195,405,408,463,0.0316,196,400,411,463,0.0077,0.0991
002152,002152.jpg,892,1189,0,0.3109,329,429,624,497,0.5389,323,372,580,436,0.014,0.0992
002153,002153.jpg,640,640,0,0.1615,236,210,399,249,0.3889,232,178,412,216,0.0075,0.1171
002154,002154.jpg,756,1008,0,0.6164,296,550,475,611,0.0167,298,550,473,612,0.0161,0.1096
002155,002155.jpg,640,640,0,0.5693,235,342,376,395,0.0171,235,341,376,395,0.005,0.0959
002156,002156.jpg,787,1050,0,0.4194,299,434,477,486,0.1269,299,434,477,486,0.0175,0.0952
002157,002157.jpg,640,640,0,0.301,231,263,374,308,0.0581,224,267,374,304,0.0054,0.0873
002158,002158.jpg,664,1081,0,0.4749,210,616,461,683,0.017,207,614,465,685,0.0114,0.1145
002159,002159.jpg,640,640,0,0.0847,192,332,311,386,0.0043,192,332,311,386,0.0058,0.1105
002160,002160.jpg,892,1189,0,0.552,355,381,594,443,0.1128,254,379,470,438,0.0188,0.0981
002161,002161.jpg,640,640,0,0.456,243,214,417,274,0.0349,169,218,323,254,0.0053,0.0872
002162,002162.jpg,928,1238,0,0.2159,426,752,562,826,0.0184,543,759,632,784,0.018,0.0967
002163,002163.jpg,640,640,0,0.2591,360,351,447,410,0.0114,253,363,381,428,0.0045,0.086
002164,002164.jpg,908,1210,0,0.3367,370,411,527,477,0.1846,369,414,528,477,0.0132,0.0934
002165,002165.jpg,640,640,0,0.3736,265,229,375,276,0.0767,264,227,376,274,0.0068,0.0862
002166,002166.jpg,1032,1376,0,0.616,197,879,431,961,0.0112,201,883,432,958,0.0176,0.1054
002167,002167.jpg,1012,1350,0,0.7574,362,444,561,517,0.0951,372,383,558,450,0.017,0.1024
002168,002168.jpg,640,640,0,0.814,228,225,346,260,0.0665,229,195,344,226,0.0064,0.1136
002169,002169.jpg,972,1203,0,0.5191,156,1020,385,1084,0.0123,157,1016,383,1085,0.0292,0.1221
002170,002170.jpg,640,640,0,0.4923,100,546,249,588,0.0299,0,158,87,222,0.0059,0.0963
002171,002171.jpg,1004,1257,0,0.2923,306,807,652,900,0.0149,299,805,654,898,0.0219,0.0983
002172,002172.jpg,640,640,0,0.3302,181,403,327,453,0.0121,183,403,325,452,0.0078,0.0862
002173,002173.jpg,865,1344,0,0.5945,344,249,530,326,0.0206,344,249,530,326,0.021,0.0953
002174,002174.jpg,884,1179,0,0.3486,289,729,468,795,0.0095,408,221,548,259,0.0154,0.0899
002175,002175.jpg,640,640,0,0.2253,236,369,363,425,0.0064,316,100,401,123,0.0064,0.0905
002176,002176.jpg,914,1219,0,0.5329,311,553,447,624,0.0089,311,553,447,624,0.0176,0.1128
002177,002177.jpg,640,640,0,0.6392,211,287,294,327,0.0114,209,285,296,325,0.0081,0.0991
002178,002178.jpg,936,1248,0,0.5213,231,380,484,450,0.0204,233,378,482,451,0.0176,0.0947
002179,002179.jpg,746,1267,0,0.6725,274,490,514,577,0.0191,274,490,514,577,0.0205,0.0857
002180,002180.jpg,640,640,0,0.3498,234,260,432,304,0.0115,234,260,432,304,0.005,0.0904
002181,002181.jpg,920,1344,0,0.4243,283,1043,617,1111,0.0852,291,1044,686,1110,0.0196,0.0969
002182,002182.jpg,1004,1344,0,0.3228,297,906,678,968,0.2726,308,906,720,968,0.0222,0.0972
002183,002183.jpg,640,640,0,0.4109,213,418,375,471,0.0492,214,419,402,471,0.0067,0.0901
002184,002184.jpg,1007,1322,0,0.3834,246,835,626,908,0.0622,246,835,626,908,0.0236,0.0944
002185,002185.jpg,640,640,0,0.2385,153,378,320,431,0.0279,152,378,325,427,0.0081,0.1093
002186,002186.jpg,831,1147,0,0.6265,424,123,657,191,0.0316,424,123,657,191,0.0181,0.0964
002187,002187.jpg,640,640,0,0.4745,321,52,493,93,0.011,321,50,492,94,0.0041,0.0878
002188,002188.jpg,1001,1302,0,0.5274,298,645,723,727,0.0507,291,645,692,723,0.0201,0.0947
002189,002189.jpg,1036,1381,0,0.1404,319,586,602,654,0.0068,322,582,604,653,0.0238,0.0978
002190,002190.jpg,640,640,0,0.0189,543,210,601,238,0.0018,606,101,639,127,0.007,0.0893
002191,002191.jpg,641,452,0,0.5219,39,283,135,319,0.0419,442,316,566,389,0.0059,0.0984
002192,002192.jpg,640,640,0,0.0874,55,400,153,448,0.0037,55,400,153,448,0.0062,0.1032
002193,002193.jpg,787,585,0,0.6689,291,326,425,376,0.0142,291,326,425,376,0.0067,0.0954
002194,002194.jpg,640,640,0,0.5018,220,374,335,432,0.0197,221,372,335,433,0.0083,0.116
002195,002195.jpg,936,563,0,0.5056,310,193,442,250,0.013,310,193,442,250,0.0102,0.1215
002196,002196.jpg,640,640,0,0.1903,0,429,103,484,0.0045,0,426,104,491,0.0058,0.1054
002197,002197.jpg,787,597,0,0.6309,337,284,548,345,0.011,338,283,542,346,0.0108,0.1031
002198,002198.jpg,640,640,0,0.5174,252,315,421,381,0.028,251,315,422,382,0.0051,0.0935
002199,002199.jpg,792,638,0,0.3845,283,517,423,561,0.0632,170,137,440,190,0.0075,0.0986
002200,002200.jpg,640,640,0,0.3558,122,128,344,183,0.0293,128,131,339,185,0.005,0.1014
002201,002201.jpg,832,600,0,0.6467,312,269,454,323,0.0155,312,269,454,323,0.0085,0.0923
002202,002202.jpg,640,640,0,0.3351,229,279,340,334,0.027,229,279,340,334,0.0057,0.103
002203,002203.jpg,913,677,0,0.7334,491,468,726,522,0.7796,491,414,722,469,0.0094,0.1134
002204,002204.jpg,640,640,0,0.4997,370,416,538,475,0.4023,366,361,533,423,0.0045,0.1022
002205,002205.jpg,749,594,0,0.5756,254,400,421,453,0.0201,255,399,419,454,0.0091,0.0983
002206,002206.jpg,640,640,0,0.6159,265,454,410,515,0.0456,267,451,408,517,0.0045,0.1001
002207,002207.jpg,1063,731,0,0.5913,454,381,766,456,0.0178,456,380,761,451,0.0108,0.0973
002208,002208.jpg,896,578,0,0.5361,382,135,627,190,0.0186,383,134,631,190,0.0094,0.099
002209,002209.jpg,640,640,0,0.5124,277,154,458,220,0.0164,274,152,460,219,0.0051,0.0954
002210,002210.jpg,1246,723,0,0.3708,598,492,895,559,0.6947,600,434,855,499,0.0144,0.0967
002211,002211.jpg,640,640,0,0.3497,320,424,484,475,0.3832,320,385,480,429,0.0048,0.0874
002212,002212.jpg,1200,851,0,0.6725,538,488,789,549,0.0363,538,483,790,549,0.0127,0.105
002213,002213.jpg,640,640,0,0.7034,308,356,447,401,0.0478,307,356,446,403,0.0075,0.1238
002214,002214.jpg,928,904,0,0.504,191,573,458,661,0.0335,190,573,458,659,0.0104,0.1177
002215,002215.jpg,640,640,0,0.511,139,382,321,442,0.0266,138,381,320,445,0.0049,0.087
002216,002216.jpg,1008,756,0,0.2094,417,359,573,417,0.2225,409,356,576,417,0.0109,0.0957
002217,002217.jpg,1008,756,0,0.478,367,396,566,452,0.102,442,344,569,403,0.0099,0.0886
002218,002218.jpg,640,640,0,0.459,216,343,346,400,0.158,231,308,349,355,0.0042,0.1006
002219,002219.jpg,1535,2048,0,0.7445,466,1479,825,1592,0.0133,469,1486,835,1592,0.0505,0.0917
002220,002220.jpg,1270,750,0,0.4628,988,382,1229,464,0.3017,884,279,1233,376,0.0097,0.0899
002221,002221.jpg,1008,756,0,0.727,314,563,540,635,0.0156,313,561,542,633,0.0125,0.1125
002222,002222.jpg,1236,926,0,0.6721,475,543,772,631,0.0181,475,540,770,633,0.0221,0.1003
002223,002223.jpg,640,640,0,0.5648,275,346,428,414,0.0229,276,344,432,419,0.0073,0.0982
002224,002224.jpg,984,1312,0,0.5429,390,894,529,959,0.0089,387,888,533,966,0.0148,0.0953
002225,002225.jpg,640,640,0,0.5327,276,427,366,464,0.0123,276,428,366,467,0.0074,0.0894
002226,002226.jpg,972,1296,0,0.2893,315,0,601,46,0.0106,663,526,812,584,0.0195,0.093
002227,002227.jpg,640,640,0,0.2393,240,412,375,454,0.0093,240,411,374,454,0.0081,0.0856
002228,002228.jpg,995,1327,0,0.0102,363,425,619,498,0.0013,364,428,612,499,0.0188,0.0995
002229,002229.jpg,640,640,0,0.1192,213,182,311,236,0.004,315,159,421,183,0.0054,0.0913
002230,002230.jpg,1110,1480,0,0.7437,449,912,666,989,0.0108,448,909,672,991,0.0207,0.1074
002231,002231.jpg,640,640,0,0.6898,244,372,372,419,0.0113,243,372,370,418,0.0062,0.0983
002232,002232.jpg,974,1298,0,0.7056,316,833,527,909,0.0129,316,834,527,910,0.016,0.1
002233,002233.jpg,1104,1473,0,0.3316,276,938,468,1002,0.007,298,937,682,1022,0.0265,0.1364
002234,002234.jpg,640,640,0,0.4063,164,400,326,452,0.008,159,400,332,443,0.0054,0.116
002235,002235.jpg,1114,1485,0,0.644,323,916,685,996,0.0118,319,914,689,996,0.0205,0.1279
002236,002236.jpg,1000,1333,0,0.6333,433,828,652,912,0.0172,433,828,652,912,0.0194,0.1277
002237,002237.jpg,640,640,0,0.5957,262,394,404,438,0.0243,261,395,404,438,0.005,0.121
002238,002238.jpg,1082,1442,0,0.3619,483,397,682,485,0.0282,304,396,670,461,0.0249,0.1333
002239,002239.jpg,640,640,0,0.582,304,170,422,214,0.015,304,170,422,215,0.0084,0.1223
002240,002240.jpg,910,1213,0,0.2836,301,397,645,461,0.3923,304,343,558,401,0.0242,0.1331
002241,002241.jpg,640,640,0,0.1079,255,179,445,238,0.0317,206,166,328,219,0.0072,0.128
002242,002242.jpg,953,1271,0,0.6186,418,864,650,937,0.0167,418,864,650,937,0.0162,0.1233
002243,002243.jpg,640,640,0,0.597,245,413,398,451,0.0186,245,411,400,451,0.0072,0.0869
002244,002244.jpg,982,1309,0,0.4637,305,752,542,826,0.0223,170,612,558,735,0.0165,0.0967
002245,002245.jpg,640,640,0,0.267,179,366,336,411,0.0108,182,359,336,410,0.0075,0.1075
002246,002246.jpg,1046,1395,0,0.5845,271,487,637,567,0.0151,264,487,637,569,0.0233,0.1003
002247,002247.jpg,979,1306,0,0.5221,572,698,838,776,0.0123,572,698,838,776,0.0166,0.0932
002248,002248.jpg,640,640,0,0.4802,355,299,472,357,0.0213,379,295,530,354,0.0068,0.0886
002249,002249.jpg,1035,1379,0,0.6214,168,588,409,667,0.0128,168,586,411,670,0.022,0.0857
002250,002250.jpg,956,1265,0,0.05,345,917,541,979,0.0072,346,918,442,942,0.0142,0.0871
002251,002251.jpg,640,640,0,0.1027,247,469,377,514,0.0045,248,468,379,513,0.0067,0.0942
002252,002252.jpg,916,1221,0,0.7183,346,1037,493,1108,0.0078,348,1033,497,1107,0.019,0.097
002253,002253.jpg,640,640,0,0.728,220,553,318,594,0.0219,141,224,226,252,0.0071,0.0885
002254,002254.jpg,1076,1434,0,0.6007,496,914,719,983,0.5701,505,859,720,926,0.0184,0.1046
002255,002255.jpg,640,640,0,0.5705,273,401,404,440,0.7962,277,367,405,409,0.0054,0.1064
002256,002256.jpg,1030,1374,0,0.6699,358,857,589,939,0.0111,360,855,591,938,0.0222,0.0976
002257,002257.jpg,640,640,0,0.65,229,389,369,431,0.0141,229,387,371,430,0.0061,0.0868
002258,002258.jpg,939,1252,0,0.0327,373,780,675,853,0.0023,372,785,668,853,0.0194,0.097
002259,002259.jpg,1116,1488,0,0.7105,431,932,687,1021,0.0193,433,929,686,1023,0.0226,0.0908
002260,002260.jpg,640,640,0,0.7132,248,415,391,458,0.0418,248,413,390,458,0.0046,0.0871
002261,002261.jpg,927,1236,0,0.7722,279,781,506,849,0.0181,277,779,503,852,0.0189,0.0979
002262,002262.jpg,640,640,0,0.503,193,382,343,427,0.0164,193,382,342,427,0.0083,0.1132
002263,002263.jpg,1113,1484,0,0.5589,581,1020,793,1105,0.0067,581,1020,793,1105,0.0276,0.1292
002264,002264.jpg,640,640,0,0.5565,322,463,474,502,0.0131,307,462,477,503,0.006,0.0987
002265,002265.jpg,969,1292,0,0.6641,287,359,514,436,0.0208,288,357,513,436,0.0141,0.0985
002266,002266.jpg,640,640,0,0.6185,188,194,346,233,0.0304,189,193,347,233,0.0067,0.09
002267,002267.jpg,847,1194,0,0.1047,423,611,590,680,0.0031,423,611,590,680,0.014,0.1038
002268,002268.jpg,640,640,0,0.232,274,484,433,540,0.0077,275,484,433,539,0.008,0.1021
002269,002269.jpg,874,1165,0,0.696,208,592,424,648,0.0211,207,588,422,651,0.0128,0.0956
002270,002270.jpg,640,640,0,0.2212,172,308,279,364,0.0114,172,308,279,364,0.0044,0.0904
002271,002271.jpg,932,1242,0,0.3503,247,1170,398,1218,0.074,228,491,483,567,0.015,0.0973
002272,002272.jpg,640,640,0,0.4005,139,242,270,284,0.0334,92,582,136,599,0.0069,0.1033
002273,002273.jpg,1132,1509,0,0.4782,264,519,499,610,0.0862,264,525,555,609,0.0283,0.1017
002274,002274.jpg,640,640,0,0.6072,162,204,286,243,0.0183,161,204,285,244,0.008,0.0886
002275,002275.jpg,771,1006,0,0.6835,218,491,376,538,0.744,221,449,375,494,0.0088,0.0935
002276,002276.jpg,640,640,0,0.4279,179,266,311,308,0.3682,179,265,311,305,0.0034,0.0962
002277,002277.jpg,934,1237,0,0.4794,465,809,596,871,0.009,454,804,597,876,0.0152,0.0971
002278,002278.jpg,640,640,0,0.3679,344,419,440,451,0.0303,283,417,440,453,0.0063,0.0866
002279,002279.jpg,1077,1435,0,0.4959,372,886,683,956,0.2501,372,886,683,956,0.0195,0.0959
002280,002280.jpg,640,640,0,0.2542,213,385,398,425,0.1309,212,387,394,425,0.0048,0.0919
002281,002281.jpg,1007,1343,0,0.4899,631,1047,806,1124,0.0089,631,1047,806,1124,0.0203,0.1048
002282,002282.jpg,640,640,0,0.5968,425,533,535,580,0.0086,425,533,535,580,0.0066,0.1048
002283,002283.jpg,909,1212,0,0.6083,344,752,589,820,0.8044,343,687,585,752,0.0152,0.0971
002284,002284.jpg,1006,1342,0,0.4869,397,866,601,933,0.6819,399,808,600,870,0.0222,0.1006
002285,002285.jpg,640,640,0,0.7191,227,409,358,444,0.6194,228,372,357,413,0.006,0.1143
002286,002286.jpg,989,1319,0,0.6103,620,1036,803,1114,0.0078,620,1036,803,1114,0.026,0.103
002287,002287.jpg,640,640,0,0.6832,420,467,532,509,0.008,420,467,532,509,0.0275,0.1521
002288,002288.jpg,1089,1453,0,0.638,390,212,606,292,0.0074,390,212,606,292,0.0445,0.1431
002289,002289.jpg,640,640,0,0.6125,259,85,386,135,0.0085,259,85,387,135,0.0086,0.0891
002290,002290.jpg,996,1328,0,0.6853,260,834,511,910,0.0191,263,831,510,911,0.0181,0.085
002291,002291.jpg,640,640,0,0.5659,159,399,318,444,0.0205,160,399,319,443,0.0051,0.0875
002292,002292.jpg,1060,1414,0,0.707,376,898,645,978,0.0172,376,898,645,978,0.0224,0.0903
002293,002293.jpg,640,640,0,0.711,214,426,377,464,0.0149,215,426,375,465,0.007,0.087
002294,002294.jpg,890,1197,0,0.7184,302,886,547,966,0.0176,302,886,547,966,0.0187,0.0942
002295,002295.jpg,640,640,0,0.6021,187,457,362,503,0.015,186,458,363,504,0.0066,0.1166
002296,002296.jpg,1086,1448,0,0.5114,410,439,716,511,0.0119,412,438,722,511,0.03,0.1067
002297,002297.jpg,640,640,0,0.4458,252,192,425,229,0.0137,260,193,425,230,0.008,0.1002
002298,002298.jpg,952,1270,0,0.6337,371,961,559,1029,0.013,371,961,559,1029,0.0198,0.0935
002299,002299.jpg,640,640,0,0.6582,278,468,404,508,0.0318,278,466,402,504,0.0052,0.0862
002300,002300.jpg,918,1223,0,0.0327,42,896,420,1001,0.0122,0,879,440,981,0.0167,0.0908
002301,002301.jpg,640,640,0,0.311,227,461,375,501,0.0146,226,460,375,503,0.0071,0.0866
002302,002302.jpg,969,1292,0,0.4235,356,900,564,971,0.008,358,899,565,972,0.0235,0.0915
002303,002303.jpg,640,640,0,0.5576,264,466,396,508,0.0125,266,463,397,511,0.0055,0.0872
002304,002304.jpg,1026,1368,0,0.5531,486,378,738,454,0.0129,484,373,734,457,0.0193,0.1188
002305,002305.jpg,640,640,0,0.4814,321,186,478,241,0.0077,317,189,477,238,0.0084,0.1046
002306,002306.jpg,1056,1408,0,0.7192,393,626,620,708,0.0124,393,626,620,708,0.0196,0.0954
002307,002307.jpg,1090,1454,0,0.6305,323,1140,548,1217,0.0199,328,1075,548,1151,0.0231,0.0839
002308,002308.jpg,640,640,0,0.5713,224,510,358,548,0.0159,226,511,358,549,0.0056,0.0835
002309,002309.jpg,887,1183,0,0.3935,210,429,488,489,0.6885,204,376,490,434,0.0136,0.0936
002310,002310.jpg,640,640,0,0.3416,138,228,287,280,0.3256,134,193,338,252,0.0056,0.0862
002311,002311.jpg,1096,1462,0,0.4291,546,903,940,1000,0.0098,570,906,935,1002,0.0172,0.0916
002312,002312.jpg,640,640,0,0.1545,384,411,562,460,0.0068,269,415,410,458,0.0067,0.0872
002313,002313.jpg,1050,1400,0,0.3479,323,509,737,598,0.0096,343,524,729,591,0.0218,0.0866
002314,002314.jpg,640,640,0,0.3369,182,236,290,276,0.0097,181,238,292,276,0.0094,0.1041
002315,002315.jpg,1026,1368,0,0.543,153,273,352,347,0.0084,151,272,352,354,0.0243,0.1159
002316,002316.jpg,640,640,0,0.5154,72,148,192,188,0.0111,72,148,192,188,0.0069,0.0904
002317,002317.jpg,620,710,0,0.4974,177,93,316,130,0.0321,178,91,314,131,0.0094,0.0926
002318,002318.jpg,640,640,0,0.5221,211,53,353,96,0.0343,211,53,353,96,0.0045,0.0901
002319,002319.jpg,567,714,0,0.7052,26,434,137,474,0.0326,26,434,137,474,0.0071,0.0941
002320,002320.jpg,640,640,0,0.5538,21,416,143,456,0.0188,21,415,141,456,0.0048,0.0872
002321,002321.jpg,593,726,0,0.4339,209,326,388,372,0.0248,210,325,388,371,0.0072,0.0925
002322,002322.jpg,687,738,0,0.1567,450,485,554,533,0.0243,450,485,554,533,0.0079,0.0931
002323,002323.jpg,640,640,0,0.1182,365,425,468,470,0.0084,368,423,468,471,0.0047,0.105
002324,002324.jpg,656,866,0,0.6842,92,439,309,491,0.0405,89,439,312,489,0.0078,0.1017
002325,002325.jpg,640,640,0,0.4872,103,327,303,374,0.0314,100,329,251,367,0.004,0.0906
002326,002326.jpg,702,815,0,0.1206,151,585,329,625,0.0481,152,549,363,588,0.0097,0.0929
002327,002327.jpg,640,640,0,0.0243,145,443,323,485,0.0048,145,410,325,449,0.0044,0.0859
002328,002328.jpg,712,948,0,0.441,357,646,487,704,0.4372,359,597,488,649,0.0107,0.0913
002329,002329.jpg,667,826,0,0.4626,165,466,349,509,0.0624,173,467,351,509,0.0076,0.0881
002330,002330.jpg,640,640,0,0.5594,180,366,354,399,0.0466,180,364,356,399,0.004,0.0855
002331,002331.jpg,756,1008,0,0.6046,274,418,422,475,0.3759,276,363,437,421,0.0102,0.0966
002332,002332.jpg,640,640,0,0.3984,219,261,341,314,0.3184,218,220,344,278,0.0039,0.0954
002333,002333.jpg,756,1008,0,0.361,292,413,433,476,0.008,292,413,433,476,0.0155,0.1155
002334,002334.jpg,640,640,0,0.3501,240,249,331,303,0.0159,242,244,373,306,0.006,0.1027
002335,002335.jpg,756,1008,0,0.427,212,120,436,181,0.6921,215,124,434,179,0.0125,0.0935
002336,002336.jpg,640,640,0,0.6123,181,84,364,128,0.1128,185,77,362,129,0.0047,0.0863
002337,002337.jpg,756,1008,0,0.6718,280,315,491,384,0.0246,277,314,490,385,0.0102,0.0901
002338,002338.jpg,640,640,0,0.5691,259,179,439,224,0.0128,259,179,439,224,0.005,0.0864
002339,002339.jpg,756,1008,0,0.6634,352,804,541,875,0.0447,352,801,541,873,0.0109,0.0897
002340,002340.jpg,640,640,0,0.5875,287,495,446,541,0.0474,287,490,446,540,0.0071,0.0948
002341,002341.jpg,756,1008,0,0.6947,336,737,581,798,0.7697,338,676,585,741,0.0135,0.1531
002342,002342.jpg,640,640,0,0.3945,339,462,483,512,0.5885,338,420,531,467,0.0068,0.136
002343,002343.jpg,717,957,0,0.6121,271,760,498,820,0.0202,272,761,495,822,0.0133,0.1136
002344,002344.jpg,640,640,0,0.4393,295,499,483,567,0.0162,294,497,483,568,0.0054,0.0932
002345,002345.jpg,702,869,0,0.4916,302,657,444,711,0.01,302,657,444,711,0.0092,0.0938
002346,002346.jpg,640,640,0,0.5275,319,460,446,520,0.0068,319,463,447,520,0.005,0.0861
002347,002347.jpg,775,1033,0,0.6747,320,377,519,446,0.0142,320,377,519,446,0.01,0.0927
002348,002348.jpg,640,640,0,0.5622,247,211,415,263,0.0183,247,211,419,260,0.0038,0.1014
002349,002349.jpg,999,1131,0,0.6797,264,773,513,841,0.8549,259,710,513,780,0.0186,0.1098
002350,002350.jpg,640,640,0,0.4168,199,416,359,467,0.5888,194,377,356,426,0.0055,0.0883
002351,002351.jpg,756,1008,0,0.5659,277,195,530,258,0.0174,278,196,529,260,0.0122,0.1304
002352,002352.jpg,640,640,0,0.4778,269,97,467,143,0.0133,273,97,464,140,0.0083,0.1069
002353,002353.jpg,900,1200,0,0.5414,269,597,522,673,0.0199,270,596,521,673,0.0156,0.1041
002354,002354.jpg,640,640,0,0.5461,207,326,381,376,0.0144,207,327,383,377,0.006,0.0904
002355,002355.jpg,1013,1351,0,0.5783,346,511,574,595,0.0166,346,511,574,595,0.0195,0.093
002356,002356.jpg,640,640,0,0.5594,231,221,364,280,0.0118,231,215,367,282,0.0065,0.0885
002357,002357.jpg,595,1274,0,0.7815,184,678,440,757,0.02,180,680,440,756,0.0137,0.0959
002358,002358.jpg,640,640,0,0.2178,225,318,423,370,0.0055,282,325,482,373,0.0087,0.1285
002359,002359.jpg,482,835,0,0.6476,101,688,238,737,0.0706,303,110,372,129,0.0082,0.1062
002360,002360.jpg,640,640,0,0.5361,127,531,298,583,0.0101,127,531,298,583,0.0075,0.14
002361,002361.jpg,597,775,0,0.537,111,179,315,234,0.0108,111,179,315,234,0.0075,0.1383
002362,002362.jpg,640,640,0,0.4323,114,163,317,213,0.011,113,163,300,209,0.0048,0.1172
002363,002363.jpg,520,925,0,0.3134,92,507,267,560,0.016,84,507,266,563,0.01,0.1051
002364,002364.jpg,640,640,0,0.1308,98,352,312,405,0.0039,98,352,312,405,0.005,0.09
002365,002365.jpg,673,860,0,0.4469,118,686,313,741,0.017,119,686,308,740,0.0078,0.0936
002366,002366.jpg,574,845,0,0.3057,167,170,339,217,0.6421,165,129,356,175,0.0059,0.0955
002367,002367.jpg,640,640,0,0.3,178,82,401,122,0.1707,181,81,404,123,0.0046,0.0992
002368,002368.jpg,716,927,0,0.5572,166,675,421,738,0.0244,165,666,422,743,0.0107,0.1135
002369,002369.jpg,640,640,0,0.4204,187,475,399,526,0.0138,187,465,399,532,0.0053,0.1059
002370,002370.jpg,813,1084,0,0.8173,148,503,380,575,0.0171,148,500,382,577,0.0141,0.0967
002371,002371.jpg,756,1008,0,0.5961,203,242,361,305,0.0114,204,244,361,308,0.0152,0.1078
002372,002372.jpg,640,640,0,0.679,178,145,304,190,0.0192,177,139,304,192,0.0061,0.121
002373,002373.jpg,724,966,0,0.7956,426,154,579,217,0.0118,439,945,554,966,0.0133,0.0998
002374,002374.jpg,640,640,0,0.7204,352,94,485,152,0.0155,353,97,482,152,0.0061,0.0911
002375,002375.jpg,623,1172,0,0.6225,107,416,471,515,0.0128,107,416,471,515,0.0094,0.0934
002376,002376.jpg,640,640,0,0.0147,250,203,473,265,0.0008,139,192,316,258,0.0051,0.1059
002377,002377.jpg,756,1008,0,0.5353,238,756,518,823,0.0233,236,755,518,821,0.016,0.1192
002378,002378.jpg,640,640,0,0.3906,271,501,449,551,0.0071,271,500,447,552,0.0075,0.1054
002379,002379.jpg,756,1008,0,0.7418,270,287,486,357,0.0184,270,284,486,356,0.0126,0.0939
002380,002380.jpg,640,640,0,0.5657,247,172,427,226,0.0253,246,170,424,221,0.0075,0.0859
002381,002381.jpg,730,973,0,0.6883,255,721,506,787,0.0179,256,718,510,788,0.0109,0.094
002382,002382.jpg,640,640,0,0.4356,193,450,408,512,0.0091,197,450,405,510,0.005,0.0933
002383,002383.jpg,965,1290,0,0.6164,225,703,543,783,0.0173,221,700,556,778,0.0199,0.0931
002384,002384.jpg,640,640,0,0.4475,169,346,375,398,0.0122,169,346,375,398,0.0055,0.0935
002385,002385.jpg,854,1200,0,0.6178,293,775,531,849,0.8142,294,709,529,778,0.0167,0.0964
002386,002386.jpg,640,640,0,0.5366,227,420,401,463,0.657,226,382,397,425,0.0076,0.1072
002387,002387.jpg,891,544,0,0.6779,340,279,545,339,0.0168,341,278,548,338,0.0083,0.1058
002388,002388.jpg,640,640,0,0.4234,281,340,390,408,0.0236,253,338,392,411,0.0041,0.0929
002389,002389.jpg,940,566,0,0.584,289,300,529,362,0.0192,291,298,531,364,0.0078,0.1069
002390,002390.jpg,951,502,0,0.431,489,299,786,354,0.4044,591,299,793,351,0.0056,0.1004
002391,002391.jpg,640,640,0,0.3376,351,334,560,413,0.0128,351,334,560,413,0.0048,0.0964
002392,002392.jpg,898,542,0,0.6321,545,443,736,500,0.0172,545,443,736,500,0.007,0.0945
002393,002393.jpg,1256,714,0,0.1546,604,229,928,309,0.1213,604,229,928,309,0.015,0.0954
002394,002394.jpg,640,640,0,0.0077,274,260,444,314,0.0011,271,216,451,273,0.0075,0.0861
002395,002395.jpg,838,1117,0,0.5541,157,756,348,836,0.0212,159,750,348,840,0.0138,0.1223
002396,002396.jpg,1001,1335,0,0.5783,279,841,682,926,0.0514,282,839,675,925,0.0308,0.1248
002397,002397.jpg,640,640,0,0.4678,166,386,348,439,0.0102,287,402,421,467,0.0086,0.1052
002398,002398.jpg,1058,1410,0,0.1262,316,430,707,572,0.0079,316,430,707,572,0.0182,0.0954
002399,002399.jpg,640,640,0,0.1997,211,208,409,272,0.0053,208,207,393,272,0.007,0.0882
002400,002400.jpg,958,1277,0,0.6623,299,777,606,858,0.0116,297,774,611,857,0.0159,0.0852
002401,002401.jpg,1082,1443,0,0.2482,149,1033,414,1115,0.0072,150,1033,413,1116,0.0295,0.0823
002402,002402.jpg,640,640,0,0.056,228,13,310,35,0.0066,228,13,310,35,0.009,0.0906
002403,002403.jpg,1010,1346,0,0.0737,388,608,614,669,0.0079,388,608,614,669,0.0223,0.0959
002404,002404.jpg,640,640,0,0.1479,209,507,352,562,0.0043,233,260,325,299,0.0069,0.1046
002405,002405.jpg,981,1308,0,0.6716,340,815,594,901,0.0336,341,813,593,900,0.0195,0.1166
002406,002406.jpg,640,640,0,0.5686,205,385,360,452,0.0118,202,387,363,450,0.0058,0.1009
002407,002407.jpg,966,1288,0,0.1661,270,1248,430,1287,0.2648,265,522,553,601,0.0211,0.0969
002408,002408.jpg,937,1249,0,0.7083,408,592,625,664,0.8901,412,523,625,594,0.0167,0.0836
002409,002409.jpg,640,640,0,0.6571,259,274,400,332,0.6156,245,234,399,295,0.0053,0.0881
002410,002410.jpg,987,1316,0,0.3339,547,661,645,690,0.0163,549,661,645,689,0.02,0.0874
002411,002411.jpg,1386,1039,0,0.5823,846,555,1112,647,0.0311,849,552,1111,645,0.0212,0.0885
002412,002412.jpg,825,1114,0,0.7588,283,814,534,880,0.1958,293,750,498,809,0.0148,0.0912
002413,002413.jpg,975,1300,0,0.5691,150,893,437,985,0.0179,150,893,437,985,0.0194,0.1043
002414,002414.jpg,1080,1439,0,0.6751,507,989,805,1085,0.0158,505,987,804,1088,0.0255,0.0985
002415,002415.jpg,640,640,0,0.6055,294,424,469,475,0.033,293,425,470,474,0.0046,0.1243
002416,002416.jpg,1245,934,0,0.4612,560,512,855,607,0.0143,557,509,855,607,0.0214,0.1313
002417,002417.jpg,640,640,0,0.3264,218,352,426,419,0.0102,232,353,426,422,0.0069,0.117
002418,002418.jpg,1127,1502,0,0.5107,339,1094,739,1186,0.0268,341,1092,742,1186,0.0234,0.1328
002419,002419.jpg,640,640,0,0.2794,220,477,437,523,0.0092,251,479,441,528,0.0084,0.1157
002420,002420.jpg,516,608,0,0.3638,159,202,368,257,0.0158,159,201,367,260,0.0073,0.1429
002421,002421.jpg,640,640,0,0.3765,184,204,365,265,0.0085,182,208,354,264,0.0043,0.1225
002422,002422.jpg,695,1154,0,0.4884,268,642,579,723,0.0088,270,640,575,719,0.0113,0.1271
002423,002423.jpg,640,640,0,0.0523,270,354,463,409,0.004,423,129,563,165,0.0111,0.1167
002424,002424.jpg,665,886,0,0.4569,179,382,469,469,0.0307,177,379,467,478,0.0079,0.1347
002425,002425.jpg,640,640,0,0.2337,210,340,358,402,0.0103,211,340,359,405,0.0048,0.1152
002426,002426.jpg,585,760,0,0.5039,143,612,311,686,0.0206,142,611,312,689,0.0077,0.094
002427,002427.jpg,640,640,0,0.3806,152,508,344,576,0.0126,150,507,344,581,0.0047,0.0872
002428,002428.jpg,1083,665,0,0.6112,197,415,495,509,0.0129,197,415,501,509,0.0085,0.0945
002429,002429.jpg,1008,756,0,0.545,385,464,598,541,0.0186,386,461,597,540,0.0104,0.1163
002430,002430.jpg,857,1143,0,0.3499,238,540,472,604,0.581,238,455,474,543,0.0129,0.0978
002431,002431.jpg,640,640,0,0.3976,193,261,365,324,0.108,194,258,362,321,0.0059,0.0925
002432,002432.jpg,777,991,0,0.0982,321,655,558,710,0.1592,289,599,560,656,0.0103,0.0947
002433,002433.jpg,640,640,0,0.138,285,416,463,453,0.0756,284,370,490,424,0.0072,0.088
002434,002434.jpg,1004,1285,0,0.6213,373,874,700,974,0.0286,372,870,702,971,0.0178,0.0961
002435,002435.jpg,756,1008,0,0.7197,262,738,491,788,0.0401,262,736,492,790,0.0108,0.0929
002436,002436.jpg,640,640,0,0.3757,258,484,377,515,0.0219,258,484,377,515,0.0046,0.0883
002437,002437.jpg,1009,613,0,0.561,544,435,742,486,0.0193,546,436,741,484,0.0093,0.1043
002438,002438.jpg,640,640,0,0.643,323,452,455,504,0.0198,323,451,455,504,0.0054,0.1294
002439,002439.jpg,1131,1507,0,0.6027,371,852,636,914,0.0243,366,862,637,914,0.0339,0.1227
002440,002440.jpg,640,640,0,0.2212,198,350,352,383,0.0115,198,350,352,383,0.0067,0.0963
002441,002441.jpg,1455,1092,0,0.6528,631,555,966,642,0.0304,628,556,965,642,0.023,0.0965
002442,002442.jpg,640,640,0,0.6543,253,309,407,358,0.0128,253,309,408,360,0.0038,0.0978
002443,002443.jpg,1350,1802,0,0.6683,739,645,993,709,0.0396,735,638,1007,717,0.0345,0.096
002444,002444.jpg,640,640,0,0.4199,365,213,486,242,0.1747,371,215,482,242,0.0075,0.0863
002445,002445.jpg,1318,925,0,0.6595,515,153,802,218,0.0302,533,160,804,216,0.0189,0.097
002446,002446.jpg,640,640,0,0.6087,272,117,407,169,0.0155,272,117,407,169,0.0074,0.097
002447,002447.jpg,1071,1429,0,0.7055,442,582,728,658,0.0184,438,582,725,659,0.0214,0.1148
002448,002448.jpg,640,640,0,0.5751,290,243,451,278,0.0199,289,241,448,280,0.0071,0.0962
002449,002449.jpg,1082,1442,0,0.289,354,905,575,955,0.2222,356,854,574,912,0.0205,0.0948
002450,002450.jpg,640,640,0,0.4931,198,350,331,412,0.0832,199,352,334,402,0.0042,0.0909
002451,002451.jpg,938,1251,0,0.6582,406,392,569,470,0.01,406,389,573,473,0.0153,0.0993
002452,002452.jpg,958,1277,0,0.0783,183,814,321,882,0.0027,380,787,606,871,0.0245,0.0977
002453,002453.jpg,640,640,0,0.4245,106,420,197,463,0.0089,118,402,287,468,0.0069,0.0906
002454,002454.jpg,948,1264,0,0.3813,114,866,266,911,0.0344,117,867,264,910,0.0166,0.0975
002455,002455.jpg,640,640,0,0.5155,103,448,200,480,0.015,99,447,200,481,0.007,0.0991
002456,002456.jpg,1004,1338,0,0.5518,461,883,671,932,0.0442,463,882,674,930,0.0216,0.1074
002457,002457.jpg,640,640,0,0.6075,282,436,412,468,0.0342,285,434,414,470,0.0088,0.0946
002458,002458.jpg,851,1135,0,0.0458,452,741,628,803,0.0016,452,739,633,804,0.017,0.0961
002459,002459.jpg,1028,1274,0,0.623,593,816,826,861,0.0177,590,810,825,864,0.0228,0.0954
002460,002460.jpg,640,640,0,0.3411,373,358,510,399,0.0116,373,359,509,400,0.0062,0.1057
002461,002461.jpg,1067,1422,0,0.6867,449,870,707,949,0.0267,448,869,707,949,0.0275,0.1015
002462,002462.jpg,897,1196,0,0.4586,256,338,462,388,0.0635,257,335,461,391,0.0159,0.0958
002463,002463.jpg,640,640,0,0.4371,194,151,344,187,0.1582,198,153,341,186,0.008,0.0923
002464,002464.jpg,983,1311,0,0.0765,359,336,541,389,0.0052,394,890,585,949,0.0185,0.1147
002465,002465.jpg,1132,1510,0,0.7101,394,634,648,716,0.0122,394,634,648,716,0.0345,0.099
002466,002466.jpg,640,640,0,0.6812,216,290,358,326,0.0232,217,289,356,326,0.0061,0.0933
002467,002467.jpg,1042,1389,0,0.302,433,451,597,521,0.2898,444,391,700,461,0.0222,0.0969
002468,002468.jpg,640,640,0,0.5956,206,212,348,258,0.348,208,190,347,223,0.0063,0.0917
002469,002469.jpg,947,1263,0,0.7973,363,638,538,687,0.0124,362,639,536,685,0.0155,0.0979
002470,002470.jpg,640,640,0,0.769,242,307,364,345,0.0286,242,307,364,345,0.0071,0.0977
002471,002471.jpg,944,1259,0,0.4134,377,643,523,688,0.2561,374,590,518,648,0.0188,0.0956
002472,002472.jpg,640,640,0,0.0548,258,319,377,350,0.0383,238,285,354,335,0.0063,0.0863
002473,002473.jpg,1536,2048,0,0.5015,1086,754,1362,855,0.3103,1089,664,1352,765,0.0537,0.0931
002474,002474.jpg,640,640,0,0.1234,466,227,570,257,0.4103,461,196,570,230,0.0076,0.0871
002475,002475.jpg,1066,1422,0,0.6402,345,909,465,951,0.0067,345,908,466,949,0.0234,0.0967
002476,002476.jpg,640,640,0,0.6443,247,426,321,444,0.1593,244,355,406,384,0.0078,0.0891
002477,002477.jpg,1440,1080,0,0.4705,353,608,543,646,0.118,353,583,481,613,0.0222,0.0975
002478,002478.jpg,640,640,0,0.5145,162,343,252,370,0.1108,162,332,214,348,0.0056,0.0865
002479,002479.jpg,784,1046,0,0.6114,159,578,328,635,0.0293,159,527,301,576,0.0083,0.1039
002480,002480.jpg,640,640,0,0.6167,113,368,246,406,0.1479,112,327,222,369,0.006,0.1005
002481,002481.jpg,873,1096,0,0.0106,430,1044,701,1094,0.0027,430,1044,701,1094,0.0131,0.0983
002482,002482.jpg,640,640,0,0.116,255,188,369,232,0.0032,255,188,369,232,0.007,0.1037
002483,002483.jpg,673,770,0,0.6492,204,286,403,334,0.0508,207,284,406,334,0.0087,0.1049
002484,002484.jpg,640,640,0,0.5711,213,236,400,293,0.0323,210,234,399,295,0.0045,0.0953
002485,002485.jpg,1016,1355,0,0.7924,331,916,559,992,0.0123,333,918,563,992,0.0191,0.0959
002486,002486.jpg,640,640,0,0.6243,235,422,364,472,0.0127,235,420,367,473,0.0071,0.0993
002487,002487.jpg,981,1244,0,0.6556,270,713,536,784,0.0182,271,712,535,787,0.0159,0.0959
002488,002488.jpg,640,640,0,0.5136,180,367,352,420,0.0085,200,366,349,420,0.0039,0.0901
002489,002489.jpg,886,1181,0,0.7693,340,742,500,794,0.0106,341,745,500,793,0.0178,0.0964
002490,002490.jpg,640,640,0,0.583,277,382,393,428,0.0098,278,381,393,429,0.0065,0.0869
002491,002491.jpg,910,1235,0,0.1874,320,751,594,808,0.353,317,752,593,806,0.0166,0.1098
002492,002492.jpg,640,640,0,0.0716,180,405,403,475,0.0917,188,391,369,439,0.0064,0.1031
002493,002493.jpg,1096,1462,0,0.6303,434,941,585,985,0.2098,439,901,567,939,0.0196,0.0954
002494,002494.jpg,640,640,0,0.3943,284,419,374,441,0.0881,285,402,370,421,0.0047,0.0873
002495,002495.jpg,1055,1406,0,0.3882,352,420,607,498,0.0156,353,419,605,498,0.021,0.0861
002496,002496.jpg,640,640,0,0.5529,207,205,348,246,0.0179,207,205,346,247,0.0062,0.0862
002497,002497.jpg,981,1308,0,0.7361,364,565,639,632,0.0298,362,562,637,634,0.0172,0.1036
002498,002498.jpg,1303,977,0,0.4789,204,321,446,398,0.0099,205,325,447,398,0.019,0.0868
002499,002499.jpg,640,640,0,0.524,116,206,237,261,0.0069,115,203,237,261,0.0068,0.0887
002500,002500.jpg,1384,1038,0,0.7533,587,296,795,363,0.0108,589,297,789,367,0.0242,0.0993
002501,002501.jpg,640,640,0,0.4386,290,186,387,225,0.008,290,186,387,225,0.0062,0.1193
002502,002502.jpg,1077,1436,0,0.7472,263,1141,484,1201,0.0174,265,1146,487,1201,0.0343,0.1114
002503,002503.jpg,640,640,0,0.77,131,478,261,518,0.0134,132,481,261,518,0.0082,0.0862
002504,002504.jpg,1017,1356,0,0.7884,367,908,561,979,0.0096,369,911,559,982,0.0218,0.0919
002505,002505.jpg,640,640,0,0.6516,278,446,390,485,0.0097,278,446,390,487,0.0063,0.0875
002506,002506.jpg,899,1198,0,0.6575,381,267,598,331,0.1107,325,960,499,1067,0.015,0.1014
002507,002507.jpg,640,640,0,0.6081,271,122,419,165,0.063,18,230,80,245,0.0069,0.0895
002508,002508.jpg,1487,1115,0,0.5884,902,340,1175,421,0.0135,900,337,1173,424,0.0237,0.094
002509,002509.jpg,640,640,0,0.6564,367,197,489,237,0.0169,367,196,488,237,0.004,0.1094
002510,002510.jpg,946,1261,0,0.8021,421,797,563,845,0.014,422,799,562,846,0.023,0.1189
002511,002511.jpg,640,640,0,0.6346,283,390,375,431,0.009,283,390,375,431,0.0051,0.1051
002512,002512.jpg,953,1242,0,0.4155,342,941,618,1010,0.0137,342,941,618,1010,0.018,0.0951
002513,002513.jpg,640,640,0,0.4317,197,465,313,500,0.0072,196,465,312,502,0.0067,0.0918
002514,002514.jpg,1062,1416,0,0.6275,403,1101,720,1184,0.0202,407,1100,716,1184,0.0222,0.0835
002515,002515.jpg,640,640,0,0.6329,293,475,477,531,0.0365,293,471,477,532,0.0063,0.0842
002516,002516.jpg,1105,1474,0,0.6896,419,634,710,715,0.0214,417,631,708,716,0.0222,0.0892
002517,002517.jpg,640,640,0,0.5692,230,258,395,296,0.026,231,257,396,296,0.008,0.089
002518,002518.jpg,1036,1381,0,0.6822,460,960,710,1039,0.0149,458,956,709,1040,0.0199,0.0997
002519,002519.jpg,640,640,0,0.5648,257,452,412,507,0.0148,257,453,411,507,0.0063,0.1007
002520,002520.jpg,815,1109,0,0.5817,478,359,647,396,0.0169,474,356,649,398,0.0152,0.0962
002521,002521.jpg,640,640,0,0.4731,393,210,532,243,0.016,393,209,533,242,0.0066,0.0854
002522,002522.jpg,1040,1387,0,0.8255,268,329,439,387,0.0121,263,324,439,396,0.0178,0.0858
002523,002523.jpg,640,640,0,0.7268,150,152,254,186,0.014,149,153,252,187,0.0062,0.0859
002524,002524.jpg,1105,1473,0,0.768,365,699,546,761,0.0079,364,699,551,773,0.0198,0.09
002525,002525.jpg,640,640,0,0.6964,194,297,300,350,0.0126,192,296,302,348,0.006,0.0859
002526,002526.jpg,972,1296,0,0.5947,206,518,455,589,0.0149,204,517,453,591,0.0142,0.0948
002527,002527.jpg,640,640,0,0.5751,134,245,291,286,0.0181,134,245,291,286,0.0035,0.1003
002528,002528.jpg,994,1326,0,0.7891,324,1027,527,1082,0.02,322,1030,521,1085,0.0199,0.1066
002529,002529.jpg,640,640,0,0.6212,213,498,341,538,0.0234,211,498,341,537,0.0057,0.0969
002530,002530.jpg,1109,1478,0,0.7967,346,1109,582,1171,0.0245,452,283,775,369,0.0254,0.096
002531,002531.jpg,640,640,0,0.5681,186,463,321,490,0.0418,188,464,320,492,0.0059,0.084
002532,002532.jpg,923,1231,0,0.77,332,823,534,894,0.0102,337,827,537,896,0.0147,0.0891
002533,002533.jpg,640,640,0,0.6806,185,420,322,481,0.0164,184,423,323,478,0.0059,0.0902
002534,002534.jpg,1006,1341,0,0.6052,353,425,581,481,0.0269,349,429,584,486,0.0171,0.0956
002535,002535.jpg,640,640,0,0.3894,251,195,404,249,0.0099,251,196,373,241,0.0073,0.0963
002536,002536.jpg,1113,1484,0,0.5689,548,438,737,487,0.0281,547,438,744,485,0.0311,0.0941
002537,002537.jpg,640,640,0,0.6139,316,197,438,227,0.0417,313,199,437,226,0.0048,0.1077
002538,002538.jpg,1059,1412,0,0.8763,296,930,490,974,0.2595,303,896,490,933,0.0286,0.1073
002539,002539.jpg,640,640,0,0.5576,198,408,319,430,0.2482,198,393,316,412,0.0065,0.0975
002540,002540.jpg,1103,1471,0,0.1782,731,1000,934,1064,0.0061,0,920,98,950,0.0253,0.1097
002541,002541.jpg,640,640,0,0.1352,463,460,527,486,0.0113,0,126,71,144,0.0083,0.0881
002542,002542.jpg,1075,1433,0,0.7227,463,472,734,548,0.0185,466,469,732,550,0.0292,0.0935
002543,002543.jpg,640,640,0,0.4655,288,208,458,265,0.0037,294,208,455,264,0.0064,0.086
002544,002544.jpg,947,1263,0,0.205,788,854,945,890,0.0196,827,833,947,860,0.0202,0.0929
002545,002545.jpg,640,640,0,0.1954,225,302,377,357,0.0538,571,365,640,399,0.0061,0.0864
002546,002546.jpg,981,1309,0,0.5785,288,925,449,993,0.0188,517,996,742,1027,0.0196,0.1059
002547,002547.jpg,640,640,0,0.4423,171,435,274,474,0.0885,170,433,274,475,0.0058,0.1053
002548,002548.jpg,2048,1536,0,0.6008,523,813,864,931,0.013,526,811,863,934,0.0509,0.1374
002549,002549.jpg,640,640,0,0.5756,170,327,277,374,0.0138,170,327,276,374,0.0057,0.1135
002550,002550.jpg,940,1253,0,0.4794,412,413,572,463,0.018,413,414,570,461,0.016,0.1283
002551,002551.jpg,640,640,0,0.3561,283,217,404,251,0.0145,283,217,404,251,0.0055,0.1138
002552,002552.jpg,903,1202,0,0.5735,338,424,511,492,0.0078,336,419,509,492,0.0145,0.1233
002553,002553.jpg,640,640,0,0.7076,222,239,343,290,0.0118,221,235,343,296,0.0053,0.1211
002554,002554.jpg,980,1307,0,0.5703,577,860,741,904,0.0345,872,48,947,71,0.0211,0.134
002555,002555.jpg,640,640,0,0.6632,359,424,469,454,0.0188,359,424,469,454,0.0069,0.1163
002556,002556.jpg,1099,1465,0,0.6253,494,694,668,748,0.0113,490,691,677,764,0.0219,0.1268
002557,002557.jpg,640,640,0,0.7089,302,313,403,346,0.0128,301,315,406,348,0.0054,0.1204
002558,002558.jpg,878,1171,0,0.6079,373,696,625,767,0.0139,373,696,625,767,0.0186,0.1041
002559,002559.jpg,640,640,0,0.5176,266,382,444,444,0.0066,265,384,446,443,0.008,0.096
002560,002560.jpg,1052,1403,0,0.7166,445,1057,697,1106,0.0526,443,1055,698,1112,0.0209,0.093
002561,002561.jpg,640,640,0,0.5453,227,488,378,532,0.0162,227,489,376,534,0.0055,0.0949
002562,002562.jpg,1033,1377,0,0.5056,471,905,616,941,0.0997,472,905,614,940,0.0238,0.1181
002563,002563.jpg,640,640,0,0.3122,329,425,420,445,0.1333,327,427,415,446,0.0063,0.1044
002564,002564.jpg,1085,1447,0,0.6572,515,904,783,984,0.0156,513,898,782,986,0.028,0.0925
002565,002565.jpg,640,640,0,0.5774,278,408,436,472,0.0077,278,403,433,471,0.0071,0.0902
002566,002566.jpg,1013,1351,0,0.7084,541,896,724,943,0.0352,539,891,730,943,0.0181,0.0859
002567,002567.jpg,640,640,0,0.2914,308,406,425,444,0.0297,308,402,437,448,0.0074,0.0938
002568,002568.jpg,916,1221,0,0.6074,332,638,587,699,0.0153,331,635,589,699,0.0179,0.0994
002569,002569.jpg,640,640,0,0.5184,254,308,430,351,0.0104,251,307,428,348,0.0047,0.0931
002570,002570.jpg,1473,1105,0,0.8011,434,403,641,456,0.7324,435,343,647,404,0.0212,0.0993
002571,002571.jpg,640,640,0,0.7958,191,209,286,248,0.8006,195,178,290,215,0.0069,0.0975
002572,002572.jpg,1098,1464,0,0.7366,397,1011,670,1084,0.0199,401,1014,673,1085,0.026,0.0942
002573,002573.jpg,640,640,0,0.6562,266,419,424,470,0.0093,266,419,427,469,0.007,0.0866
002574,002574.jpg,978,1304,0,0.7516,311,856,532,928,0.023,311,856,532,928,0.0185,0.0839
002575,002575.jpg,640,640,0,0.6572,215,430,355,467,0.0222,215,428,356,468,0.0045,0.0835
002576,002576.jpg,1093,1458,0,0.8224,587,479,760,539,0.0109,585,480,762,539,0.0241,0.1003
002577,002577.jpg,640,640,0,0.7412,360,195,456,230,0.0147,360,195,456,230,0.0076,0.094
002578,002578.jpg,991,1322,0,0.8053,485,1065,688,1125,0.0109,480,1066,683,1129,0.0219,0.0914
002579,002579.jpg,640,640,0,0.7011,253,497,387,532,0.0169,253,494,390,534,0.0066,0.0865
002580,002580.jpg,719,1015,0,0.6746,223,632,437,691,0.0199,224,628,438,693,0.0108,0.1031
002581,002581.jpg,640,640,0,0.4892,246,412,422,459,0.0159,252,414,422,458,0.0077,0.1016
002582,002582.jpg,1126,1501,0,0.8002,342,921,507,986,0.0122,337,916,511,995,0.0226,0.0894
002583,002583.jpg,640,640,0,0.6263,230,404,319,440,0.0099,230,403,321,442,0.0083,0.0872
002584,002584.jpg,676,903,0,0.3439,231,320,396,357,0.1742,231,318,394,360,0.0082,0.09
002585,002585.jpg,640,640,0,0.0908,206,232,402,298,0.0193,207,225,384,280,0.0067,0.0949
002586,002586.jpg,833,1109,0,0.2051,341,938,527,973,0.4195,343,891,539,940,0.0146,0.1082
002587,002587.jpg,640,640,0,0.2967,316,539,390,575,0.1642,308,515,406,546,0.0074,0.0927
002588,002588.jpg,1053,1405,0,0.7743,423,937,630,990,0.609,426,883,626,934,0.0169,0.0925
002589,002589.jpg,640,640,0,0.4263,237,409,359,437,0.3145,239,385,318,410,0.0072,0.1093
002590,002590.jpg,1038,1385,0,0.6155,372,877,569,914,0.1529,431,153,576,196,0.0217,0.1082
002591,002591.jpg,640,640,0,0.524,256,385,386,429,0.0494,254,379,379,404,0.0061,0.0999
002592,002592.jpg,1016,1355,0,0.2,401,857,579,904,0.187,401,814,607,866,0.0194,0.0934
002593,002593.jpg,640,640,0,0.0238,294,347,419,404,0.0108,284,402,426,428,0.0063,0.0872
002594,002594.jpg,1017,1356,0,0.5569,447,883,612,924,0.0456,447,880,624,932,0.0172,0.0874
002595,002595.jpg,640,640,0,0.6564,291,425,400,453,0.0211,289,425,401,455,0.0077,0.0842
002596,002596.jpg,941,1255,0,0.6989,372,871,525,928,0.0256,374,874,521,919,0.0184,0.0873
002597,002597.jpg,640,640,0,0.707,235,441,336,480,0.01,232,442,335,481,0.0064,0.0869
002598,002598.jpg,1008,1344,0,0.225,300,1050,492,1108,0.0046,300,1050,492,1108,0.0164,0.1071
002599,002599.jpg,640,640,0,0.0725,171,488,241,516,0.0035,166,485,339,520,0.0075,0.1137
002600,002600.jpg,971,1294,0,0.4582,332,909,699,993,0.0212,395,907,700,995,0.0243,0.1078
002601,002601.jpg,640,640,0,0.5872,314,428,481,491,0.0124,240,442,384,503,0.0079,0.0883
002602,002602.jpg,861,1255,0,0.6693,315,729,444,783,0.0289,316,731,445,780,0.0156,0.0939
002603,002603.jpg,640,640,0,0.6944,219,372,315,412,0.0098,219,375,317,409,0.0068,0.0842
002604,002604.jpg,917,1109,0,0.2617,371,875,657,920,0.1967,470,848,650,891,0.0149,0.0884
002605,002605.jpg,640,640,0,0.1922,250,493,433,552,0.0867,331,495,455,548,0.0071,0.0894
002606,002606.jpg,744,993,0,0.5443,258,404,369,441,0.0119,257,403,438,445,0.0122,0.0938
002607,002607.jpg,640,640,0,0.1745,214,260,309,283,0.0157,213,257,368,286,0.0068,0.0929
002608,002608.jpg,1536,2048,0,0.6679,514,842,829,935,0.0144,507,834,841,946,0.041,0.1159
002609,002609.jpg,640,640,0,0.5242,237,230,382,279,0.0102,236,229,381,279,0.0095,0.1248
002610,002610.jpg,640,640,0,0.0407,170,303,330,333,0.0782,170,303,330,333,0.0058,0.1217
002611,002611.jpg,911,1215,0,0.7364,325,784,516,827,0.0264,321,784,511,830,0.0165,0.1091
002612,002612.jpg,640,640,0,0.7113,222,397,342,432,0.0244,215,397,341,433,0.007,0.129
002613,002613.jpg,1058,1411,0,0.3037,579,571,799,634,0.0121,541,569,803,635,0.0204,0.0907
002614,002614.jpg,640,640,0,0.4129,366,260,497,294,0.0151,366,258,498,296,0.0045,0.1094
002615,002615.jpg,1077,1436,0,0.6967,294,945,534,1024,0.0193,294,945,534,1024,0.0273,0.1528
002616,002616.jpg,640,640,0,0.6139,194,417,333,466,0.0118,192,418,332,462,0.007,0.1225
002617,002617.jpg,1019,1358,0,0.6152,350,432,623,500,0.0218,346,431,623,501,0.0248,0.0994
002618,002618.jpg,640,640,0,0.486,201,180,376,243,0.0156,196,180,365,246,0.005,0.0867
002619,002619.jpg,1062,1416,0,0.7115,394,468,661,535,0.0209,393,464,662,537,0.0195,0.0946
002620,002620.jpg,640,640,0,0.2185,229,198,399,240,0.006,230,198,401,235,0.0083,0.0945
002621,002621.jpg,1051,1401,0,0.4129,457,545,646,627,0.138,455,488,648,547,0.0201,0.097
002622,002622.jpg,640,640,0,0.6569,265,241,381,279,0.0442,262,211,377,246,0.0051,0.0876
002623,002623.jpg,916,1221,0,0.714,371,777,586,849,0.0128,377,784,589,848,0.0172,0.098
002624,002624.jpg,640,640,0,0.6697,293,394,440,441,0.0147,292,395,439,440,0.0086,0.1113
002625,002625.jpg,1270,882,0,0.603,1020,407,1263,510,0.1479,576,512,838,578,0.0187,0.104
002626,002626.jpg,640,640,0,0.6703,278,402,417,437,0.0194,281,400,420,439,0.0058,0.0931
002627,002627.jpg,903,1204,0,0.6866,311,844,529,927,0.0326,312,840,530,926,0.0188,0.0973
002628,002628.jpg,640,640,0,0.6771,209,439,360,486,0.019,210,439,359,487,0.0075,0.086
002629,002629.jpg,1095,1460,0,0.533,188,625,362,685,0.0052,190,627,364,685,0.0219,0.0937
002630,002630.jpg,640,640,0,0.233,133,273,231,303,0.0154,133,273,231,303,0.0059,0.092
002631,002631.jpg,1025,1367,0,0.7129,496,731,780,807,0.0227,496,731,780,807,0.0259,0.1063
002632,002632.jpg,640,640,0,0.4951,303,295,426,360,0.0199,306,289,473,359,0.006,0.1136
002633,002633.jpg,1006,1342,0,0.872,513,895,706,949,0.0153,515,896,709,953,0.0257,0.1124
002634,002634.jpg,640,640,0,0.6877,340,441,467,472,0.0257,341,438,468,472,0.0069,0.0925
002635,002635.jpg,997,1330,0,0.4401,264,934,408,974,0.4432,280,895,459,934,0.0225,0.0913
002636,002636.jpg,640,640,0,0.5544,178,426,286,449,0.1252,181,426,284,448,0.0078,0.0867
002637,002637.jpg,1004,1338,0,0.7151,593,628,789,683,0.0145,592,633,789,686,0.0255,0.0957
002638,002638.jpg,640,640,0,0.691,357,320,483,355,0.0184,360,322,485,355,0.0059,0.0898
002639,002639.jpg,1044,1392,0,0.6116,410,984,634,1058,0.0126,410,984,634,1058,0.0197,0.0972
002640,002640.jpg,640,640,0,0.596,255,448,383,483,0.0175,255,448,383,484,0.0047,0.087
002641,002641.jpg,970,1294,0,0.7044,237,1049,480,1120,0.0354,237,1049,480,1120,0.0175,0.1009
002642,002642.jpg,640,640,0,0.5902,148,513,310,553,0.0331,150,511,309,553,0.0053,0.1182
002643,002643.jpg,1312,984,0,0.1182,551,565,815,632,0.0081,550,562,813,634,0.0205,0.1031
002644,002644.jpg,640,640,0,0.3657,278,346,358,386,0.0069,279,347,358,388,0.0073,0.0887
002645,002645.jpg,923,1230,0,0.484,462,465,676,517,0.0182,464,465,677,522,0.018,0.0943
002646,002646.jpg,640,640,0,0.3439,330,230,485,267,0.0329,330,230,486,266,0.0049,0.0862
002647,002647.jpg,1251,938,0,0.6356,426,292,788,370,0.0151,423,291,788,372,0.0159,0.0968
002648,002648.jpg,640,640,0,0.6256,219,210,404,265,0.0136,216,212,402,265,0.0072,0.0957
002649,002649.jpg,1250,837,0,0.538,457,433,683,493,0.3095,459,393,679,447,0.0143,0.0961
002650,002650.jpg,640,640,0,0.1958,198,277,369,335,0.0808,208,271,370,337,0.004,0.0983
002651,002651.jpg,1009,1345,0,0.8058,468,913,700,977,0.012,467,913,699,980,0.0245,0.1149
002652,002652.jpg,640,640,0,0.6329,250,419,391,471,0.0095,250,419,391,471,0.0076,0.1017
002653,002653.jpg,1536,2048,0,0.2633,588,232,924,304,0.2317,408,161,912,244,0.0651,0.082
002654,002654.jpg,640,640,0,0.1508,289,74,422,102,0.0719,290,49,418,84,0.0091,0.0721
002655,002655.jpg,1408,1876,0,0.6331,613,719,827,827,0.0071,610,721,819,832,0.0287,0.1013
002656,002656.jpg,640,640,0,0.5802,301,234,393,285,0.0108,301,234,393,285,0.0076,0.1205
002657,002657.jpg,809,1079,0,0.3038,158,801,297,845,0.0417,182,758,295,800,0.0155,0.1022
002658,002658.jpg,640,640,0,0.6758,116,451,232,489,0.7258,116,420,228,455,0.0048,0.0882
002659,002659.jpg,913,1217,0,0.8081,259,917,429,971,0.0198,259,920,429,970,0.0129,0.1188
002660,002660.jpg,640,640,0,0.6754,170,477,288,507,0.0196,169,477,287,507,0.0053,0.1115
002661,002661.jpg,1042,1390,0,0.7548,374,747,528,784,0.8388,377,704,525,742,0.0272,0.1003
002662,002662.jpg,640,640,0,0.2189,219,344,312,364,0.3829,221,324,307,343,0.0044,0.0912
002663,002663.jpg,1088,1451,0,0.7235,368,1067,576,1130,0.518,372,1010,575,1070,0.0193,0.0956
002664,002664.jpg,640,640,0,0.5141,262,480,381,509,0.5555,263,452,382,482,0.007,0.0872
002665,002665.jpg,855,1154,0,0.4869,325,640,486,673,0.2714,354,612,434,640,0.0111,0.0901
002666,002666.jpg,640,640,0,0.31,263,342,401,373,0.033,262,320,342,346,0.0048,0.0952
002667,002667.jpg,1055,1406,0,0.6257,311,924,455,968,0.3301,314,874,526,920,0.0212,0.0951
002668,002668.jpg,640,640,0,0.2903,190,384,320,414,0.234,190,383,324,414,0.0076,0.0993
002669,002669.jpg,959,1278,0,0.3156,230,792,447,838,0.0281,234,791,454,841,0.0181,0.1012
002670,002670.jpg,1472,1104,0,0.2305,856,417,1128,470,0.1814,853,412,1137,477,0.0214,0.0973
002671,002671.jpg,1121,1495,0,0.6567,508,948,704,1023,0.0127,511,947,704,1029,0.0223,0.0839
002672,002672.jpg,640,640,0,0.7677,259,416,368,467,0.0096,259,416,368,467,0.006,0.0845
002673,002673.jpg,915,1220,0,0.5629,417,557,670,630,0.0287,417,557,670,630,0.0151,0.0954
002674,002674.jpg,640,640,0,0.5614,306,271,478,315,0.0332,306,270,479,315,0.0064,0.0883
002675,002675.jpg,1294,970,0,0.7814,165,608,391,680,0.0112,172,611,388,680,0.0168,0.0982
002676,002676.jpg,640,640,0,0.7161,100,428,212,471,0.0145,99,428,211,471,0.0059,0.0961
002677,002677.jpg,1096,1461,0,0.7382,401,916,635,977,0.0865,398,917,645,983,0.017,0.1033
002678,002678.jpg,640,640,0,0.6377,242,369,381,413,0.0951,238,369,382,417,0.0069,0.1036
002679,002679.jpg,884,1179,0,0.5127,291,376,573,442,0.0264,289,373,575,441,0.0142,0.0977
002680,002680.jpg,931,1242,0,0.4583,91,720,229,771,0.0054,91,720,229,771,0.0138,0.1423
002681,002681.jpg,999,1332,0,0.2481,93,506,251,556,0.1567,91,505,248,555,0.0222,0.1406
002682,002682.jpg,640,640,0,0.455,65,205,162,235,0.0993,63,206,166,236,0.0058,0.1189
002683,002683.jpg,1116,1489,0,0.4549,435,790,696,868,0.1052,226,863,511,928,0.0216,0.1282
002684,002684.jpg,640,640,0,0.421,245,326,385,376,0.1257,123,338,293,379,0.0045,0.1128
002685,002685.jpg,1353,1015,0,0.3005,462,510,660,551,0.0616,460,510,657,551,0.0229,0.1362
002686,002686.jpg,940,1252,0,0.4006,310,196,592,241,0.0412,324,193,584,247,0.018,0.1334
002687,002687.jpg,1535,2048,0,0.4791,542,744,946,856,0.0081,540,741,947,855,0.0483,0.1346
002688,002688.jpg,1122,1497,0,0.3759,297,952,481,995,0.43,297,951,485,992,0.0222,0.1221
002689,002689.jpg,1030,1374,0,0.7116,317,422,506,469,0.0224,312,426,515,469,0.0144,0.106
002690,002690.jpg,972,1296,0,0.4663,320,419,606,492,0.0191,320,417,610,494,0.0144,0.0937
002691,002691.jpg,1271,953,0,0.7116,842,718,1033,773,0.0167,842,721,1033,775,0.021,0.0828
002692,002692.jpg,640,640,0,0.6701,448,516,547,552,0.0169,447,515,547,553,0.0051,0.0951
002693,002693.jpg,1015,1354,0,0.2406,266,245,646,327,0.0458,322,770,462,813,0.0217,0.1024
002694,002694.jpg,640,640,0,0.2573,177,113,315,151,0.0125,176,113,317,151,0.0062,0.1005
002695,002695.jpg,954,1272,0,0.8389,378,739,540,788,0.0132,377,741,541,789,0.0193,0.0952
002696,002696.jpg,996,1328,0,0.6333,239,954,564,1017,0.0506,235,955,567,1017,0.0195,0.0838
002697,002697.jpg,1108,1477,0,0.7265,330,858,623,944,0.0337,331,853,622,943,0.0182,0.0876
002698,002698.jpg,910,1213,0,0.6249,329,939,532,1002,0.0149,329,939,532,1002,0.0171,0.1132
002699,002699.jpg,1092,1455,0,0.7313,504,1055,776,1136,0.0105,507,1054,776,1137,0.0249,0.0981
002700,002700.jpg,640,640,0,0.5883,273,481,432,523,0.0139,274,481,431,522,0.0063,0.0914
002701,002701.jpg,845,1109,0,0.5018,288,831,526,891,0.238,288,782,458,831,0.0142,0.1192
002702,002702.jpg,640,640,0,0.6433,228,484,408,536,0.1939,230,452,358,493,0.0058,0.1301
002703,002703.jpg,948,1264,0,0.3417,142,922,344,973,0.0772,135,921,345,979,0.0206,0.1111
002704,002704.jpg,640,640,0,0.2543,149,475,270,512,0.0236,149,475,270,512,0.007,0.0983
002705,002705.jpg,1504,1128,0,0.2789,501,680,698,761,0.0112,146,122,330,216,0.023,0.096
002706,002706.jpg,640,640,0,0.3664,210,371,294,408,0.0082,61,51,178,109,0.0094,0.0881
002707,002707.jpg,919,1226,0,0.2422,277,938,465,980,0.0453,277,946,442,977,0.0169,0.0942
002708,002708.jpg,640,640,0,0.2781,177,505,297,531,0.0295,177,505,297,531,0.0059,0.1017
002709,002709.jpg,1131,1509,0,0.4384,626,1148,827,1235,0.0073,626,1148,827,1235,0.0267,0.1015
002710,002710.jpg,640,640,0,0.4375,314,478,425,523,0.0162,314,478,425,523,0.0098,0.1048
002711,002711.jpg,908,1211,0,0.4958,600,326,731,379,0.0141,602,328,727,375,0.0186,0.0983
002712,002712.jpg,640,640,0,0.6024,438,159,530,190,0.0117,437,158,535,194,0.0069,0.086
002713,002713.jpg,1054,1235,0,0.5891,507,932,698,993,0.0091,505,930,698,997,0.0167,0.0962
002714,002714.jpg,640,640,0,0.3831,308,456,429,493,0.0149,308,456,429,493,0.0038,0.0933
002715,002715.jpg,1080,1440,0,0.5904,657,1109,835,1183,0.0057,654,1110,837,1188,0.0234,0.0995
002716,002716.jpg,640,640,0,0.4788,404,505,508,548,0.0072,404,506,508,550,0.0063,0.0917
002717,002717.jpg,1098,1464,0,0.6821,154,187,366,267,0.0083,152,183,367,272,0.0243,0.0958
002718,002718.jpg,1070,1426,0,0.2904,379,756,659,861,0.0058,375,759,658,856,0.016,0.1035
002719,002719.jpg,996,1328,0,0.2235,362,511,526,564,0.0056,372,518,518,562,0.0196,0.1103
002720,002720.jpg,640,640,0,0.3333,211,258,314,291,0.0048,211,258,314,291,0.0073,0.1049
002721,002721.jpg,989,1319,0,0.643,359,450,521,505,0.0069,358,446,520,515,0.0186,0.0979
002722,002722.jpg,640,640,0,0.4414,249,214,357,257,0.0058,249,214,357,257,0.0074,0.0869
002723,002723.jpg,1515,2073,0,0.3295,414,1190,705,1280,0.3659,455,1082,887,1195,0.0349,0.0921
002724,002724.jpg,640,640,0,0.4027,224,329,375,373,0.1163,195,328,379,378,0.0069,0.0865
002725,002725.jpg,1016,817,0,0.5214,315,214,595,277,0.0125,318,213,591,276,0.0154,0.1116
002726,002726.jpg,1120,1493,0,0.5563,392,973,626,1045,0.0134,391,974,627,1047,0.03,0.1019
002727,002727.jpg,640,640,0,0.5424,234,403,362,456,0.0075,234,403,362,456,0.0045,0.112
002728,002728.jpg,1007,1342,0,0.299,389,984,625,1041,0.0777,389,936,602,983,0.0185,0.1111
002729,002729.jpg,640,640,0,0.076,268,433,396,460,0.0456,268,433,396,460,0.0073,0.0912
002730,002730.jpg,830,1135,0,0.6714,392,805,641,870,0.0307,396,804,641,869,0.0112,0.0949
002731,002731.jpg,1334,910,0,0.0743,609,378,778,441,0.0165,609,378,778,441,0.0151,0.092
002732,002732.jpg,1536,2048,0,0.5743,658,840,984,949,0.0219,658,840,984,949,0.0487,0.0842
002733,002733.jpg,640,640,0,0.6156,297,258,422,295,0.0232,294,258,421,295,0.0056,0.084
002734,002734.jpg,1535,2048,0,0.6418,495,638,856,754,0.012,495,638,856,754,0.0469,0.0927
002735,002735.jpg,640,640,0,0.6101,216,180,379,228,0.0098,216,180,379,228,0.0091,0.0902
002736,002736.jpg,999,1332,0,0.5235,418,784,553,824,0.0079,420,784,549,822,0.0244,0.1191
002737,002737.jpg,966,1287,0,0.0917,443,850,602,883,0.0362,442,852,603,883,0.0204,0.0953
002738,002738.jpg,944,1258,0,0.0145,514,827,628,868,0.0018,507,819,635,876,0.0171,0.0931
002739,002739.jpg,1017,1355,0,0.2036,237,860,433,924,0.2068,236,863,433,923,0.0195,0.0918
002740,002740.jpg,1010,1347,0,0.7011,326,913,532,989,0.011,328,915,526,988,0.0195,0.0907
002741,002741.jpg,640,640,0,0.6713,207,421,327,466,0.0123,207,421,327,466,0.0046,0.1052
002742,002742.jpg,1227,838,0,0.1028,665,535,896,572,0.0488,666,492,889,540,0.0196,0.1018
002743,002743.jpg,640,640,0,0.1396,354,398,487,458,0.0725,356,385,481,422,0.0084,0.0928
002744,002744.jpg,1221,916,0,0.4043,458,447,603,496,0.4305,461,447,597,495,0.0181,0.1013
002745,002745.jpg,743,871,0,0.4909,371,576,514,610,0.0931,371,577,511,610,0.0091,0.0964
002746,002746.jpg,808,1125,0,0.8896,348,337,541,385,0.5618,345,295,522,341,0.0143,0.1042
002747,002747.jpg,640,640,0,0.5741,256,180,406,220,0.1807,248,158,401,197,0.0064,0.0904
002748,002748.jpg,1386,879,0,0.6322,732,405,1013,468,0.038,740,410,1018,472,0.0142,0.0968
002749,002749.jpg,940,1134,0,0.4164,431,837,588,876,0.1924,432,803,561,839,0.0139,0.1009
002750,002750.jpg,933,1244,0,0.1544,406,422,580,494,0.0044,407,422,583,494,0.0191,0.1033
002751,002751.jpg,1300,879,0,0.4435,731,466,909,504,0.4317,734,431,920,473,0.0164,0.0943
002752,002752.jpg,1376,988,0,0.4054,573,555,788,612,0.0409,566,553,793,615,0.0179,0.0871
002753,002753.jpg,640,640,0,0.703,252,371,358,406,0.0687,248,370,357,407,0.0067,0.0943
002754,002754.jpg,1536,2048,0,0.2913,835,1505,1048,1548,0.2886,833,1452,1073,1508,0.0564,0.0939
002755,002755.jpg,960,683,0,0.6718,513,327,680,374,0.0226,513,327,680,374,0.0159,0.0883
002756,002756.jpg,640,640,0,0.6827,340,323,455,363,0.0219,340,323,455,363,0.0072,0.0941
002757,002757.jpg,577,882,0,0.63,229,557,394,600,0.021,227,554,392,602,0.0101,0.1021
002758,002758.jpg,640,640,0,0.1906,240,382,419,418,0.0241,233,113,380,143,0.007,0.0903
002759,002759.jpg,1402,1052,0,0.8101,660,575,850,632,0.0126,659,578,850,630,0.0217,0.0912
002760,002760.jpg,640,640,0,0.827,294,337,384,374,0.0157,295,339,384,374,0.006,0.0885
002761,002761.jpg,1223,789,0,0.8887,609,353,754,385,0.862,608,322,752,354,0.0153,0.0867
002762,002762.jpg,640,640,0,0.3742,302,279,383,303,0.4205,302,253,383,280,0.0056,0.0917
002763,002763.jpg,1112,803,0,0.4856,447,382,598,431,0.121,1009,428,1111,486,0.0096,0.1137
002764,002764.jpg,640,640,0,0.6064,253,324,343,363,0.0375,577,323,639,378,0.0059,0.1017
002765,002765.jpg,860,1024,0,0.3496,396,645,582,676,0.0673,396,646,583,675,0.0101,0.0952
002766,002766.jpg,640,640,0,0.38,309,370,444,399,0.0325,310,370,444,400,0.0037,0.0863
002767,002767.jpg,1076,807,0,0.3825,257,503,441,540,0.1141,262,505,428,538,0.0115,0.0925
002768,002768.jpg,640,640,0,0.3103,178,412,289,441,0.1962,179,409,289,441,0.0066,0.0856
002769,002769.jpg,651,840,0,0.374,423,529,523,565,0.0041,415,528,526,569,0.0073,0.0921
002770,002770.jpg,743,1034,0,0.5477,298,715,454,758,0.0861,298,725,458,754,0.0098,0.1034
002771,002771.jpg,640,640,0,0.5005,256,457,392,493,0.0421,256,457,392,493,0.007,0.1089
002772,002772.jpg,524,556,0,0.4463,152,357,256,389,0.0148,152,357,256,389,0.0063,0.1228
002773,002773.jpg,640,640,0,0.608,158,403,293,454,0.0099,315,431,419,475,0.005,0.1117
002774,002774.jpg,768,1024,0,0.3061,627,46,753,81,0.0397,656,47,751,81,0.0131,0.0936
002775,002775.jpg,640,640,0,0.3015,553,84,638,123,0.126,554,82,640,121,0.007,0.086
002776,002776.jpg,768,1024,0,0.3011,371,370,465,404,0.0156,372,370,465,403,0.0107,0.0902
002777,002777.jpg,640,640,0,0.3643,328,243,406,278,0.0063,328,243,406,278,0.0072,0.0874
002778,002778.jpg,674,898,0,0.5363,388,533,480,557,0.0082,389,533,480,557,0.0077,0.0927
002779,002779.jpg,640,640,0,0.4721,350,370,441,404,0.0065,350,370,441,404,0.0074,0.0963
002780,002780.jpg,772,1029,0,0.2574,263,670,382,695,0.2979,265,668,383,695,0.0103,0.0946
002781,002781.jpg,640,640,0,0.4139,230,398,333,423,0.0848,231,401,329,420,0.0052,0.0893
002782,002782.jpg,809,1014,0,0.3458,458,494,578,524,0.0667,452,464,574,494,0.0107,0.1038
002783,002783.jpg,640,640,0,0.1543,198,307,347,356,0.0154,197,307,347,356,0.0072,0.1084
002784,002784.jpg,805,960,0,0.3572,109,556,205,582,0.0052,109,556,205,582,0.0145,0.1073
002785,002785.jpg,640,640,0,0.3251,78,346,158,381,0.0197,73,330,157,361,0.0081,0.0863
002786,002786.jpg,794,846,0,0.7556,450,671,566,701,0.7583,450,638,564,672,0.012,0.0923
002787,002787.jpg,640,640,0,0.6473,354,485,451,515,0.3963,351,458,445,489,0.0044,0.0863
002788,002788.jpg,1500,2000,0,0.0417,509,1311,690,1361,0.0079,598,1226,724,1266,0.0368,0.1036
002789,002789.jpg,640,640,0,0.6333,303,396,358,415,0.0153,303,398,357,413,0.0088,0.0878
002790,002790.jpg,550,733,0,0.696,172,373,300,408,0.0169,169,370,299,410,0.0103,0.105
002791,002791.jpg,640,640,0,0.4393,188,258,364,295,0.2772,187,258,367,294,0.0056,0.1159
002792,002792.jpg,650,705,0,0.7342,164,439,252,461,0.0439,163,440,257,460,0.0077,0.1187
002793,002793.jpg,1005,1341,0,0.6105,276,863,433,903,0.0115,274,865,434,903,0.0197,0.0949
002794,002794.jpg,640,640,0,0.6027,167,376,262,413,0.013,165,378,264,412,0.0074,0.0862
002795,002795.jpg,732,975,0,0.5032,256,357,420,397,0.0555,251,360,423,398,0.0084,0.1009
002796,002796.jpg,640,640,0,0.4787,235,228,381,273,0.0205,235,228,379,276,0.005,0.105
002797,002797.jpg,853,1138,0,0.839,278,692,383,728,0.0106,278,692,383,728,0.0147,0.1049
002798,002798.jpg,640,640,0,0.7832,180,386,252,421,0.0075,178,386,253,422,0.0066,0.0907
002799,002799.jpg,1084,772,0,0.6559,588,517,791,552,0.5958,590,488,803,522,0.0122,0.0976
002800,002800.jpg,640,640,0,0.2924,344,434,452,462,0.3289,344,412,498,442,0.0072,0.1067
002801,002801.jpg,756,1008,0,0.751,279,429,480,488,0.0167,284,432,478,488,0.0165,0.0952
002802,002802.jpg,640,640,0,0.513,275,262,425,311,0.0086,267,263,425,312,0.0074,0.1027
002803,002803.jpg,766,1021,0,0.6601,237,495,396,542,0.0112,237,495,396,542,0.0108,0.0972
002804,002804.jpg,640,640,0,0.5382,192,285,320,323,0.0218,195,289,317,321,0.0057,0.0928
002805,002805.jpg,1536,2048,0,0.71,519,1285,971,1391,0.0359,516,1280,976,1386,0.0405,0.0882
002806,002806.jpg,640,640,0,0.1346,198,377,376,422,0.0028,207,378,376,424,0.0049,0.0852
002807,002807.jpg,905,1207,0,0.5945,377,461,514,497,0.0705,381,461,511,496,0.0187,0.0942
002808,002808.jpg,640,640,0,0.2686,255,235,359,268,0.035,257,235,383,268,0.0048,0.0866
002809,002809.jpg,949,1266,0,0.8,239,795,445,848,0.0198,527,314,663,356,0.0228,0.1088
002810,002810.jpg,640,640,0,0.642,172,419,311,450,0.0207,268,175,320,194,0.0087,0.0967
002811,002811.jpg,965,1308,0,0.4864,397,980,616,1038,0.0109,394,984,621,1045,0.0151,0.1335
002812,002812.jpg,640,640,0,0.5326,288,488,425,521,0.0299,288,488,425,521,0.0058,0.1179
002813,002813.jpg,731,991,0,0.4596,237,624,430,656,0.1426,240,621,429,661,0.0088,0.1239
002814,002814.jpg,640,640,0,0.3948,235,396,358,458,0.0534,190,397,359,458,0.0055,0.1145
002815,002815.jpg,768,1022,0,0.4436,174,728,324,753,0.5982,170,692,332,731,0.0123,0.1234
002816,002816.jpg,640,640,0,0.2487,104,419,235,452,0.2957,102,413,241,453,0.0059,0.1152
002817,002817.jpg,776,1035,0,0.8103,267,754,411,804,0.0236,269,755,413,802,0.0151,0.1309
002818,002818.jpg,991,1321,0,0.7385,457,865,622,913,0.0062,456,869,619,912,0.0174,0.1305
002819,002819.jpg,640,640,0,0.7001,325,437,438,469,0.0164,325,437,438,469,0.0065,0.1142
002820,002820.jpg,852,1137,0,0.6796,422,830,563,870,0.0151,413,804,543,832,0.0178,0.1226
002821,002821.jpg,640,640,0,0.4643,340,474,444,503,0.0183,340,474,444,503,0.0053,0.1146
002822,002822.jpg,931,1242,0,0.6681,370,420,540,463,0.0289,370,420,540,464,0.0175,0.0967
002823,002823.jpg,640,640,0,0.5455,220,224,338,258,0.0227,220,224,338,258,0.0079,0.086
002824,002824.jpg,847,1128,0,0.7643,351,373,483,412,0.0091,351,373,487,410,0.0104,0.101
002825,002825.jpg,640,640,0,0.6243,264,198,361,245,0.0089,264,198,361,245,0.0071,0.129
002826,002826.jpg,883,1178,0,0.4537,392,395,576,437,0.0633,389,389,577,442,0.0177,0.1033
002827,002827.jpg,640,640,0,0.4389,289,212,422,241,0.114,289,211,422,242,0.0058,0.0939
002828,002828.jpg,787,1051,0,0.7516,446,542,576,576,0.0094,446,542,577,575,0.0104,0.0995
002829,002829.jpg,640,640,0,0.4161,385,335,488,357,0.0377,386,334,487,359,0.0071,0.0916
002830,002830.jpg,974,1298,0,0.4221,347,725,534,765,0.1187,346,727,538,765,0.0184,0.0983
002831,002831.jpg,640,640,0,0.438,230,363,355,391,0.0804,223,365,353,391,0.0064,0.0893
002832,002832.jpg,830,1107,0,0.287,276,668,477,714,0.3802,236,575,534,650,0.014,0.0966
002833,002833.jpg,640,640,0,0.1462,200,392,308,432,0.4878,203,370,349,405,0.007,0.0863
002834,002834.jpg,725,967,0,0.1188,267,654,442,680,0.026,267,653,450,680,0.0095,0.1074
002835,002835.jpg,640,640,0,0.1548,250,451,407,473,0.0111,250,451,407,473,0.0047,0.0974
002836,002836.jpg,704,848,0,0.006,424,834,522,848,0.0013,424,834,522,848,0.0094,0.0944
002837,002837.jpg,714,960,0,0.3565,334,673,498,716,0.0252,273,670,501,715,0.0085,0.0936
002838,002838.jpg,640,640,0,0.2305,303,463,481,497,0.0583,276,453,414,488,0.0049,0.0837
002839,002839.jpg,891,1188,0,0.4085,412,641,661,697,0.101,214,628,395,661,0.0098,0.0896
002840,002840.jpg,640,640,0,0.5673,285,338,456,376,0.2884,309,305,447,340,0.0071,0.0863
002841,002841.jpg,780,1039,0,0.2048,357,441,533,490,0.0091,357,441,533,490,0.0103,0.0945
002842,002842.jpg,640,640,0,0.3461,280,282,422,333,0.0405,150,194,216,227,0.0059,0.0864
002843,002843.jpg,825,1101,0,0.4296,340,614,433,654,0.0043,340,616,434,655,0.0102,0.0905
002844,002844.jpg,640,640,0,0.6652,278,363,355,400,0.0069,275,361,356,402,0.0044,0.1056
002845,002845.jpg,1013,1351,0,0.4753,439,951,594,996,0.0088,439,951,595,996,0.0189,0.0978
002846,002846.jpg,640,640,0,0.6179,285,418,389,466,0.007,285,418,389,466,0.0064,0.0884
002847,002847.jpg,834,1111,0,0.6905,320,342,467,384,0.0341,318,345,465,386,0.017,0.0955
002848,002848.jpg,640,640,0,0.569,248,209,364,252,0.0227,248,209,364,252,0.0072,0.086
002849,002849.jpg,962,1283,0,0.6324,319,903,489,947,0.0161,324,905,488,944,0.0175,0.0907
002850,002850.jpg,640,640,0,0.6332,184,453,300,491,0.0179,184,453,300,491,0.0059,0.0882
002851,002851.jpg,1536,2048,0,0.6251,362,1275,693,1373,0.0116,362,1275,693,1373,0.0427,0.0837
002852,002852.jpg,640,640,0,0.4014,129,399,257,428,0.0144,127,397,259,428,0.0051,0.0806
002853,002853.jpg,763,1016,0,0.1968,196,603,364,642,0.0772,198,608,324,639,0.0103,0.1037
002854,002854.jpg,640,640,0,0.3636,553,213,639,259,0.0399,558,187,639,221,0.0069,0.1057
002855,002855.jpg,995,1327,0,0.6845,291,887,497,939,0.0165,294,890,497,942,0.024,0.1013
002856,002856.jpg,640,640,0,0.6497,192,400,327,442,0.0165,192,400,327,442,0.0052,0.0926
002857,002857.jpg,849,1133,0,0.7083,311,725,431,761,0.0354,311,725,430,762,0.013,0.0956
002858,002858.jpg,640,640,0,0.449,208,390,300,414,0.1475,208,389,296,413,0.0067,0.0967
002859,002859.jpg,635,846,0,0.7676,378,440,467,480,0.0241,375,437,474,483,0.0078,0.0929
002860,002860.jpg,640,640,0,0.6873,388,298,480,341,0.0884,385,296,482,342,0.0045,0.0902
002861,002861.jpg,764,974,0,0.3131,253,545,422,581,0.4703,256,513,424,550,0.0098,0.095
002862,002862.jpg,864,1152,0,0.6092,395,709,600,745,0.0619,389,710,599,745,0.0136,0.1087
002863,002863.jpg,640,640,0,0.1903,326,415,442,446,0.1,331,417,445,447,0.0074,0.1141
002864,002864.jpg,1512,2016,1,0.4579,604,1034,927,1104,0.3354,605,998,894,1046,0.0538,0.0913
002865,002865.jpg,640,640,0,0.2392,259,291,394,351,0.0266,258,285,396,341,0.0065,0.0823
002866,002866.jpg,1445,1927,0,0.5322,883,1081,1182,1153,0.2434,898,1040,1147,1088,0.0324,0.0864
002867,002867.jpg,640,640,0,0.324,358,356,489,393,0.0256,360,340,485,383,0.0071,0.0825
002868,002868.jpg,1536,2048,0,0.2949,588,613,1002,709,0.0079,587,608,1002,708,0.0438,0.0885
002869,002869.jpg,640,640,0,0.2662,274,190,441,225,0.0519,544,303,639,339,0.0062,0.0821
002870,002870.jpg,873,1164,0,0.8087,301,352,519,398,0.0303,314,315,462,356,0.0181,0.0981
002871,002871.jpg,640,640,0,0.1544,243,168,399,198,0.0186,274,145,390,177,0.0047,0.0907
002872,002872.jpg,795,1060,0,0.7815,167,543,319,584,0.0092,170,541,319,586,0.0156,0.1031
002873,002873.jpg,640,640,0,0.7792,159,333,281,365,0.0143,162,335,279,366,0.0074,0.0981
002874,002874.jpg,937,1248,0,0.6972,256,832,454,885,0.0183,258,835,459,888,0.0157,0.104
002875,002875.jpg,640,640,0,0.6254,191,420,327,457,0.0204,191,420,327,457,0.0056,0.0973
002876,002876.jpg,680,923,0,0.6676,277,665,443,717,0.0144,278,668,445,716,0.0137,0.1323
002877,002877.jpg,640,640,0,0.5999,231,464,391,510,0.0114,231,464,391,510,0.0065,0.0945
002878,002878.jpg,1011,1348,0,0.8448,226,386,413,430,0.009,225,386,410,432,0.0184,0.1164
002879,002879.jpg,640,640,0,0.5629,142,177,260,216,0.018,141,176,259,218,0.0046,0.0972
002880,002880.jpg,834,1112,0,0.6538,437,559,598,593,0.5573,438,527,595,562,0.016,0.1246
002881,002881.jpg,640,640,0,0.5006,314,298,433,325,0.4456,313,274,433,306,0.0092,0.1205
002882,002882.jpg,742,988,0,0.7379,302,336,470,374,0.0211,300,338,469,369,0.0105,0.1111
002883,002883.jpg,640,640,0,0.4858,270,236,415,271,0.0193,275,241,412,269,0.0079,0.0937
002884,002884.jpg,802,1069,0,0.5635,221,328,460,378,0.0237,221,326,461,380,0.0141,0.1072
002885,002885.jpg,640,640,0,0.4869,166,213,287,247,0.0161,166,213,287,247,0.0053,0.1187
002886,002886.jpg,898,1199,0,0.6255,313,771,450,821,0.015,315,773,447,818,0.014,0.1064
002887,002887.jpg,640,640,0,0.7808,236,415,330,453,0.0116,236,415,330,453,0.0075,0.0894
002888,002888.jpg,1004,1339,0,0.8542,283,428,449,478,0.0157,282,431,451,478,0.0185,0.1079
002889,002889.jpg,640,640,0,0.6529,207,184,307,221,0.0113,206,184,305,219,0.0056,0.1173
002890,002890.jpg,737,982,0,0.6211,201,658,372,703,0.0235,201,658,372,703,0.0107,0.1114
002891,002891.jpg,640,640,0,0.6874,168,403,314,454,0.0088,168,403,318,453,0.0054,0.0913
002892,002892.jpg,916,1221,0,0.6143,319,775,444,819,0.0823,320,775,441,820,0.0136,0.0969
002893,002893.jpg,640,640,0,0.5294,259,387,347,417,0.0138,258,386,346,418,0.0067,0.0858
002894,002894.jpg,788,1050,0,0.6361,339,662,501,712,0.0158,342,662,500,707,0.0116,0.094
002895,002895.jpg,640,640,0,0.7363,293,382,421,424,0.015,293,382,421,424,0.0071,0.0953
002896,002896.jpg,1342,1007,0,0.6851,782,413,1025,472,0.0126,778,409,1024,474,0.0174,0.0992
002897,002897.jpg,640,640,0,0.616,368,257,488,289,0.0155,369,255,488,289,0.0045,0.1033
002898,002898.jpg,873,1164,0,0.6174,271,381,520,440,0.0739,293,294,506,362,0.0172,0.1127
002899,002899.jpg,640,640,0,0.6299,182,228,353,264,0.0317,182,226,353,265,0.0044,0.0949
002900,002900.jpg,740,967,0,0.1698,299,368,393,422,0.0057,299,368,393,422,0.0091,0.0968
002901,002901.jpg,640,640,0,0.6453,271,241,401,290,0.0083,271,241,401,290,0.0045,0.1007
002902,002902.jpg,773,1031,0,0.6266,343,639,525,691,0.0118,343,639,525,691,0.0138,0.0949
002903,002903.jpg,640,640,0,0.6761,332,353,468,410,0.0118,329,353,466,413,0.0064,0.0885
002904,002904.jpg,1536,2048,0,0.1857,846,1038,1153,1136,0.0125,483,1000,916,1103,0.0457,0.0902
002905,002905.jpg,678,903,0,0.6121,193,571,375,609,0.1187,194,569,375,611,0.0105,0.0887
002906,002906.jpg,640,640,0,0.4087,198,380,378,414,0.0779,198,380,378,414,0.0039,0.0994
002907,002907.jpg,2048,1536,0,0.7505,1252,966,1527,1035,0.7922,1253,901,1530,967,0.0505,0.1065
002908,002908.jpg,640,640,0,0.3428,413,385,494,415,0.343,413,355,499,388,0.0106,0.0887
002909,002909.jpg,760,1013,0,0.6076,293,592,444,645,0.0177,293,592,444,645,0.0113,0.0951
002910,002910.jpg,640,640,0,0.7202,230,354,354,392,0.0228,230,354,354,392,0.0067,0.0967
002911,002911.jpg,1536,2048,0,0.6447,566,1112,820,1186,0.6936,519,1042,819,1114,0.0379,0.0917
002912,002912.jpg,640,640,0,0.5271,247,357,343,383,0.3321,246,330,345,360,0.0067,0.0859
002913,002913.jpg,1045,1394,0,0.6699,327,670,542,739,0.0101,327,670,542,739,0.0211,0.0965
002914,002914.jpg,640,640,0,0.6266,213,319,334,358,0.0157,213,319,334,358,0.0075,0.1142
002915,002915.jpg,881,1174,0,0.7596,225,313,395,362,0.0147,223,316,399,365,0.0146,0.1202
002916,002916.jpg,640,640,0,0.6541,180,147,311,196,0.0103,177,147,313,192,0.0102,0.1058
002917,002917.jpg,987,1316,0,0.6907,208,419,395,468,0.0347,207,422,395,468,0.0255,0.0891
002918,002918.jpg,640,640,0,0.5021,155,184,279,215,0.0385,154,183,278,214,0.0053,0.0904
002919,002919.jpg,848,1132,0,0.6136,359,673,579,729,0.0211,359,673,579,729,0.0144,0.1075
002920,002920.jpg,640,640,0,0.5647,295,397,457,428,0.0157,295,397,456,429,0.0065,0.096
002921,002921.jpg,1009,1345,0,0.6899,328,783,588,851,0.0148,330,779,586,854,0.0164,0.0962
002922,002922.jpg,640,640,0,0.6015,217,354,369,414,0.0094,235,355,369,417,0.0071,0.0863
002923,002923.jpg,1010,1347,0,0.7575,248,396,402,449,0.0549,250,395,398,452,0.0177,0.0902
002924,002924.jpg,640,640,0,0.4212,150,187,240,212,0.146,150,184,246,213,0.0062,0.0931
002925,002925.jpg,721,961,0,0.4312,155,292,347,333,0.0312,154,292,346,337,0.0125,0.1056
002926,002926.jpg,640,640,0,0.1252,149,194,321,230,0.0103,148,193,323,229,0.0072,0.1039
002927,002927.jpg,1536,2048,0,0.448,597,1292,891,1367,0.0158,607,1291,900,1367,0.0542,0.083
002928,002928.jpg,640,640,0,0.0854,275,391,362,415,0.017,288,394,364,415,0.0061,0.075
002929,002929.jpg,989,1318,0,0.5081,311,565,547,628,0.015,307,563,546,629,0.0187,0.0888
002930,002930.jpg,640,640,0,0.5327,208,259,362,305,0.0267,209,257,362,306,0.0046,0.0921
002931,002931.jpg,732,977,0,0.6513,302,508,399,550,0.0945,465,324,661,355,0.0108,0.0944
002932,002932.jpg,1057,1409,0,0.458,527,833,645,870,0.1108,525,833,647,870,0.0225,0.095
002933,002933.jpg,640,640,0,0.5347,321,366,394,386,0.0255,321,366,396,386,0.0046,0.0967
002934,002934.jpg,686,863,0,0.298,391,639,481,668,0.1398,395,640,482,667,0.0107,0.1073
002935,002935.jpg,640,640,0,0.3768,357,469,441,493,0.0261,357,469,439,494,0.0052,0.0942
002936,002936.jpg,825,1100,0,0.5965,290,696,478,752,0.0208,290,696,478,752,0.0135,0.1032
002937,002937.jpg,640,640,0,0.598,232,391,378,429,0.0306,232,391,378,429,0.0073,0.1072
002938,002938.jpg,874,1166,0,0.3384,450,858,667,910,0.04,533,815,693,866,0.0152,0.0934
002939,002939.jpg,886,1181,0,0.5067,317,888,445,929,0.0228,314,834,425,881,0.0144,0.0968
002940,002940.jpg,640,640,0,0.4821,203,446,327,494,0.0286,204,428,284,468,0.0061,0.0854
002941,002941.jpg,1126,828,0,0.192,646,248,770,283,0.0901,645,248,769,283,0.0123,0.0953
002942,002942.jpg,640,640,0,0.3074,371,210,453,242,0.0356,371,210,453,242,0.005,0.0856
002943,002943.jpg,547,850,0,0.8882,199,459,328,495,0.0166,198,460,329,496,0.0071,0.1136
002944,002944.jpg,640,640,0,0.5452,208,344,350,404,0.0104,207,344,354,402,0.005,0.1098
002945,002945.jpg,935,1247,0,0.7356,346,802,480,847,0.0469,347,803,487,847,0.0178,0.126
002946,002946.jpg,2048,1536,0,0.6536,1052,615,1279,691,0.0414,127,61,407,174,0.0493,0.131
002947,002947.jpg,640,640,0,0.4942,350,269,426,309,0.0066,345,264,430,312,0.0048,0.1126
002948,002948.jpg,756,1008,0,0.609,163,625,361,676,0.0168,161,625,359,675,0.0103,0.126
002949,002949.jpg,640,640,0,0.666,135,370,298,426,0.0068,135,370,298,426,0.0046,0.1136
002950,002950.jpg,1193,895,0,0.6919,678,502,861,556,0.0123,681,505,861,557,0.0141,0.128
002951,002951.jpg,640,640,0,0.5493,386,377,488,412,0.0115,386,377,488,412,0.0058,0.1169
002952,002952.jpg,1027,1370,0,0.7122,353,864,558,943,0.0123,353,864,558,943,0.0172,0.1267
002953,002953.jpg,901,1201,0,0.6087,354,839,536,902,0.0205,371,373,485,406,0.0158,0.1236
002954,002954.jpg,924,1086,0,0.6706,358,358,508,427,0.0127,357,360,509,427,0.014,0.1214
002955,002955.jpg,1449,1932,0,0.5656,209,1745,429,1814,0.0097,209,1749,434,1811,0.0407,0.0905
002956,002956.jpg,813,1084,0,0.8425,302,723,430,768,0.0107,304,723,432,773,0.0142,0.0799
002957,002957.jpg,640,640,0,0.4174,266,423,364,461,0.0067,268,422,365,460,0.0082,0.0888
002958,002958.jpg,758,1011,0,0.5962,266,771,391,810,0.0062,263,768,392,813,0.0122,0.0985
002959,002959.jpg,640,640,0,0.7889,242,496,345,532,0.0115,241,498,345,529,0.0061,0.1201
002960,002960.jpg,829,1107,0,0.7144,315,753,444,812,0.0114,316,752,443,818,0.0139,0.1025
002961,002961.jpg,786,1048,0,0.7034,305,347,482,404,0.0133,307,346,483,405,0.0137,0.0925
002962,002962.jpg,766,1021,0,0.5085,306,335,503,387,0.0147,303,332,507,389,0.0138,0.0833
002963,002963.jpg,775,1033,0,0.5263,316,641,518,700,0.0093,319,642,517,702,0.0139,0.0847
002964,002964.jpg,815,1087,0,0.6325,355,374,514,430,0.01,354,374,510,434,0.0133,0.0984
002965,002965.jpg,640,640,0,0.722,286,195,407,246,0.013,286,195,407,246,0.0083,0.0988
002966,002966.jpg,934,1246,0,0.4744,156,771,415,823,0.0292,156,771,415,823,0.0142,0.098
002967,002967.jpg,640,640,0,0.3099,86,386,270,417,0.0065,103,386,273,420,0.0057,0.0918
002968,002968.jpg,959,1278,0,0.6866,102,375,279,437,0.0142,105,379,275,428,0.0204,0.1116
002969,002969.jpg,953,1271,0,0.3256,187,327,368,389,0.0074,187,327,368,389,0.019,0.1236
002970,002970.jpg,1536,2048,0,0.2094,624,1281,929,1368,0.0042,631,1283,920,1380,0.052,0.094
002971,002971.jpg,640,640,0,0.1427,266,404,355,439,0.0044,266,404,355,439,0.0099,0.0836
002972,002972.jpg,1033,1378,0,0.8359,394,870,566,928,0.0234,397,872,565,926,0.0221,0.0902
002973,002973.jpg,640,640,0,0.6814,293,398,394,439,0.01,293,398,394,439,0.0045,0.0917
002974,002974.jpg,784,1046,0,0.3675,360,457,548,506,0.3608,360,453,546,506,0.0114,0.1116
002975,002975.jpg,640,640,0,0.3594,318,289,455,324,0.3704,315,256,466,294,0.0043,0.096
002976,002976.jpg,925,1233,0,0.6948,286,775,482,828,0.0128,287,777,482,830,0.0138,0.1147
002977,002977.jpg,640,640,0,0.6699,189,393,326,436,0.014,189,393,328,436,0.0069,0.1125
002978,002978.jpg,753,925,0,0.5245,269,722,401,773,0.0094,269,722,401,773,0.0127,0.1027
002979,002979.jpg,640,640,0,0.6082,246,490,351,531,0.0065,246,490,351,534,0.0061,0.0887
002980,002980.jpg,1536,2048,0,0.6768,576,1277,913,1390,0.0354,116,9,324,80,0.0459,0.0945
002981,002981.jpg,640,640,0,0.5033,233,371,362,423,0.0273,21,15,84,48,0.0074,0.1045
002982,002982.jpg,714,952,0,0.7372,199,387,345,434,0.0118,201,387,345,434,0.0136,0.0986
002983,002983.jpg,640,640,0,0.6624,192,241,316,279,0.0172,193,239,314,280,0.0078,0.105
002984,002984.jpg,856,1141,0,0.7421,251,712,440,775,0.0088,251,715,446,775,0.0161,0.1
002985,002985.jpg,640,640,0,0.6204,166,403,309,453,0.0077,166,403,309,453,0.0074,0.1091
002986,002986.jpg,760,1013,0,0.6959,268,644,430,691,0.0168,265,643,434,694,0.0126,0.1054
002987,002987.jpg,640,640,0,0.6261,216,398,353,452,0.0101,216,402,352,451,0.007,0.0913
002988,002988.jpg,804,1071,0,0.4243,265,711,528,768,0.012,263,709,533,768,0.0119,0.0973
002989,002989.jpg,640,640,0,0.2636,215,423,427,470,0.0059,225,427,427,469,0.005,0.0958
002990,002990.jpg,845,1152,0,0.6737,346,898,533,959,0.0312,176,126,297,156,0.0124,0.0954
002991,002991.jpg,640,640,0,0.6349,245,484,385,533,0.0101,245,484,385,533,0.0067,0.0906
002992,002992.jpg,1001,1335,0,0.7234,287,451,464,508,0.0123,285,446,459,515,0.0174,0.0958
002993,002993.jpg,708,944,0,0.7124,201,504,339,563,0.0104,203,504,342,562,0.0069,0.0928
002994,002994.jpg,1033,1378,0,0.7825,256,878,442,943,0.0126,255,876,441,950,0.0178,0.1092
002995,002995.jpg,640,640,0,0.7299,159,385,270,421,0.0128,159,384,269,422,0.0078,0.0995
002996,002996.jpg,937,1249,0,0.7848,322,403,552,459,0.0205,323,404,548,463,0.0174,0.1019
002997,002997.jpg,640,640,0,0.6435,211,185,361,222,0.0263,210,186,359,221,0.0048,0.0907
002998,002998.jpg,963,1283,0,0.7935,313,803,483,854,0.0091,315,803,486,862,0.0181,0.0976
002999,002999.jpg,640,640,0,0.7052,188,414,303,452,0.0127,190,417,303,453,0.0044,0.0917
003000,003000.jpg,865,1157,0,0.7832,352,712,554,783,0.0326,397,309,468,331,0.0164,0.1016
003001,003001.jpg,883,1177,0,0.6821,183,730,378,792,0.0119,183,730,378,792,0.0144,0.0961
003002,003002.jpg,1038,1385,0,0.6348,340,909,505,968,0.0078,341,912,502,968,0.0204,0.0878
003003,003003.jpg,792,1055,0,0.7273,230,319,401,375,0.0107,233,321,403,377,0.0138,0.1018
003004,003004.jpg,963,1284,0,0.4911,180,417,334,472,0.0062,177,416,337,479,0.0209,0.1193
003005,003005.jpg,640,640,0,0.4618,104,210,207,253,0.0069,104,210,207,253,0.0073,0.1202
003006,003006.jpg,871,1162,0,0.5633,284,396,477,459,0.0137,285,398,477,460,0.0153,0.0965
003007,003007.jpg,904,1205,0,0.7451,387,750,604,813,0.0149,391,754,603,814,0.0153,0.0918
003008,003008.jpg,1073,787,0,0.2686,647,292,763,341,0.0061,67,70,190,109,0.0127,0.0933
003009,003009.jpg,640,640,0,0.2054,381,245,448,279,0.0035,379,241,448,283,0.007,0.1039
003010,003010.jpg,1265,948,0,0.2688,1232,19,1265,111,0.0315,1226,0,1265,79,0.0199,0.0984
003011,003011.jpg,640,640,0,0.1806,409,370,487,411,0.0095,409,370,487,411,0.0066,0.098
003012,003012.jpg,1535,2048,0,0.5404,611,1307,863,1387,0.2427,608,1306,872,1385,0.0424,0.093
003013,003013.jpg,640,640,0,0.499,254,407,349,444,0.0262,253,407,361,444,0.0057,0.0911
003014,003014.jpg,640,640,0,0.1248,282,164,473,199,0.0107,281,151,474,200,0.0064,0.0904
003015,003015.jpg,843,1125,0,0.6447,153,700,376,764,0.0155,153,699,375,764,0.017,0.098
003016,003016.jpg,640,640,0,0.5425,131,371,299,409,0.0289,132,370,300,409,0.0065,0.0869
003017,003017.jpg,775,1033,0,0.6794,434,791,582,840,0.021,436,793,583,838,0.0132,0.0979
003018,003018.jpg,773,996,0,0.4832,218,574,459,618,0.0676,218,574,456,617,0.0134,0.0939
003019,003019.jpg,640,640,0,0.6186,171,371,330,420,0.012,171,371,328,417,0.0067,0.0883
003020,003020.jpg,678,966,0,0.7786,256,717,434,754,0.0298,254,714,434,757,0.0127,0.0944
003021,003021.jpg,640,640,0,0.5466,292,470,459,510,0.017,293,469,461,510,0.0065,0.1023
003022,003022.jpg,884,1178,0,0.6906,363,861,606,929,0.0367,363,858,604,928,0.0132,0.1029
003023,003023.jpg,640,640,0,0.5927,259,464,434,503,0.0267,260,464,440,504,0.0072,0.1039
003024,003024.jpg,890,1195,0,0.3191,294,395,554,446,0.3042,294,351,531,409,0.0124,0.0958
003025,003025.jpg,640,640,0,0.3022,203,188,388,226,0.1871,203,192,388,227,0.0074,0.0857
003026,003026.jpg,852,1136,0,0.6173,371,380,511,431,0.0092,370,376,520,436,0.0162,0.0868
003027,003027.jpg,908,600,0,0.451,608,481,763,509,0.3501,611,454,770,484,0.0094,0.0894
003028,003028.jpg,640,640,0,0.6194,367,482,494,516,0.0324,367,479,493,517,0.0046,0.1059
003029,003029.jpg,1130,847,0,0.608,473,534,669,583,0.0205,470,534,670,586,0.0159,0.1242
003030,003030.jpg,640,640,0,0.7384,268,399,386,438,0.014,267,396,385,439,0.0055,0.1099
003031,003031.jpg,1071,803,0,0.5317,291,341,434,392,0.0104,289,343,439,397,0.0145,0.1148
003032,003032.jpg,1212,909,0,0.3595,782,293,911,335,0.0486,782,293,917,335,0.0162,0.0948
003033,003033.jpg,924,693,0,0.262,161,397,366,449,0.0092,161,395,361,450,0.012,0.0844
003034,003034.jpg,640,640,0,0.4469,103,370,217,419,0.0053,120,362,231,425,0.0063,0.0867
003035,003035.jpg,1327,888,0,0.5469,791,476,1004,538,0.0165,791,475,1004,538,0.015,0.0994
003036,003036.jpg,640,640,0,0.7656,379,372,487,417,0.0119,379,372,487,417,0.0051,0.0931
003037,003037.jpg,1132,849,0,0.1515,333,359,484,414,0.005,332,361,490,417,0.0134,0.0954
003038,003038.jpg,640,640,0,0.414,200,274,294,314,0.0119,200,274,294,314,0.0047,0.0856
003039,003039.jpg,1100,825,0,0.5541,575,518,701,564,0.0072,575,516,699,571,0.0128,0.1014
003040,003040.jpg,640,640,0,0.1486,304,407,378,444,0.0035,304,407,378,444,0.0055,0.1049
003041,003041.jpg,762,1015,0,0.501,292,508,429,554,0.007,293,508,430,557,0.0149,0.1033
003042,003042.jpg,640,640,0,0.3866,269,321,385,351,0.0124,271,321,385,352,0.007,0.1047
003043,003043.jpg,1057,793,0,0.4791,99,261,254,310,0.0167,398,399,607,448,0.0147,0.0948
003044,003044.jpg,936,1247,0,0.6759,254,842,517,916,0.0216,256,841,515,917,0.0187,0.0831
003045,003045.jpg,640,640,0,0.5951,188,432,350,488,0.0103,197,432,346,487,0.0046,0.0824
003046,003046.jpg,1011,1348,0,0.6945,352,487,565,553,0.0211,352,487,565,553,0.017,0.0959
003047,003047.jpg,874,1165,0,0.5026,334,375,521,427,0.0134,334,375,521,427,0.0165,0.096
003048,003048.jpg,640,640,0,0.6656,228,189,358,239,0.0276,230,187,358,242,0.0047,0.0921
003049,003049.jpg,1222,937,0,0.2854,635,323,809,378,0.0047,635,323,809,378,0.0158,0.1189
003050,003050.jpg,640,640,0,0.4499,352,213,455,255,0.0077,352,213,455,255,0.0078,0.0924
003051,003051.jpg,1017,1356,0,0.6121,245,503,441,571,0.0107,247,504,441,576,0.0192,0.0976
003052,003052.jpg,640,640,0,0.7271,146,248,267,284,0.0118,146,246,269,284,0.0044,0.1057
003053,003053.jpg,1335,1001,0,0.2898,686,355,912,417,0.4961,686,351,918,415,0.0283,0.0949
003054,003054.jpg,640,640,0,0.5406,338,216,453,259,0.6091,337,215,456,259,0.0086,0.0873
003055,003055.jpg,878,1158,0,0.7081,372,197,547,262,0.0135,371,196,547,263,0.0132,0.0948
003056,003056.jpg,640,640,0,0.6516,269,115,395,152,0.0334,270,113,394,152,0.0062,0.0883
003057,003057.jpg,766,1022,0,0.7439,191,639,369,695,0.011,191,638,369,698,0.0119,0.1074
003058,003058.jpg,640,640,0,0.6245,136,390,279,456,0.0121,135,391,280,455,0.006,0.1231
003059,003059.jpg,891,1189,0,0.7176,235,748,444,815,0.0172,236,746,444,817,0.0173,0.1254
003060,003060.jpg,640,640,0,0.7122,165,407,313,454,0.0114,164,406,311,454,0.0074,0.1037
003061,003061.jpg,1169,1559,0,0.6395,466,988,679,1056,0.0092,382,913,689,996,0.029,0.088
003062,003062.jpg,640,640,0,0.4772,258,390,375,420,0.0552,254,352,375,393,0.0089,0.0875
003063,003063.jpg,1106,865,0,0.1669,294,583,388,606,0.0726,293,582,403,606,0.0143,0.0906
003064,003064.jpg,640,640,0,0.5539,314,241,456,295,0.0376,353,210,505,239,0.0067,0.0925
003065,003065.jpg,1049,1398,0,0.7321,327,711,514,784,0.0183,322,710,509,790,0.0281,0.0975
003066,003066.jpg,640,640,0,0.6052,203,312,308,358,0.014,205,310,329,358,0.0081,0.0937
003067,003067.jpg,1084,792,0,0.641,418,240,583,310,0.0117,418,240,583,310,0.0131,0.101
003068,003068.jpg,640,640,0,0.4898,235,197,335,251,0.0248,235,196,334,249,0.0069,0.1036
003069,003069.jpg,924,634,0,0.602,302,411,471,465,0.8515,304,368,471,415,0.0091,0.0982
003070,003070.jpg,640,640,0,0.6252,191,429,311,474,0.7348,193,386,314,429,0.0047,0.0922
003071,003071.jpg,756,1008,0,0.7249,349,559,476,601,0.0131,348,561,478,602,0.0123,0.0941
003072,003072.jpg,640,640,0,0.6782,312,354,419,395,0.0183,312,354,419,395,0.0075,0.0861
003073,003073.jpg,756,1008,0,0.5591,208,711,367,772,0.0132,208,711,367,772,0.0111,0.1016
003074,003074.jpg,640,640,0,0.5911,127,428,254,481,0.0115,127,428,254,481,0.0053,0.1069
003075,003075.jpg,717,1194,0,0.6691,195,933,396,1004,0.0172,195,933,396,1004,0.0149,0.1044
003076,003076.jpg,640,640,0,0.636,215,520,384,568,0.0201,217,521,381,568,0.0075,0.1071
003077,003077.jpg,756,1008,0,0.6419,102,557,300,621,0.0239,104,555,298,620,0.0137,0.1036
003078,003078.jpg,640,640,0,0.5143,92,340,257,386,0.0133,92,340,257,386,0.005,0.1333
003079,003079.jpg,756,1008,0,0.6802,335,662,572,724,0.0187,335,662,572,724,0.0116,0.1276
003080,003080.jpg,640,640,0,0.3296,260,421,454,490,0.0055,248,424,457,491,0.0046,0.1179
003081,003081.jpg,756,1008,0,0.746,301,679,512,740,0.8433,312,634,511,686,0.0135,0.12
003082,003082.jpg,640,640,0,0.6498,256,442,418,488,0.3712,252,400,420,452,0.0065,0.1165
003083,003083.jpg,756,1008,0,0.6295,255,604,428,673,0.0184,255,600,429,674,0.0115,0.1343
003084,003084.jpg,640,640,0,0.666,210,402,347,455,0.0133,210,402,347,455,0.0053,0.1316
003085,003085.jpg,688,919,0,0.8055,326,251,509,292,0.0328,330,252,512,294,0.009,0.1253
003086,003086.jpg,640,640,0,0.4727,283,146,447,198,0.0347,282,149,450,200,0.0059,0.1204
003087,003087.jpg,1008,756,0,0.5325,535,375,681,421,0.0421,533,380,767,426,0.0112,0.1266
003088,003088.jpg,640,640,0,0.3881,353,301,505,339,0.2996,354,302,504,339,0.0043,0.1185
003089,003089.jpg,787,475,0,0.6641,518,115,636,139,0.0342,517,115,638,139,0.0073,0.1059
003090,003090.jpg,640,640,0,0.556,413,129,520,165,0.0093,413,126,520,167,0.0053,0.0931
003091,003091.jpg,756,1008,0,0.2884,152,804,307,852,0.0094,152,804,307,852,0.0132,0.1093
003092,003092.jpg,640,640,0,0.4994,153,524,279,577,0.0086,155,522,282,582,0.0079,0.1043
003093,003093.jpg,602,805,0,0.842,225,653,367,690,0.0155,226,651,371,692,0.0079,0.1017
003094,003094.jpg,640,640,0,0.4097,201,514,349,568,0.0118,201,515,347,571,0.0041,0.0927
003095,003095.jpg,664,885,0,0.7328,263,169,400,214,0.0194,261,174,404,214,0.0102,0.1005
003096,003096.jpg,640,640,0,0.7129,261,118,390,149,0.0302,261,118,393,151,0.0057,0.1081
003097,003097.jpg,713,952,0,0.6648,158,192,358,249,0.0248,160,189,361,249,0.0116,0.1155
003098,003098.jpg,640,640,0,0.5556,155,142,321,184,0.0178,150,143,323,184,0.0056,0.1045
003099,003099.jpg,640,640,0,0.3726,157,493,314,533,0.0679,147,462,348,497,0.0049,0.0953
003100,003100.jpg,685,907,0,0.73,260,700,402,741,0.0477,255,668,400,700,0.009,0.1082
003101,003101.jpg,640,640,0,0.6618,265,468,396,506,0.37,268,433,395,465,0.0055,0.103
003102,003102.jpg,574,765,0,0.5525,103,598,296,646,0.0133,103,598,296,646,0.0079,0.1071
003103,003103.jpg,640,640,0,0.5351,129,505,270,550,0.0151,128,503,273,550,0.0049,0.0939
003104,003104.jpg,631,841,0,0.6892,233,596,370,639,0.0194,230,593,372,641,0.0083,0.0924
003105,003105.jpg,640,640,0,0.6821,255,420,391,481,0.0349,254,418,391,486,0.0054,0.0863
003106,003106.jpg,604,838,0,0.7067,126,626,258,670,0.0334,279,170,443,213,0.0068,0.092
003107,003107.jpg,640,640,0,0.624,128,467,262,510,0.0198,128,467,262,510,0.0042,0.1043
003108,003108.jpg,657,876,0,0.5456,289,608,432,648,0.0118,286,611,431,651,0.0111,0.0956
003109,003109.jpg,640,640,0,0.4908,276,438,416,473,0.0211,276,438,416,473,0.0057,0.0917
003110,003110.jpg,1512,2016,0,0.6348,424,945,742,1012,0.0719,413,949,756,1009,0.0508,0.0897
003111,003111.jpg,640,640,0,0.3793,155,272,289,345,0.0529,156,273,291,344,0.0043,0.0836
003112,003112.jpg,756,1008,0,0.8746,350,673,444,713,0.0319,351,674,443,713,0.0144,0.1027
003113,003113.jpg,640,640,0,0.7899,318,406,396,442,0.0124,319,408,399,439,0.0074,0.093
003114,003114.jpg,1512,2016,0,0.6083,636,1227,943,1296,0.5607,624,1165,930,1226,0.0408,0.0858
003115,003115.jpg,640,640,0,0.3009,285,403,408,435,0.3793,279,380,406,411,0.0067,0.0809
003116,003116.jpg,574,766,0,0.7528,207,618,356,665,0.0165,207,618,356,665,0.0072,0.0931
003117,003117.jpg,640,640,0,0.5984,213,499,382,543,0.0391,223,203,380,252,0.0055,0.0958
003118,003118.jpg,2016,1512,0,0.4139,822,731,1105,844,0.0071,822,731,1105,844,0.0423,0.0932
003119,003119.jpg,640,640,0,0.1412,259,290,355,341,0.0022,259,290,355,341,0.0088,0.0944
003120,003120.jpg,742,893,0,0.7716,179,604,302,640,0.0213,557,437,632,462,0.011,0.113
003121,003121.jpg,640,640,0,0.7196,139,409,248,452,0.0109,139,409,248,452,0.0055,0.1003
003122,003122.jpg,1536,2048,0,0.4915,342,1102,740,1182,0.3961,362,1057,745,1114,0.0441,0.0895
003123,003123.jpg,640,640,0,0.3099,438,315,544,363,0.0661,161,342,332,387,0.005,0.0855
003124,003124.jpg,756,1008,0,0.5535,230,120,404,163,0.0938,230,123,405,167,0.0115,0.0995
003125,003125.jpg,640,640,0,0.6412,210,69,351,102,0.0752,213,68,351,102,0.0076,0.0926
003126,003126.jpg,756,1008,0,0.6149,275,364,431,408,0.0113,274,361,432,412,0.0112,0.1117
003127,003127.jpg,640,640,0,0.4253,213,198,336,251,0.0099,213,196,341,249,0.0053,0.1057
003128,003128.jpg,756,1008,0,0.766,221,677,350,718,0.0125,224,678,352,723,0.0121,0.1019
003129,003129.jpg,640,640,0,0.5762,220,416,325,469,0.0071,219,416,324,466,0.0042,0.0917
003130,003130.jpg,586,1028,0,0.7415,191,691,392,740,0.023,190,688,395,740,0.0086,0.098
003131,003131.jpg,640,640,0,0.3091,216,416,432,458,0.0135,216,418,425,456,0.005,0.0932
003132,003132.jpg,756,1008,0,0.7083,88,223,264,269,0.0152,85,223,265,271,0.0121,0.0973
003133,003133.jpg,640,640,0,0.6397,51,160,200,199,0.0149,53,160,199,199,0.0063,0.0906
003134,003134.jpg,678,902,0,0.7684,195,671,342,711,0.0234,193,649,306,675,0.0107,0.093
003135,003135.jpg,640,640,0,0.5115,236,496,374,536,0.0151,234,497,374,537,0.0052,0.0889
003136,003136.jpg,602,860,0,0.5307,330,746,447,793,0.0158,73,39,151,58,0.0072,0.0924
003137,003137.jpg,640,640,0,0.5092,417,538,533,588,0.028,41,55,125,84,0.0049,0.1064
003138,003138.jpg,756,1008,0,0.8839,280,405,408,433,0.0125,279,405,403,433,0.0136,0.0955
003139,003139.jpg,640,640,0,0.841,266,246,370,276,0.0248,264,246,369,277,0.0074,0.0922
003140,003140.jpg,796,1062,0,0.6727,350,592,464,626,0.8971,346,561,462,591,0.0152,0.094
003141,003141.jpg,640,640,0,0.7667,294,353,386,381,0.8737,294,330,385,357,0.0069,0.086
003142,003142.jpg,891,1187,0,0.6803,338,722,514,775,0.6784,340,671,514,724,0.0136,0.0914
003143,003143.jpg,640,640,0,0.5944,227,385,355,424,0.4867,232,355,353,392,0.0066,0.0859
003144,003144.jpg,967,1289,0,0.4936,115,557,327,619,0.0145,115,559,330,618,0.0169,0.095
003145,003145.jpg,640,640,0,0.5217,89,259,187,294,0.0142,89,259,187,294,0.0049,0.1426
003146,003146.jpg,1049,1399,0,0.7622,332,784,550,825,0.0163,336,787,554,824,0.0219,0.1536
003147,003147.jpg,640,640,0,0.3687,207,372,322,397,0.091,183,372,324,394,0.0083,0.1552
003148,003148.jpg,816,1088,0,0.4562,292,487,430,531,0.0262,284,1059,443,1087,0.0151,0.1085
003149,003149.jpg,640,640,0,0.5753,211,276,326,315,0.0156,211,276,326,315,0.008,0.0927
003150,003150.jpg,935,1246,0,0.7741,258,738,445,786,0.0217,261,739,451,788,0.0172,0.097
003151,003151.jpg,640,640,0,0.5908,212,371,336,421,0.0101,212,371,335,422,0.0071,0.0955
003152,003152.jpg,867,1157,0,0.7383,276,721,430,757,0.0197,275,719,432,756,0.0142,0.0971
003153,003153.jpg,640,640,0,0.6341,204,380,320,401,0.0232,204,378,320,404,0.0056,0.1011
003154,003154.jpg,880,1173,0,0.7559,266,589,413,623,0.0403,265,591,403,622,0.0123,0.1048
003155,003155.jpg,640,640,0,0.7663,212,320,318,358,0.0188,214,324,315,357,0.0075,0.1058
003156,003156.jpg,756,1008,0,0.6935,297,605,451,659,0.0069,298,605,445,660,0.011,0.1236
003157,003157.jpg,640,640,0,0.7907,264,404,387,438,0.019,262,403,385,439,0.0051,0.103
003158,003158.jpg,773,1031,0,0.7653,265,576,448,629,0.0179,265,576,448,629,0.0106,0.1038
003159,003159.jpg,884,1177,0,0.0819,367,871,549,930,0.0057,326,266,600,333,0.0142,0.0968
003160,003160.jpg,1058,1411,0,0.6425,232,854,493,906,0.1961,240,852,499,910,0.0194,0.0992
003161,003161.jpg,1535,2048,0,0.3045,483,996,1011,1111,0.184,483,996,1011,1111,0.05,0.0824
003162,003162.jpg,1536,2048,0,0.2203,699,1300,934,1410,0.0344,552,1174,1155,1289,0.0304,0.0841
003163,003163.jpg,1181,886,0,0.7723,569,404,688,448,0.7421,575,348,696,400,0.0181,0.1023
003164,003164.jpg,1360,1020,0,0.4544,569,762,757,826,0.0082,569,762,757,826,0.033,0.1099
003165,003165.jpg,1536,2048,0,0.067,502,878,1009,989,0.0072,499,721,1010,891,0.0437,0.0909
003166,003166.jpg,774,1010,0,0.0957,352,37,521,97,0.0032,352,37,521,97,0.014,0.0975
003167,003167.jpg,1005,1340,0,0.2155,372,903,537,997,0.0091,399,809,517,870,0.0203,0.115
003168,003168.jpg,966,1288,0,0.4893,299,828,481,869,0.0907,301,827,480,869,0.0214,0.097
003169,003169.jpg,1045,784,0,0.3573,506,503,649,537,0.1157,503,502,650,536,0.0152,0.0952
003170,003170.jpg,1298,974,0,0.3713,543,648,711,689,0.1063,539,644,718,689,0.0204,0.0867
003171,003171.jpg,1506,2008,0,0.1995,311,1321,695,1406,0.3389,340,1319,711,1414,0.0456,0.0993
003172,003172.jpg,768,1025,0,0.488,191,666,345,706,0.128,190,664,347,707,0.0177,0.1063
003173,003173.jpg,1536,2048,0,0.4831,509,1314,817,1387,0.0247,515,1320,819,1379,0.0471,0.0931
003174,003174.jpg,1535,2048,0,0.2115,718,674,965,742,0.172,699,598,959,676,0.0397,0.0862
003175,003175.jpg,1197,897,0,0.6397,152,596,370,666,0.0153,152,596,370,666,0.0136,0.0872
003176,003176.jpg,801,1068,0,0.7431,273,678,427,731,0.0114,272,677,428,733,0.0145,0.1047
003177,003177.jpg,987,1316,0,0.771,270,839,467,902,0.0163,273,841,468,905,0.0206,0.0976
003178,003178.jpg,640,640,0,0.6646,177,410,299,445,0.0144,177,408,301,445,0.0051,0.0918
003179,003179.jpg,1064,781,0,0.7233,272,455,486,518,0.0318,275,457,487,512,0.0115,0.1122
003180,003180.jpg,640,640,0,0.6281,155,385,285,423,0.0218,156,384,283,423,0.0046,0.1049
003181,003181.jpg,1082,772,0,0.4927,317,224,479,266,0.017,312,225,483,272,0.0179,0.0948
003182,003182.jpg,640,640,0,0.631,383,145,502,198,0.0148,181,165,295,215,0.0077,0.092
003183,003183.jpg,640,640,0,0.63,230,402,390,455,0.0127,229,402,394,455,0.0059,0.1002
003184,003184.jpg,1536,2048,0,0.225,923,1174,1101,1259,0.0342,725,1173,1118,1263,0.04,0.0884
003185,003185.jpg,640,640,0,0.2959,318,382,436,409,0.2572,322,355,435,385,0.0069,0.0833
003186,003186.jpg,983,1311,0,0.5292,444,485,567,529,0.4863,452,446,570,483,0.018,0.0914
003187,003187.jpg,841,1121,0,0.7536,304,711,481,763,0.0177,303,709,487,768,0.0151,0.1
003188,003188.jpg,640,640,0,0.6591,199,404,328,445,0.0186,199,404,328,445,0.0057,0.125
003189,003189.jpg,1512,2016,1,0.386,1203,1744,1349,1787,0.0178,1208,1745,1363,1783,0.0474,0.1136
003190,003190.jpg,640,640,0,0.1846,317,372,379,398,0.0023,317,372,379,398,0.0044,0.0868
003191,003191.jpg,756,1008,0,0.5395,293,754,426,794,0.4209,293,714,434,758,0.0127,0.0924
003192,003192.jpg,640,640,0,0.3835,201,473,313,504,0.4083,204,447,315,478,0.0063,0.0967
003193,003193.jpg,979,1306,0,0.6818,373,400,549,472,0.0126,373,400,549,472,0.022,0.102
003194,003194.jpg,640,640,0,0.6632,239,191,348,239,0.0126,238,188,349,245,0.0072,0.0863
003195,003195.jpg,646,997,0,0.7282,290,339,447,391,0.0147,287,341,441,390,0.0099,0.0926
003196,003196.jpg,511,707,0,0.2626,203,347,274,378,0.0056,198,349,276,380,0.0065,0.0895
003197,003197.jpg,640,640,0,0.4332,221,327,342,360,0.068,222,302,340,331,0.0046,0.0999
003198,003198.jpg,980,1306,0,0.7155,489,839,616,886,0.0322,418,359,581,390,0.02,0.1013
003199,003199.jpg,640,640,0,0.4349,336,410,416,438,0.022,336,411,416,438,0.0076,0.0933
003200,003200.jpg,672,961,0,0.6508,229,454,360,505,0.0154,185,218,382,259,0.0106,0.0934
003201,003201.jpg,640,640,0,0.6701,203,295,326,346,0.0176,275,576,362,613,0.0069,0.0859
003202,003202.jpg,778,912,0,0.0474,329,552,488,600,0.0076,329,552,488,600,0.0087,0.0923
003203,003203.jpg,640,640,0,0.1089,225,420,328,460,0.1533,231,388,322,423,0.0066,0.0854
003204,003204.jpg,907,1209,0,0.6976,459,393,614,455,0.0169,462,395,614,449,0.0157,0.0946
003205,003205.jpg,640,640,0,0.7691,327,200,437,244,0.0118,326,199,437,245,0.0063,0.0855
003206,003206.jpg,736,903,0,0.6799,145,411,331,457,0.0247,144,408,331,461,0.0086,0.0957
003207,003207.jpg,809,1079,0,0.5731,215,546,445,611,0.0311,215,546,445,611,0.0152,0.11
003208,003208.jpg,640,640,0,0.281,193,313,361,379,0.0045,192,308,362,378,0.0072,0.0952
003209,003209.jpg,970,1293,0,0.513,325,869,573,927,0.0296,325,869,573,927,0.0175,0.1241
003210,003210.jpg,640,640,0,0.5556,210,436,380,475,0.023,210,434,370,473,0.0061,0.1328
003211,003211.jpg,1185,889,0,0.4544,539,300,794,353,0.0142,548,299,801,355,0.0143,0.1326
003212,003212.jpg,1411,1058,0,0.7051,308,495,527,542,0.4737,307,451,490,497,0.0218,0.1299
003213,003213.jpg,892,1195,0,0.0327,380,702,534,752,0.01,372,696,532,755,0.0183,0.1266
003214,003214.jpg,640,640,0,0.0073,214,355,302,381,0.0009,293,461,365,487,0.0051,0.1251
003215,003215.jpg,1058,1411,0,0.5189,585,867,884,934,0.0718,233,831,454,866,0.0272,0.1299
003216,003216.jpg,1058,1411,0,0.6625,575,1028,822,1109,0.0131,575,1028,822,1109,0.0214,0.1234
003217,003217.jpg,640,640,0,0.5407,380,462,525,502,0.0191,380,462,523,503,0.0073,0.1143
003218,003218.jpg,1058,1411,0,0.6684,565,1034,840,1117,0.0177,565,1034,840,1117,0.0212,0.1263
003219,003219.jpg,640,640,0,0.5698,319,452,480,491,0.0193,320,449,479,491,0.0047,0.0931
003220,003220.jpg,1058,1411,0,0.8222,397,311,635,379,0.057,396,250,629,312,0.0225,0.0945
003221,003221.jpg,640,640,0,0.127,290,429,466,490,0.0043,292,427,468,490,0.0052,0.0903
003222,003222.jpg,2016,1512,0,0.3416,1060,775,1387,848,0.0491,939,701,1329,786,0.0421,0.0995
003223,003223.jpg,640,640,0,0.5793,277,306,396,348,0.0886,277,306,396,348,0.0089,0.0873
003224,003224.jpg,1478,1970,0,0.0993,532,1230,765,1342,0.0339,539,1136,838,1243,0.0382,0.0956
003225,003225.jpg,640,640,0,0.2407,214,393,322,441,0.3163,219,359,319,402,0.0082,0.0877
003226,003226.jpg,1486,1981,0,0.7202,481,1235,904,1334,0.0219,481,1235,904,1334,0.0375,0.0869
003227,003227.jpg,640,640,0,0.6288,190,383,364,420,0.0206,189,384,361,421,0.0061,0.0838
003228,003228.jpg,640,640,0,0.196,167,424,272,443,0.211,170,425,273,442,0.0041,0.1133
003229,003229.jpg,1461,1948,0,0.3803,542,930,840,1026,0.3523,547,841,831,934,0.0366,0.1181
003230,003230.jpg,1291,1721,0,0.4235,244,844,564,914,0.0699,242,848,569,918,0.0243,0.1033
003231,003231.jpg,1254,1672,0,0.6574,418,519,705,614,0.0156,418,519,705,614,0.0264,0.1017
003232,003232.jpg,1536,2048,0,0.7593,532,642,882,751,0.0392,637,1347,915,1403,0.0567,0.09
003233,003233.jpg,640,640,0,0.7354,227,181,362,218,0.0265,229,180,362,218,0.0084,0.0949
003234,003234.jpg,1439,1919,0,0.4003,727,1334,916,1404,0.0044,729,1339,915,1404,0.0391,0.0987
003235,003235.jpg,640,640,0,0.1499,384,439,475,477,0.0019,381,434,493,477,0.0048,0.0861
003236,003236.jpg,1477,1969,0,0.5596,643,573,931,692,0.01,642,576,931,696,0.0365,0.0887
003237,003237.jpg,640,640,0,0.6734,277,196,398,235,0.0191,276,196,398,234,0.0085,0.0887
003238,003238.jpg,1230,1640,0,0.7711,511,1028,690,1076,0.7445,508,965,687,1017,0.0301,0.0973
003239,003239.jpg,1327,1771,0,0.808,490,1292,699,1338,0.7725,492,1245,702,1293,0.029,0.0997
003240,003240.jpg,640,640,0,0.2587,249,441,349,475,0.096,247,443,349,477,0.0094,0.0993
003241,003241.jpg,1412,1883,0,0.3332,465,1162,756,1231,0.4194,471,1117,754,1172,0.0296,0.0936
003242,003242.jpg,640,640,0,0.2438,206,380,333,410,0.0907,190,384,339,408,0.0045,0.0862
003243,003243.jpg,1896,1422,0,0.128,1109,874,1361,953,0.0332,1104,873,1349,954,0.0332,0.0902
003244,003244.jpg,640,640,0,0.0862,272,277,331,310,0.0029,267,273,334,315,0.008,0.0847
003245,003245.jpg,640,640,0,0.4132,451,182,599,233,0.0266,270,451,339,478,0.0051,0.0953
003246,003246.jpg,1653,1240,0,0.6138,438,468,682,544,0.0101,438,468,682,544,0.0265,0.1003
003247,003247.jpg,1260,1680,0,0.8525,422,1062,646,1118,0.0194,418,1068,655,1118,0.0235,0.0953
003248,003248.jpg,640,640,0,0.3591,242,397,356,428,0.0191,242,397,356,428,0.005,0.1068
003249,003249.jpg,1274,1698,0,0.6806,360,523,590,578,0.0167,368,521,585,574,0.0439,0.1162
003250,003250.jpg,640,640,0,0.4574,182,181,297,215,0.0125,180,182,299,217,0.0085,0.1052
003251,003251.jpg,1256,1675,0,0.52,573,1080,747,1146,0.2167,95,480,236,512,0.0299,0.0988
003252,003252.jpg,640,640,0,0.5816,269,400,361,441,0.0173,268,399,365,441,0.009,0.0964
003253,003253.jpg,1306,1741,0,0.3002,527,490,858,586,0.0133,527,490,858,586,0.0356,0.0934
003254,003254.jpg,1413,1884,0,0.6386,455,1160,738,1258,0.0085,455,1160,738,1258,0.0332,0.0869
003255,003255.jpg,640,640,0,0.6101,175,388,297,426,0.0205,175,388,297,426,0.0057,0.0851
003256,003256.jpg,1249,1666,0,0.488,567,1052,746,1104,0.0124,567,1052,747,1102,0.0381,0.1111
003257,003257.jpg,640,640,0,0.2054,300,383,418,414,0.0104,319,345,416,397,0.0072,0.1023
003258,003258.jpg,640,640,0,0.2093,202,177,316,211,0.0341,202,177,315,212,0.006,0.1024
003259,003259.jpg,1674,1255,0,0.2939,849,131,1039,197,0.0043,134,162,265,220,0.0298,0.0964
003260,003260.jpg,1726,1294,0,0.551,956,769,1393,868,0.0129,956,769,1393,868,0.0278,0.0854
003261,003261.jpg,640,640,0,0.5092,327,364,492,405,0.0167,328,363,493,404,0.008,0.0958
003262,003262.jpg,1477,1969,0,0.2613,607,1234,883,1299,0.0242,607,1229,879,1306,0.0381,0.0926
003263,003263.jpg,1858,1394,0,0.7018,1275,790,1503,856,0.0107,1280,792,1502,854,0.0382,0.0816
003264,003264.jpg,1436,1915,0,0.4131,574,1057,920,1162,0.0132,576,1056,918,1163,0.0273,0.0966
003265,003265.jpg,2043,1532,0,0.7914,785,443,1114,526,0.0173,789,447,1108,530,0.0368,0.0982
003266,003266.jpg,2031,1524,0,0.2542,1058,710,1314,768,0.4968,1011,649,1310,709,0.0445,0.0986
003267,003267.jpg,1880,1409,0,0.3065,1579,1037,1872,1163,0.0155,806,422,1084,477,0.0301,0.0893
003268,003268.jpg,640,640,0,0.5914,545,521,640,564,0.0254,545,522,639,565,0.0067,0.0859
003269,003269.jpg,1331,1775,0,0.7044,625,1244,928,1311,0.4162,650,1191,919,1255,0.0346,0.096
003270,003270.jpg,1695,1272,0,0.6825,800,619,1015,686,0.0864,699,401,1087,497,0.0253,0.0928
003271,003271.jpg,640,640,0,0.652,222,355,346,379,0.0282,226,354,343,382,0.0095,0.1111
003272,003272.jpg,1821,1366,0,0.6308,175,383,458,477,0.014,176,383,457,480,0.043,0.1359
003273,003273.jpg,640,640,0,0.5922,64,161,166,214,0.0334,222,482,359,517,0.0102,0.1218
003274,003274.jpg,1236,1649,0,0.57,566,942,743,999,0.2149,566,944,740,998,0.0345,0.1003
003275,003275.jpg,1455,1940,0,0.5069,358,1088,627,1178,0.0186,362,1084,627,1181,0.04,0.0826
003276,003276.jpg,1511,2015,0,0.1559,728,871,946,983,0.0219,728,871,946,983,0.0354,0.0813
003277,003277.jpg,1333,1777,0,0.2164,223,942,575,1039,0.0207,215,844,710,945,0.0281,0.0802
003278,003278.jpg,1094,1459,0,0.3798,410,1011,628,1074,0.2145,365,1006,640,1073,0.0175,0.0856
003279,003279.jpg,640,640,0,0.3406,275,412,404,462,0.2177,273,413,403,462,0.005,0.0962
003280,003280.jpg,640,640,0,0.1097,583,314,639,373,0.0103,253,408,326,428,0.0053,0.1094
003281,003281.jpg,1507,2009,0,0.7265,383,1250,698,1364,0.013,379,1248,698,1368,0.0458,0.0957
003282,003282.jpg,1536,2048,0,0.6328,518,1248,898,1388,0.0128,518,1248,898,1388,0.033,0.0864
003283,003283.jpg,1536,2048,0,0.8222,780,1286,1001,1345,0.0144,768,1287,1006,1343,0.0294,0.0843
003284,003284.jpg,640,640,0,0.7624,344,379,437,407,0.0221,343,381,438,407,0.0063,0.0811
003285,003285.jpg,1354,1806,0,0.6921,806,1228,1008,1289,0.569,807,1162,1008,1226,0.0336,0.0994
003286,003286.jpg,640,640,0,0.3254,362,470,457,509,0.2036,363,445,461,480,0.0053,0.0979
003287,003287.jpg,1791,1343,0,0.6945,978,621,1202,687,0.5978,977,554,1200,630,0.0326,0.0889
003288,003288.jpg,640,640,0,0.7499,328,318,411,348,0.8315,328,288,411,322,0.0053,0.0851
003289,003289.jpg,640,640,0,0.8778,393,335,474,365,0.6462,392,304,472,337,0.0058,0.1067
003290,003290.jpg,1254,1672,0,0.6086,411,1003,786,1093,0.0184,412,1003,787,1093,0.0314,0.1047
003291,003291.jpg,640,640,0,0.6239,196,375,384,413,0.0099,196,375,384,413,0.0072,0.1023
003292,003292.jpg,1505,2007,0,0.5821,471,1211,733,1294,0.0109,465,1205,730,1304,0.042,0.0882
003293,003293.jpg,640,640,0,0.5904,204,355,308,389,0.0143,204,354,309,389,0.008,0.0798
003294,003294.jpg,1484,1979,0,0.5297,633,1273,940,1342,0.0432,624,1276,940,1343,0.0381,0.0873
003295,003295.jpg,2016,1511,0,0.7335,1114,477,1465,545,0.5875,1131,425,1465,486,0.0353,0.0959
003296,003296.jpg,640,640,0,0.6718,359,217,471,258,0.4492,363,198,474,231,0.0102,0.0905
003297,003297.jpg,1329,1771,0,0.7282,630,542,840,627,0.0113,346,718,568,828,0.0293,0.102
003298,003298.jpg,640,640,0,0.4434,277,172,368,215,0.0092,104,257,245,305,0.0081,0.1075
003299,003299.jpg,1497,1996,0,0.4387,775,1335,992,1385,0.0826,778,1335,988,1385,0.0428,0.0982
003300,003300.jpg,1499,1999,0,0.6095,569,1301,787,1357,0.0684,1132,1557,1316,1608,0.0374,0.0876
003301,003301.jpg,1444,1927,0,0.7136,592,1188,799,1250,0.0258,594,1189,797,1247,0.0252,0.0838
003302,003302.jpg,1621,1240,0,0.5756,458,669,741,742,0.0173,456,668,742,747,0.0226,0.0825
003303,003303.jpg,640,640,0,0.0281,184,412,251,433,0.001,182,412,252,433,0.0072,0.0916
003304,003304.jpg,1924,1443,0,0.4573,1065,800,1287,859,0.2165,1068,749,1284,804,0.0391,0.0906
003305,003305.jpg,640,640,0,0.4238,337,370,418,403,0.3564,341,344,419,375,0.0038,0.0859
003306,003306.jpg,1387,1849,0,0.4613,814,151,1120,244,0.0126,714,288,917,342,0.0336,0.1015
003307,003307.jpg,640,640,0,0.402,346,0,487,59,0.0105,346,2,488,57,0.0064,0.0997
003308,003308.jpg,640,640,0,0.7106,83,515,231,561,0.5265,111,474,234,515,0.0082,0.0944
003309,003309.jpg,1572,2096,0,0.3318,447,1134,992,1242,0.5227,583,1020,990,1138,0.0537,0.0869
003310,003310.jpg,640,640,0,0.1874,207,385,336,430,0.035,238,320,386,365,0.0078,0.0767
003311,003311.jpg,1343,1791,0,0.0926,694,822,995,889,0.0562,628,814,908,897,0.0323,0.0902
003312,003312.jpg,640,640,0,0.0467,309,290,487,326,0.0082,309,290,487,326,0.0062,0.0859
003313,003313.jpg,1385,1847,0,0.6231,496,1196,774,1281,0.0135,496,1195,780,1270,0.0308,0.0923
003314,003314.jpg,640,640,0,0.2018,268,385,369,444,0.0095,328,143,468,179,0.0049,0.1003
003315,003315.jpg,1917,1437,0,0.8235,1226,815,1505,896,0.0122,1225,818,1511,909,0.0407,0.1125
003316,003316.jpg,1270,1695,0,0.4477,438,1106,720,1156,0.2444,416,1107,593,1151,0.0357,0.1044
003317,003317.jpg,640,640,0,0.1069,219,424,322,465,0.0097,176,423,268,450,0.0097,0.088
003318,003318.jpg,1284,1711,0,0.2952,446,911,811,1009,0.0528,450,905,798,1006,0.0284,0.0909
003319,003319.jpg,640,640,0,0.6168,212,404,327,455,0.0131,226,350,388,403,0.0067,0.0852
003320,003320.jpg,640,640,0,0.8038,391,273,470,308,0.0128,413,568,511,602,0.0048,0.0899
003321,003321.jpg,1249,1665,0,0.6555,439,1192,736,1275,0.0324,438,1191,742,1277,0.0263,0.0987
003322,003322.jpg,640,640,0,0.5516,199,467,356,509,0.0178,199,467,356,509,0.005,0.0886
003323,003323.jpg,1342,1868,0,0.3125,473,196,755,241,0.201,577,158,749,198,0.0334,0.098
003324,003324.jpg,1450,1933,0,0.1921,405,1614,792,1772,0.0359,406,1605,784,1710,0.0401,0.0881
003325,003325.jpg,640,640,0,0.029,158,540,352,612,0.0034,164,539,350,606,0.0078,0.0907
003326,003326.jpg,1373,1831,0,0.0244,1004,1573,1209,1629,0.0128,426,1307,728,1366,0.0332,0.0968
003327,003327.jpg,640,640,0,0.0547,325,568,408,609,0.0048,252,238,363,284,0.0077,0.0857
003328,003328.jpg,1501,2002,0,0.7617,514,1264,860,1372,0.0167,514,1264,860,1372,0.0335,0.0943
003329,003329.jpg,640,640,0,0.6729,232,401,370,451,0.0091,237,397,371,455,0.0049,0.0838
003330,003330.jpg,1536,2048,0,0.4834,628,1140,877,1223,0.0135,515,1135,883,1236,0.0417,0.0893
003331,003331.jpg,640,640,0,0.4444,286,367,382,397,0.0221,286,366,384,397,0.0087,0.0842
003332,003332.jpg,1311,1748,0,0.2826,582,783,814,867,0.0077,594,782,815,869,0.0292,0.1119
003333,003333.jpg,1451,1934,0,0.6163,515,823,911,933,0.0594,517,816,904,937,0.0363,0.0994
003334,003334.jpg,640,640,0,0.4332,218,260,389,308,0.0396,217,262,392,310,0.0086,0.1173
003335,003335.jpg,1866,1400,0,0.5801,452,479,841,586,0.0301,456,473,845,588,0.0414,0.1359
003336,003336.jpg,640,640,0,0.7438,297,227,407,269,0.0139,297,227,407,269,0.0091,0.1192
003337,003337.jpg,1416,1888,0,0.5147,377,1316,658,1423,0.0117,377,1316,656,1427,0.0445,0.1381
003338,003338.jpg,640,640,0,0.5273,133,436,258,482,0.0139,133,436,258,482,0.0095,0.1175
003339,003339.jpg,1349,1799,0,0.7614,587,1195,814,1248,0.0345,593,1198,815,1247,0.0376,0.1344
003340,003340.jpg,1536,2048,0,0.3899,421,1538,787,1638,0.0331,414,1529,783,1636,0.0495,0.1418
003341,003341.jpg,640,640,0,0.5513,135,464,285,515,0.0233,134,465,282,507,0.0105,0.1164
003342,003342.jpg,929,1239,0,0.6925,337,382,554,458,0.0146,330,971,587,1046,0.0173,0.1245
003343,003343.jpg,640,640,0,0.1212,215,554,306,591,0.0263,209,516,377,565,0.0068,0.1037
3344,3344.jpg,3024,4032,1,0.5312,1153,2295,1675,2475,0.0112,1152,2303,1681,2498,0.2002,0.1053
3345,3345.jpeg,3024,4032,1,0.7206,1201,1818,1694,2022,0.0173,1200,1822,1694,2007,0.1393,0.1049
3346,3346.jpeg,3024,4032,1,0.7713,1186,1797,1727,2013,0.0091,1185,1802,1738,2034,0.1097,0.1061
3347,3347.jpeg,3024,4032,1,0.1207,1328,1105,1669,1194,0.0141,1278,2252,1811,2441,0.0862,0.1049
3348,3348.jpeg,3024,4032,1,0.202,1041,2384,1715,2489,0.2844,1132,2376,1697,2483,0.0936,0.105
3349,3349.jpeg,3024,4032,1,0.0338,1342,1536,2019,1815,0.0099,2701,298,3018,372,0.0949,0.1142
3350,3350.jpeg,3024,4032,1,0.0827,1044,1082,1982,1331,0.0198,1061,1026,1987,1305,0.0999,0.1084
3351,3351.jpeg,3024,4032,1,0.2862,507,1516,1339,1736,0.0126,507,1510,1331,1734,0.1156,0.106
3352,3352.jpeg,3024,4032,1,0.2763,513,1710,1545,1923,0.0095,513,1710,1545,1923,0.0999,0.1048
